ts,evento_id,evento,mercado,punto,casa,seleccion,decimal
2026-09-27T14:04:27+00:00,8d968b3a9346c52d763b36a57a1cb74a,New York Yankees vs Baltimore Orioles,h2h,,DraftKings,Baltimore Orioles,2.0200
2026-09-27T14:04:27+00:00,8d968b3a9346c52d763b36a57a1cb74a,New York Yankees vs Baltimore Orioles,h2h,,DraftKings,New York Yankees,1.8100
2026-09-27T14:04:27+00:00,8d968b3a9346c52d763b36a57a1cb74a,New York Yankees vs Baltimore Orioles,h2h,,LowVig.ag,Baltimore Orioles,2.0400
2026-09-27T14:04:27+00:00,8d968b3a9346c52d763b36a57a1cb74a,New York Yankees vs Baltimore Orioles,h2h,,LowVig.ag,New York Yankees,1.8700
2026-09-27T14:04:27+00:00,8d968b3a9346c52d763b36a57a1cb74a,New York Yankees vs Baltimore Orioles,h2h,,BetOnline.ag,Baltimore Orioles,2.0400
2026-09-27T14:04:27+00:00,8d968b3a9346c52d763b36a57a1cb74a,New York Yankees vs Baltimore Orioles,h2h,,BetOnline.ag,New York Yankees,1.8700
2026-09-27T14:04:27+00:00,8d968b3a9346c52d763b36a57a1cb74a,New York Yankees vs Baltimore Orioles,h2h,,BetMGM,Baltimore Orioles,2.0000
2026-09-27T14:04:27+00:00,8d968b3a9346c52d763b36a57a1cb74a,New York Yankees vs Baltimore Orioles,h2h,,BetMGM,New York Yankees,1.8300
2026-09-27T14:04:27+00:00,8d968b3a9346c52d763b36a57a1cb74a,New York Yankees vs Baltimore Orioles,h2h,,FanDuel,Baltimore Orioles,2.0400
2026-09-27T14:04:27+00:00,8d968b3a9346c52d763b36a57a1cb74a,New York Yankees vs Baltimore Orioles,h2h,,FanDuel,New York Yankees,1.8200
2026-09-27T14:04:27+00:00,8d968b3a9346c52d763b36a57a1cb74a,New York Yankees vs Baltimore Orioles,h2h,,BetUS,Baltimore Orioles,2.0600
2026-09-27T14:04:27+00:00,8d968b3a9346c52d763b36a57a1cb74a,New York Yankees vs Baltimore Orioles,h2h,,BetUS,New York Yankees,1.8600
2026-09-27T14:04:27+00:00,8d968b3a9346c52d763b36a57a1cb74a,New York Yankees vs Baltimore Orioles,h2h,,MyBookie.ag,Baltimore Orioles,2.0300
2026-09-27T14:04:27+00:00,8d968b3a9346c52d763b36a57a1cb74a,New York Yankees vs Baltimore Orioles,h2h,,MyBookie.ag,New York Yankees,1.8300
2026-09-27T14:04:27+00:00,8d968b3a9346c52d763b36a57a1cb74a,New York Yankees vs Baltimore Orioles,h2h,,BetRivers,Baltimore Orioles,2.0200
2026-09-27T14:04:27+00:00,8d968b3a9346c52d763b36a57a1cb74a,New York Yankees vs Baltimore Orioles,h2h,,BetRivers,New York Yankees,1.8300
2026-09-27T14:04:27+00:00,8d968b3a9346c52d763b36a57a1cb74a,New York Yankees vs Baltimore Orioles,h2h,,Bovada,Baltimore Orioles,2.0000
2026-09-27T14:04:27+00:00,8d968b3a9346c52d763b36a57a1cb74a,New York Yankees vs Baltimore Orioles,h2h,,Bovada,New York Yankees,1.8300
2026-09-27T14:04:27+00:00,8d968b3a9346c52d763b36a57a1cb74a,New York Yankees vs Baltimore Orioles,spreads,1.5,DraftKings,Baltimore Orioles +1.5,1.4800
2026-09-27T14:04:27+00:00,8d968b3a9346c52d763b36a57a1cb74a,New York Yankees vs Baltimore Orioles,spreads,-1.5,DraftKings,New York Yankees -1.5,2.7000
2026-09-27T14:04:27+00:00,8d968b3a9346c52d763b36a57a1cb74a,New York Yankees vs Baltimore Orioles,spreads,1.5,LowVig.ag,Baltimore Orioles +1.5,1.4900
2026-09-27T14:04:27+00:00,8d968b3a9346c52d763b36a57a1cb74a,New York Yankees vs Baltimore Orioles,spreads,-1.5,LowVig.ag,New York Yankees -1.5,2.7900
2026-09-27T14:04:27+00:00,8d968b3a9346c52d763b36a57a1cb74a,New York Yankees vs Baltimore Orioles,spreads,1.5,BetOnline.ag,Baltimore Orioles +1.5,1.4900
2026-09-27T14:04:27+00:00,8d968b3a9346c52d763b36a57a1cb74a,New York Yankees vs Baltimore Orioles,spreads,-1.5,BetOnline.ag,New York Yankees -1.5,2.7700
2026-09-27T14:04:27+00:00,8d968b3a9346c52d763b36a57a1cb74a,New York Yankees vs Baltimore Orioles,spreads,1.5,BetMGM,Baltimore Orioles +1.5,1.4500
2026-09-27T14:04:27+00:00,8d968b3a9346c52d763b36a57a1cb74a,New York Yankees vs Baltimore Orioles,spreads,-1.5,BetMGM,New York Yankees -1.5,2.6500
2026-09-27T14:04:27+00:00,8d968b3a9346c52d763b36a57a1cb74a,New York Yankees vs Baltimore Orioles,spreads,1.5,FanDuel,Baltimore Orioles +1.5,1.4900
2026-09-27T14:04:27+00:00,8d968b3a9346c52d763b36a57a1cb74a,New York Yankees vs Baltimore Orioles,spreads,-1.5,FanDuel,New York Yankees -1.5,2.6800
2026-09-27T14:04:27+00:00,8d968b3a9346c52d763b36a57a1cb74a,New York Yankees vs Baltimore Orioles,spreads,1.5,BetUS,Baltimore Orioles +1.5,1.4900
2026-09-27T14:04:27+00:00,8d968b3a9346c52d763b36a57a1cb74a,New York Yankees vs Baltimore Orioles,spreads,-1.5,BetUS,New York Yankees -1.5,2.7600
2026-09-27T14:04:27+00:00,8d968b3a9346c52d763b36a57a1cb74a,New York Yankees vs Baltimore Orioles,spreads,-1.5,MyBookie.ag,Baltimore Orioles -1.5,2.7000
2026-09-27T14:04:27+00:00,8d968b3a9346c52d763b36a57a1cb74a,New York Yankees vs Baltimore Orioles,spreads,1.5,MyBookie.ag,New York Yankees +1.5,1.5000
2026-09-27T14:04:27+00:00,8d968b3a9346c52d763b36a57a1cb74a,New York Yankees vs Baltimore Orioles,spreads,1.5,BetRivers,Baltimore Orioles +1.5,1.5500
2026-09-27T14:04:27+00:00,8d968b3a9346c52d763b36a57a1cb74a,New York Yankees vs Baltimore Orioles,spreads,-1.5,BetRivers,New York Yankees -1.5,2.4800
2026-09-27T14:04:27+00:00,8d968b3a9346c52d763b36a57a1cb74a,New York Yankees vs Baltimore Orioles,spreads,1.5,Bovada,Baltimore Orioles +1.5,1.4800
2026-09-27T14:04:27+00:00,8d968b3a9346c52d763b36a57a1cb74a,New York Yankees vs Baltimore Orioles,spreads,-1.5,Bovada,New York Yankees -1.5,2.7500
2026-09-27T14:04:27+00:00,8d968b3a9346c52d763b36a57a1cb74a,New York Yankees vs Baltimore Orioles,totals,7.5,DraftKings,Over +7.5,2.0200
2026-09-27T14:04:27+00:00,8d968b3a9346c52d763b36a57a1cb74a,New York Yankees vs Baltimore Orioles,totals,7.5,DraftKings,Under +7.5,1.8200
2026-09-27T14:04:27+00:00,8d968b3a9346c52d763b36a57a1cb74a,New York Yankees vs Baltimore Orioles,totals,7.0,LowVig.ag,Over +7,1.8500
2026-09-27T14:04:27+00:00,8d968b3a9346c52d763b36a57a1cb74a,New York Yankees vs Baltimore Orioles,totals,7.0,LowVig.ag,Under +7,2.0300
2026-09-27T14:04:27+00:00,8d968b3a9346c52d763b36a57a1cb74a,New York Yankees vs Baltimore Orioles,totals,7.0,BetOnline.ag,Over +7,1.8300
2026-09-27T14:04:27+00:00,8d968b3a9346c52d763b36a57a1cb74a,New York Yankees vs Baltimore Orioles,totals,7.0,BetOnline.ag,Under +7,2.0000
2026-09-27T14:04:27+00:00,8d968b3a9346c52d763b36a57a1cb74a,New York Yankees vs Baltimore Orioles,totals,7.5,BetMGM,Over +7.5,2.0500
2026-09-27T14:04:27+00:00,8d968b3a9346c52d763b36a57a1cb74a,New York Yankees vs Baltimore Orioles,totals,7.5,BetMGM,Under +7.5,1.8000
2026-09-27T14:04:27+00:00,8d968b3a9346c52d763b36a57a1cb74a,New York Yankees vs Baltimore Orioles,totals,7.5,FanDuel,Over +7.5,2.0400
2026-09-27T14:04:27+00:00,8d968b3a9346c52d763b36a57a1cb74a,New York Yankees vs Baltimore Orioles,totals,7.5,FanDuel,Under +7.5,1.7800
2026-09-27T14:04:27+00:00,8d968b3a9346c52d763b36a57a1cb74a,New York Yankees vs Baltimore Orioles,totals,7.5,BetUS,Over +7.5,2.0000
2026-09-27T14:04:27+00:00,8d968b3a9346c52d763b36a57a1cb74a,New York Yankees vs Baltimore Orioles,totals,7.5,BetUS,Under +7.5,1.8300
2026-09-27T14:04:27+00:00,8d968b3a9346c52d763b36a57a1cb74a,New York Yankees vs Baltimore Orioles,totals,7.5,MyBookie.ag,Over +7.5,2.0100
2026-09-27T14:04:27+00:00,8d968b3a9346c52d763b36a57a1cb74a,New York Yankees vs Baltimore Orioles,totals,7.5,MyBookie.ag,Under +7.5,1.8100
2026-09-27T14:04:27+00:00,8d968b3a9346c52d763b36a57a1cb74a,New York Yankees vs Baltimore Orioles,totals,7.5,BetRivers,Over +7.5,2.0000
2026-09-27T14:04:27+00:00,8d968b3a9346c52d763b36a57a1cb74a,New York Yankees vs Baltimore Orioles,totals,7.5,BetRivers,Under +7.5,1.8200
2026-09-27T14:04:27+00:00,8d968b3a9346c52d763b36a57a1cb74a,New York Yankees vs Baltimore Orioles,totals,7.5,Bovada,Over +7.5,2.0500
2026-09-27T14:04:27+00:00,8d968b3a9346c52d763b36a57a1cb74a,New York Yankees vs Baltimore Orioles,totals,7.5,Bovada,Under +7.5,1.8000
2026-09-27T14:04:27+00:00,f915dd93e407b20c3b8693fa226d6bf6,Washington Nationals vs New York Mets,h2h,,DraftKings,New York Mets,1.9100
2026-09-27T14:04:27+00:00,f915dd93e407b20c3b8693fa226d6bf6,Washington Nationals vs New York Mets,h2h,,DraftKings,Washington Nationals,1.9200
2026-09-27T14:04:27+00:00,f915dd93e407b20c3b8693fa226d6bf6,Washington Nationals vs New York Mets,h2h,,BetOnline.ag,New York Mets,1.9300
2026-09-27T14:04:27+00:00,f915dd93e407b20c3b8693fa226d6bf6,Washington Nationals vs New York Mets,h2h,,BetOnline.ag,Washington Nationals,1.9700
2026-09-27T14:04:27+00:00,f915dd93e407b20c3b8693fa226d6bf6,Washington Nationals vs New York Mets,h2h,,LowVig.ag,New York Mets,1.9300
2026-09-27T14:04:27+00:00,f915dd93e407b20c3b8693fa226d6bf6,Washington Nationals vs New York Mets,h2h,,LowVig.ag,Washington Nationals,1.9700
2026-09-27T14:04:27+00:00,f915dd93e407b20c3b8693fa226d6bf6,Washington Nationals vs New York Mets,h2h,,BetMGM,New York Mets,1.9100
2026-09-27T14:04:27+00:00,f915dd93e407b20c3b8693fa226d6bf6,Washington Nationals vs New York Mets,h2h,,BetMGM,Washington Nationals,1.9100
2026-09-27T14:04:27+00:00,f915dd93e407b20c3b8693fa226d6bf6,Washington Nationals vs New York Mets,h2h,,FanDuel,New York Mets,1.9100
2026-09-27T14:04:27+00:00,f915dd93e407b20c3b8693fa226d6bf6,Washington Nationals vs New York Mets,h2h,,FanDuel,Washington Nationals,1.9400
2026-09-27T14:04:27+00:00,f915dd93e407b20c3b8693fa226d6bf6,Washington Nationals vs New York Mets,h2h,,BetUS,New York Mets,1.9300
2026-09-27T14:04:27+00:00,f915dd93e407b20c3b8693fa226d6bf6,Washington Nationals vs New York Mets,h2h,,BetUS,Washington Nationals,1.9700
2026-09-27T14:04:27+00:00,f915dd93e407b20c3b8693fa226d6bf6,Washington Nationals vs New York Mets,h2h,,Bovada,New York Mets,1.8900
2026-09-27T14:04:27+00:00,f915dd93e407b20c3b8693fa226d6bf6,Washington Nationals vs New York Mets,h2h,,Bovada,Washington Nationals,1.9300
2026-09-27T14:04:27+00:00,f915dd93e407b20c3b8693fa226d6bf6,Washington Nationals vs New York Mets,h2h,,BetRivers,New York Mets,1.8700
2026-09-27T14:04:27+00:00,f915dd93e407b20c3b8693fa226d6bf6,Washington Nationals vs New York Mets,h2h,,BetRivers,Washington Nationals,1.9600
2026-09-27T14:04:27+00:00,f915dd93e407b20c3b8693fa226d6bf6,Washington Nationals vs New York Mets,h2h,,MyBookie.ag,New York Mets,1.9300
2026-09-27T14:04:27+00:00,f915dd93e407b20c3b8693fa226d6bf6,Washington Nationals vs New York Mets,h2h,,MyBookie.ag,Washington Nationals,1.9200
2026-09-27T14:04:27+00:00,f915dd93e407b20c3b8693fa226d6bf6,Washington Nationals vs New York Mets,spreads,-1.5,DraftKings,New York Mets -1.5,2.4900
2026-09-27T14:04:27+00:00,f915dd93e407b20c3b8693fa226d6bf6,Washington Nationals vs New York Mets,spreads,1.5,DraftKings,Washington Nationals +1.5,1.5500
2026-09-27T14:04:27+00:00,f915dd93e407b20c3b8693fa226d6bf6,Washington Nationals vs New York Mets,spreads,-1.5,BetOnline.ag,New York Mets -1.5,2.5300
2026-09-27T14:04:27+00:00,f915dd93e407b20c3b8693fa226d6bf6,Washington Nationals vs New York Mets,spreads,1.5,BetOnline.ag,Washington Nationals +1.5,1.5700
2026-09-27T14:04:27+00:00,f915dd93e407b20c3b8693fa226d6bf6,Washington Nationals vs New York Mets,spreads,-1.5,LowVig.ag,New York Mets -1.5,2.5400
2026-09-27T14:04:27+00:00,f915dd93e407b20c3b8693fa226d6bf6,Washington Nationals vs New York Mets,spreads,1.5,LowVig.ag,Washington Nationals +1.5,1.5700
2026-09-27T14:04:27+00:00,f915dd93e407b20c3b8693fa226d6bf6,Washington Nationals vs New York Mets,spreads,-1.5,BetMGM,New York Mets -1.5,2.5000
2026-09-27T14:04:27+00:00,f915dd93e407b20c3b8693fa226d6bf6,Washington Nationals vs New York Mets,spreads,1.5,BetMGM,Washington Nationals +1.5,1.5400
2026-09-27T14:04:27+00:00,f915dd93e407b20c3b8693fa226d6bf6,Washington Nationals vs New York Mets,spreads,-1.5,FanDuel,New York Mets -1.5,2.5200
2026-09-27T14:04:27+00:00,f915dd93e407b20c3b8693fa226d6bf6,Washington Nationals vs New York Mets,spreads,1.5,FanDuel,Washington Nationals +1.5,1.5400
2026-09-27T14:04:27+00:00,f915dd93e407b20c3b8693fa226d6bf6,Washington Nationals vs New York Mets,spreads,-1.5,BetUS,New York Mets -1.5,2.5200
2026-09-27T14:04:27+00:00,f915dd93e407b20c3b8693fa226d6bf6,Washington Nationals vs New York Mets,spreads,1.5,BetUS,Washington Nationals +1.5,1.5700
2026-09-27T14:04:27+00:00,f915dd93e407b20c3b8693fa226d6bf6,Washington Nationals vs New York Mets,spreads,-1.5,Bovada,New York Mets -1.5,2.5000
2026-09-27T14:04:27+00:00,f915dd93e407b20c3b8693fa226d6bf6,Washington Nationals vs New York Mets,spreads,1.5,Bovada,Washington Nationals +1.5,1.5700
2026-09-27T14:04:27+00:00,f915dd93e407b20c3b8693fa226d6bf6,Washington Nationals vs New York Mets,spreads,-1.5,BetRivers,New York Mets -1.5,2.3500
2026-09-27T14:04:27+00:00,f915dd93e407b20c3b8693fa226d6bf6,Washington Nationals vs New York Mets,spreads,1.5,BetRivers,Washington Nationals +1.5,1.6100
2026-09-27T14:04:27+00:00,f915dd93e407b20c3b8693fa226d6bf6,Washington Nationals vs New York Mets,spreads,-1.5,MyBookie.ag,New York Mets -1.5,2.5300
2026-09-27T14:04:27+00:00,f915dd93e407b20c3b8693fa226d6bf6,Washington Nationals vs New York Mets,spreads,1.5,MyBookie.ag,Washington Nationals +1.5,1.5500
2026-09-27T14:04:27+00:00,f915dd93e407b20c3b8693fa226d6bf6,Washington Nationals vs New York Mets,totals,8.0,DraftKings,Over +8,1.8600
2026-09-27T14:04:27+00:00,f915dd93e407b20c3b8693fa226d6bf6,Washington Nationals vs New York Mets,totals,8.0,DraftKings,Under +8,1.9600
2026-09-27T14:04:27+00:00,f915dd93e407b20c3b8693fa226d6bf6,Washington Nationals vs New York Mets,totals,8.0,BetOnline.ag,Over +8,1.8700
2026-09-27T14:04:27+00:00,f915dd93e407b20c3b8693fa226d6bf6,Washington Nationals vs New York Mets,totals,8.0,BetOnline.ag,Under +8,1.9500
2026-09-27T14:04:27+00:00,f915dd93e407b20c3b8693fa226d6bf6,Washington Nationals vs New York Mets,totals,8.0,LowVig.ag,Over +8,1.8800
2026-09-27T14:04:27+00:00,f915dd93e407b20c3b8693fa226d6bf6,Washington Nationals vs New York Mets,totals,8.0,LowVig.ag,Under +8,1.9800
2026-09-27T14:04:27+00:00,f915dd93e407b20c3b8693fa226d6bf6,Washington Nationals vs New York Mets,totals,8.5,BetMGM,Over +8.5,2.0000
2026-09-27T14:04:27+00:00,f915dd93e407b20c3b8693fa226d6bf6,Washington Nationals vs New York Mets,totals,8.5,BetMGM,Under +8.5,1.8300
2026-09-27T14:04:27+00:00,f915dd93e407b20c3b8693fa226d6bf6,Washington Nationals vs New York Mets,totals,8.5,FanDuel,Over +8.5,1.9800
2026-09-27T14:04:27+00:00,f915dd93e407b20c3b8693fa226d6bf6,Washington Nationals vs New York Mets,totals,8.5,FanDuel,Under +8.5,1.8300
2026-09-27T14:04:27+00:00,f915dd93e407b20c3b8693fa226d6bf6,Washington Nationals vs New York Mets,totals,8.0,BetUS,Over +8,1.8700
2026-09-27T14:04:27+00:00,f915dd93e407b20c3b8693fa226d6bf6,Washington Nationals vs New York Mets,totals,8.0,BetUS,Under +8,1.9500
2026-09-27T14:04:27+00:00,f915dd93e407b20c3b8693fa226d6bf6,Washington Nationals vs New York Mets,totals,8.5,Bovada,Over +8.5,1.9500
2026-09-27T14:04:27+00:00,f915dd93e407b20c3b8693fa226d6bf6,Washington Nationals vs New York Mets,totals,8.5,Bovada,Under +8.5,1.8700
2026-09-27T14:04:27+00:00,f915dd93e407b20c3b8693fa226d6bf6,Washington Nationals vs New York Mets,totals,8.0,BetRivers,Over +8,1.8000
2026-09-27T14:04:27+00:00,f915dd93e407b20c3b8693fa226d6bf6,Washington Nationals vs New York Mets,totals,8.0,BetRivers,Under +8,1.8800
2026-09-27T14:04:27+00:00,f915dd93e407b20c3b8693fa226d6bf6,Washington Nationals vs New York Mets,totals,8.0,MyBookie.ag,Over +8,1.8500
2026-09-27T14:04:27+00:00,f915dd93e407b20c3b8693fa226d6bf6,Washington Nationals vs New York Mets,totals,8.0,MyBookie.ag,Under +8,1.9600
2026-09-27T14:04:27+00:00,7b589a322a1e421d031d8b1abb24d911,Philadelphia Phillies vs Tampa Bay Rays,h2h,,DraftKings,Philadelphia Phillies,1.5900
2026-09-27T14:04:27+00:00,7b589a322a1e421d031d8b1abb24d911,Philadelphia Phillies vs Tampa Bay Rays,h2h,,DraftKings,Tampa Bay Rays,2.4000
2026-09-27T14:04:27+00:00,7b589a322a1e421d031d8b1abb24d911,Philadelphia Phillies vs Tampa Bay Rays,h2h,,LowVig.ag,Philadelphia Phillies,1.5800
2026-09-27T14:04:27+00:00,7b589a322a1e421d031d8b1abb24d911,Philadelphia Phillies vs Tampa Bay Rays,h2h,,LowVig.ag,Tampa Bay Rays,2.5500
2026-09-27T14:04:27+00:00,7b589a322a1e421d031d8b1abb24d911,Philadelphia Phillies vs Tampa Bay Rays,h2h,,BetOnline.ag,Philadelphia Phillies,1.5800
2026-09-27T14:04:27+00:00,7b589a322a1e421d031d8b1abb24d911,Philadelphia Phillies vs Tampa Bay Rays,h2h,,BetOnline.ag,Tampa Bay Rays,2.5500
2026-09-27T14:04:27+00:00,7b589a322a1e421d031d8b1abb24d911,Philadelphia Phillies vs Tampa Bay Rays,h2h,,BetMGM,Philadelphia Phillies,1.5900
2026-09-27T14:04:27+00:00,7b589a322a1e421d031d8b1abb24d911,Philadelphia Phillies vs Tampa Bay Rays,h2h,,BetMGM,Tampa Bay Rays,2.4000
2026-09-27T14:04:27+00:00,7b589a322a1e421d031d8b1abb24d911,Philadelphia Phillies vs Tampa Bay Rays,h2h,,BetUS,Philadelphia Phillies,1.6000
2026-09-27T14:04:27+00:00,7b589a322a1e421d031d8b1abb24d911,Philadelphia Phillies vs Tampa Bay Rays,h2h,,BetUS,Tampa Bay Rays,2.4800
2026-09-27T14:04:27+00:00,7b589a322a1e421d031d8b1abb24d911,Philadelphia Phillies vs Tampa Bay Rays,h2h,,FanDuel,Philadelphia Phillies,1.6100
2026-09-27T14:04:27+00:00,7b589a322a1e421d031d8b1abb24d911,Philadelphia Phillies vs Tampa Bay Rays,h2h,,FanDuel,Tampa Bay Rays,2.3800
2026-09-27T14:04:27+00:00,7b589a322a1e421d031d8b1abb24d911,Philadelphia Phillies vs Tampa Bay Rays,h2h,,Bovada,Philadelphia Phillies,1.5700
2026-09-27T14:04:27+00:00,7b589a322a1e421d031d8b1abb24d911,Philadelphia Phillies vs Tampa Bay Rays,h2h,,Bovada,Tampa Bay Rays,2.4400
2026-09-27T14:04:27+00:00,7b589a322a1e421d031d8b1abb24d911,Philadelphia Phillies vs Tampa Bay Rays,h2h,,BetRivers,Philadelphia Phillies,1.5700
2026-09-27T14:04:27+00:00,7b589a322a1e421d031d8b1abb24d911,Philadelphia Phillies vs Tampa Bay Rays,h2h,,BetRivers,Tampa Bay Rays,2.4000
2026-09-27T14:04:27+00:00,7b589a322a1e421d031d8b1abb24d911,Philadelphia Phillies vs Tampa Bay Rays,h2h,,MyBookie.ag,Philadelphia Phillies,1.5800
2026-09-27T14:04:27+00:00,7b589a322a1e421d031d8b1abb24d911,Philadelphia Phillies vs Tampa Bay Rays,h2h,,MyBookie.ag,Tampa Bay Rays,2.4500
2026-09-27T14:04:27+00:00,7b589a322a1e421d031d8b1abb24d911,Philadelphia Phillies vs Tampa Bay Rays,spreads,-1.5,DraftKings,Philadelphia Phillies -1.5,2.3900
2026-09-27T14:04:27+00:00,7b589a322a1e421d031d8b1abb24d911,Philadelphia Phillies vs Tampa Bay Rays,spreads,1.5,DraftKings,Tampa Bay Rays +1.5,1.6000
2026-09-27T14:04:27+00:00,7b589a322a1e421d031d8b1abb24d911,Philadelphia Phillies vs Tampa Bay Rays,spreads,-1.5,LowVig.ag,Philadelphia Phillies -1.5,2.3600
2026-09-27T14:04:27+00:00,7b589a322a1e421d031d8b1abb24d911,Philadelphia Phillies vs Tampa Bay Rays,spreads,1.5,LowVig.ag,Tampa Bay Rays +1.5,1.6500
2026-09-27T14:04:27+00:00,7b589a322a1e421d031d8b1abb24d911,Philadelphia Phillies vs Tampa Bay Rays,spreads,-1.5,BetOnline.ag,Philadelphia Phillies -1.5,2.3500
2026-09-27T14:04:27+00:00,7b589a322a1e421d031d8b1abb24d911,Philadelphia Phillies vs Tampa Bay Rays,spreads,1.5,BetOnline.ag,Tampa Bay Rays +1.5,1.6500
2026-09-27T14:04:27+00:00,7b589a322a1e421d031d8b1abb24d911,Philadelphia Phillies vs Tampa Bay Rays,spreads,-1.5,BetMGM,Philadelphia Phillies -1.5,2.3500
2026-09-27T14:04:27+00:00,7b589a322a1e421d031d8b1abb24d911,Philadelphia Phillies vs Tampa Bay Rays,spreads,1.5,BetMGM,Tampa Bay Rays +1.5,1.6100
2026-09-27T14:04:27+00:00,7b589a322a1e421d031d8b1abb24d911,Philadelphia Phillies vs Tampa Bay Rays,spreads,-1.5,BetUS,Philadelphia Phillies -1.5,2.4400
2026-09-27T14:04:27+00:00,7b589a322a1e421d031d8b1abb24d911,Philadelphia Phillies vs Tampa Bay Rays,spreads,1.5,BetUS,Tampa Bay Rays +1.5,1.6100
2026-09-27T14:04:27+00:00,7b589a322a1e421d031d8b1abb24d911,Philadelphia Phillies vs Tampa Bay Rays,spreads,-1.5,FanDuel,Philadelphia Phillies -1.5,2.5000
2026-09-27T14:04:27+00:00,7b589a322a1e421d031d8b1abb24d911,Philadelphia Phillies vs Tampa Bay Rays,spreads,1.5,FanDuel,Tampa Bay Rays +1.5,1.5500
2026-09-27T14:04:27+00:00,7b589a322a1e421d031d8b1abb24d911,Philadelphia Phillies vs Tampa Bay Rays,spreads,-1.5,Bovada,Philadelphia Phillies -1.5,2.4000
2026-09-27T14:04:27+00:00,7b589a322a1e421d031d8b1abb24d911,Philadelphia Phillies vs Tampa Bay Rays,spreads,1.5,Bovada,Tampa Bay Rays +1.5,1.6100
2026-09-27T14:04:27+00:00,7b589a322a1e421d031d8b1abb24d911,Philadelphia Phillies vs Tampa Bay Rays,spreads,-1.5,BetRivers,Philadelphia Phillies -1.5,2.2000
2026-09-27T14:04:27+00:00,7b589a322a1e421d031d8b1abb24d911,Philadelphia Phillies vs Tampa Bay Rays,spreads,1.5,BetRivers,Tampa Bay Rays +1.5,1.6800
2026-09-27T14:04:27+00:00,7b589a322a1e421d031d8b1abb24d911,Philadelphia Phillies vs Tampa Bay Rays,spreads,-1.5,MyBookie.ag,Philadelphia Phillies -1.5,2.4000
2026-09-27T14:04:27+00:00,7b589a322a1e421d031d8b1abb24d911,Philadelphia Phillies vs Tampa Bay Rays,spreads,1.5,MyBookie.ag,Tampa Bay Rays +1.5,1.6000
2026-09-27T14:04:27+00:00,7b589a322a1e421d031d8b1abb24d911,Philadelphia Phillies vs Tampa Bay Rays,totals,6.5,DraftKings,Over +6.5,1.8500
2026-09-27T14:04:27+00:00,7b589a322a1e421d031d8b1abb24d911,Philadelphia Phillies vs Tampa Bay Rays,totals,6.5,DraftKings,Under +6.5,1.9800
2026-09-27T14:04:27+00:00,7b589a322a1e421d031d8b1abb24d911,Philadelphia Phillies vs Tampa Bay Rays,totals,6.5,LowVig.ag,Over +6.5,1.8800
2026-09-27T14:04:27+00:00,7b589a322a1e421d031d8b1abb24d911,Philadelphia Phillies vs Tampa Bay Rays,totals,6.5,LowVig.ag,Under +6.5,1.9800
2026-09-27T14:04:27+00:00,7b589a322a1e421d031d8b1abb24d911,Philadelphia Phillies vs Tampa Bay Rays,totals,6.5,BetOnline.ag,Over +6.5,1.8700
2026-09-27T14:04:27+00:00,7b589a322a1e421d031d8b1abb24d911,Philadelphia Phillies vs Tampa Bay Rays,totals,6.5,BetOnline.ag,Under +6.5,1.9500
2026-09-27T14:04:27+00:00,7b589a322a1e421d031d8b1abb24d911,Philadelphia Phillies vs Tampa Bay Rays,totals,6.5,BetMGM,Over +6.5,1.8500
2026-09-27T14:04:27+00:00,7b589a322a1e421d031d8b1abb24d911,Philadelphia Phillies vs Tampa Bay Rays,totals,6.5,BetMGM,Under +6.5,1.9800
2026-09-27T14:04:27+00:00,7b589a322a1e421d031d8b1abb24d911,Philadelphia Phillies vs Tampa Bay Rays,totals,6.5,BetUS,Over +6.5,1.8700
2026-09-27T14:04:27+00:00,7b589a322a1e421d031d8b1abb24d911,Philadelphia Phillies vs Tampa Bay Rays,totals,6.5,BetUS,Under +6.5,1.9500
2026-09-27T14:04:27+00:00,7b589a322a1e421d031d8b1abb24d911,Philadelphia Phillies vs Tampa Bay Rays,totals,6.5,FanDuel,Over +6.5,1.8500
2026-09-27T14:04:27+00:00,7b589a322a1e421d031d8b1abb24d911,Philadelphia Phillies vs Tampa Bay Rays,totals,6.5,FanDuel,Under +6.5,1.9600
2026-09-27T14:04:27+00:00,7b589a322a1e421d031d8b1abb24d911,Philadelphia Phillies vs Tampa Bay Rays,totals,6.5,Bovada,Over +6.5,1.8300
2026-09-27T14:04:27+00:00,7b589a322a1e421d031d8b1abb24d911,Philadelphia Phillies vs Tampa Bay Rays,totals,6.5,Bovada,Under +6.5,2.0000
2026-09-27T14:04:27+00:00,7b589a322a1e421d031d8b1abb24d911,Philadelphia Phillies vs Tampa Bay Rays,totals,6.5,BetRivers,Over +6.5,1.8700
2026-09-27T14:04:27+00:00,7b589a322a1e421d031d8b1abb24d911,Philadelphia Phillies vs Tampa Bay Rays,totals,6.5,BetRivers,Under +6.5,1.9400
2026-09-27T14:04:27+00:00,7b589a322a1e421d031d8b1abb24d911,Philadelphia Phillies vs Tampa Bay Rays,totals,6.5,MyBookie.ag,Over +6.5,1.8700
2026-09-27T14:04:27+00:00,7b589a322a1e421d031d8b1abb24d911,Philadelphia Phillies vs Tampa Bay Rays,totals,6.5,MyBookie.ag,Under +6.5,1.9400
2026-09-27T14:04:27+00:00,d7e09d96fa17b2224743a3a15f5562c7,Athletics vs Houston Astros,h2h,,FanDuel,Athletics,2.6000
2026-09-27T14:04:27+00:00,d7e09d96fa17b2224743a3a15f5562c7,Athletics vs Houston Astros,h2h,,FanDuel,Houston Astros,1.5300
2026-09-27T14:04:27+00:00,d7e09d96fa17b2224743a3a15f5562c7,Athletics vs Houston Astros,h2h,,BetRivers,Athletics,2.5500
2026-09-27T14:04:27+00:00,d7e09d96fa17b2224743a3a15f5562c7,Athletics vs Houston Astros,h2h,,BetRivers,Houston Astros,1.5400
2026-09-27T14:04:27+00:00,d7e09d96fa17b2224743a3a15f5562c7,Athletics vs Houston Astros,h2h,,DraftKings,Athletics,2.5800
2026-09-27T14:04:27+00:00,d7e09d96fa17b2224743a3a15f5562c7,Athletics vs Houston Astros,h2h,,DraftKings,Houston Astros,1.5200
2026-09-27T14:04:27+00:00,d7e09d96fa17b2224743a3a15f5562c7,Athletics vs Houston Astros,h2h,,LowVig.ag,Athletics,2.6500
2026-09-27T14:04:27+00:00,d7e09d96fa17b2224743a3a15f5562c7,Athletics vs Houston Astros,h2h,,LowVig.ag,Houston Astros,1.5500
2026-09-27T14:04:27+00:00,d7e09d96fa17b2224743a3a15f5562c7,Athletics vs Houston Astros,h2h,,BetOnline.ag,Athletics,2.6500
2026-09-27T14:04:27+00:00,d7e09d96fa17b2224743a3a15f5562c7,Athletics vs Houston Astros,h2h,,BetOnline.ag,Houston Astros,1.5500
2026-09-27T14:04:27+00:00,d7e09d96fa17b2224743a3a15f5562c7,Athletics vs Houston Astros,h2h,,BetMGM,Athletics,2.5400
2026-09-27T14:04:27+00:00,d7e09d96fa17b2224743a3a15f5562c7,Athletics vs Houston Astros,h2h,,BetMGM,Houston Astros,1.5300
2026-09-27T14:04:27+00:00,d7e09d96fa17b2224743a3a15f5562c7,Athletics vs Houston Astros,h2h,,Bovada,Athletics,2.6000
2026-09-27T14:04:27+00:00,d7e09d96fa17b2224743a3a15f5562c7,Athletics vs Houston Astros,h2h,,Bovada,Houston Astros,1.5100
2026-09-27T14:04:27+00:00,d7e09d96fa17b2224743a3a15f5562c7,Athletics vs Houston Astros,h2h,,MyBookie.ag,Athletics,2.5400
2026-09-27T14:04:27+00:00,d7e09d96fa17b2224743a3a15f5562c7,Athletics vs Houston Astros,h2h,,MyBookie.ag,Houston Astros,1.5500
2026-09-27T14:04:27+00:00,d7e09d96fa17b2224743a3a15f5562c7,Athletics vs Houston Astros,h2h,,BetUS,Athletics,2.5900
2026-09-27T14:04:27+00:00,d7e09d96fa17b2224743a3a15f5562c7,Athletics vs Houston Astros,h2h,,BetUS,Houston Astros,1.5500
2026-09-27T14:04:27+00:00,d7e09d96fa17b2224743a3a15f5562c7,Athletics vs Houston Astros,spreads,1.5,FanDuel,Athletics +1.5,1.9800
2026-09-27T14:04:27+00:00,d7e09d96fa17b2224743a3a15f5562c7,Athletics vs Houston Astros,spreads,-1.5,FanDuel,Houston Astros -1.5,1.8500
2026-09-27T14:04:27+00:00,d7e09d96fa17b2224743a3a15f5562c7,Athletics vs Houston Astros,spreads,1.5,BetRivers,Athletics +1.5,2.0000
2026-09-27T14:04:27+00:00,d7e09d96fa17b2224743a3a15f5562c7,Athletics vs Houston Astros,spreads,-1.5,BetRivers,Houston Astros -1.5,1.8200
2026-09-27T14:04:27+00:00,d7e09d96fa17b2224743a3a15f5562c7,Athletics vs Houston Astros,spreads,1.5,DraftKings,Athletics +1.5,1.9900
2026-09-27T14:04:27+00:00,d7e09d96fa17b2224743a3a15f5562c7,Athletics vs Houston Astros,spreads,-1.5,DraftKings,Houston Astros -1.5,1.8400
2026-09-27T14:04:27+00:00,d7e09d96fa17b2224743a3a15f5562c7,Athletics vs Houston Astros,spreads,1.5,LowVig.ag,Athletics +1.5,2.0300
2026-09-27T14:04:27+00:00,d7e09d96fa17b2224743a3a15f5562c7,Athletics vs Houston Astros,spreads,-1.5,LowVig.ag,Houston Astros -1.5,1.8500
2026-09-27T14:04:27+00:00,d7e09d96fa17b2224743a3a15f5562c7,Athletics vs Houston Astros,spreads,1.5,BetOnline.ag,Athletics +1.5,2.0000
2026-09-27T14:04:27+00:00,d7e09d96fa17b2224743a3a15f5562c7,Athletics vs Houston Astros,spreads,-1.5,BetOnline.ag,Houston Astros -1.5,1.8300
2026-09-27T14:04:27+00:00,d7e09d96fa17b2224743a3a15f5562c7,Athletics vs Houston Astros,spreads,1.5,BetMGM,Athletics +1.5,2.0000
2026-09-27T14:04:27+00:00,d7e09d96fa17b2224743a3a15f5562c7,Athletics vs Houston Astros,spreads,-1.5,BetMGM,Houston Astros -1.5,1.8300
2026-09-27T14:04:27+00:00,d7e09d96fa17b2224743a3a15f5562c7,Athletics vs Houston Astros,spreads,1.5,Bovada,Athletics +1.5,2.0000
2026-09-27T14:04:27+00:00,d7e09d96fa17b2224743a3a15f5562c7,Athletics vs Houston Astros,spreads,-1.5,Bovada,Houston Astros -1.5,1.8300
2026-09-27T14:04:27+00:00,d7e09d96fa17b2224743a3a15f5562c7,Athletics vs Houston Astros,spreads,1.5,MyBookie.ag,Athletics +1.5,2.0200
2026-09-27T14:04:27+00:00,d7e09d96fa17b2224743a3a15f5562c7,Athletics vs Houston Astros,spreads,-1.5,MyBookie.ag,Houston Astros -1.5,1.8400
2026-09-27T14:04:27+00:00,d7e09d96fa17b2224743a3a15f5562c7,Athletics vs Houston Astros,spreads,1.5,BetUS,Athletics +1.5,2.0000
2026-09-27T14:04:27+00:00,d7e09d96fa17b2224743a3a15f5562c7,Athletics vs Houston Astros,spreads,-1.5,BetUS,Houston Astros -1.5,1.8300
2026-09-27T14:04:27+00:00,d7e09d96fa17b2224743a3a15f5562c7,Athletics vs Houston Astros,totals,9.5,FanDuel,Over +9.5,1.8300
2026-09-27T14:04:27+00:00,d7e09d96fa17b2224743a3a15f5562c7,Athletics vs Houston Astros,totals,9.5,FanDuel,Under +9.5,1.9800
2026-09-27T14:04:27+00:00,d7e09d96fa17b2224743a3a15f5562c7,Athletics vs Houston Astros,totals,10.0,BetRivers,Over +10,1.8100
2026-09-27T14:04:27+00:00,d7e09d96fa17b2224743a3a15f5562c7,Athletics vs Houston Astros,totals,10.0,BetRivers,Under +10,1.8500
2026-09-27T14:04:27+00:00,d7e09d96fa17b2224743a3a15f5562c7,Athletics vs Houston Astros,totals,10.0,DraftKings,Over +10,1.9500
2026-09-27T14:04:27+00:00,d7e09d96fa17b2224743a3a15f5562c7,Athletics vs Houston Astros,totals,10.0,DraftKings,Under +10,1.8800
2026-09-27T14:04:27+00:00,d7e09d96fa17b2224743a3a15f5562c7,Athletics vs Houston Astros,totals,10.0,LowVig.ag,Over +10,1.9800
2026-09-27T14:04:27+00:00,d7e09d96fa17b2224743a3a15f5562c7,Athletics vs Houston Astros,totals,10.0,LowVig.ag,Under +10,1.8800
2026-09-27T14:04:27+00:00,d7e09d96fa17b2224743a3a15f5562c7,Athletics vs Houston Astros,totals,10.0,BetOnline.ag,Over +10,1.9500
2026-09-27T14:04:27+00:00,d7e09d96fa17b2224743a3a15f5562c7,Athletics vs Houston Astros,totals,10.0,BetOnline.ag,Under +10,1.8700
2026-09-27T14:04:27+00:00,d7e09d96fa17b2224743a3a15f5562c7,Athletics vs Houston Astros,totals,10.0,BetMGM,Over +10,1.9500
2026-09-27T14:04:27+00:00,d7e09d96fa17b2224743a3a15f5562c7,Athletics vs Houston Astros,totals,10.0,BetMGM,Under +10,1.8000
2026-09-27T14:04:27+00:00,d7e09d96fa17b2224743a3a15f5562c7,Athletics vs Houston Astros,totals,10.0,Bovada,Over +10,1.9100
2026-09-27T14:04:27+00:00,d7e09d96fa17b2224743a3a15f5562c7,Athletics vs Houston Astros,totals,10.0,Bovada,Under +10,1.9100
2026-09-27T14:04:27+00:00,d7e09d96fa17b2224743a3a15f5562c7,Athletics vs Houston Astros,totals,10.0,MyBookie.ag,Over +10,1.9300
2026-09-27T14:04:27+00:00,d7e09d96fa17b2224743a3a15f5562c7,Athletics vs Houston Astros,totals,10.0,MyBookie.ag,Under +10,1.8800
2026-09-27T14:04:27+00:00,d7e09d96fa17b2224743a3a15f5562c7,Athletics vs Houston Astros,totals,10.0,BetUS,Over +10,1.9500
2026-09-27T14:04:27+00:00,d7e09d96fa17b2224743a3a15f5562c7,Athletics vs Houston Astros,totals,10.0,BetUS,Under +10,1.8700
2026-09-27T14:04:27+00:00,eb299a5d0d8335166d9e1e71c9f27482,Boston Red Sox vs Chicago Cubs,h2h,,FanDuel,Boston Red Sox,2.0400
2026-09-27T14:04:27+00:00,eb299a5d0d8335166d9e1e71c9f27482,Boston Red Sox vs Chicago Cubs,h2h,,FanDuel,Chicago Cubs,1.8200
2026-09-27T14:04:27+00:00,eb299a5d0d8335166d9e1e71c9f27482,Boston Red Sox vs Chicago Cubs,h2h,,BetRivers,Boston Red Sox,2.0500
2026-09-27T14:04:27+00:00,eb299a5d0d8335166d9e1e71c9f27482,Boston Red Sox vs Chicago Cubs,h2h,,BetRivers,Chicago Cubs,1.8000
2026-09-27T14:04:27+00:00,eb299a5d0d8335166d9e1e71c9f27482,Boston Red Sox vs Chicago Cubs,h2h,,DraftKings,Boston Red Sox,2.0400
2026-09-27T14:04:27+00:00,eb299a5d0d8335166d9e1e71c9f27482,Boston Red Sox vs Chicago Cubs,h2h,,DraftKings,Chicago Cubs,1.8000
2026-09-27T14:04:27+00:00,eb299a5d0d8335166d9e1e71c9f27482,Boston Red Sox vs Chicago Cubs,h2h,,Bovada,Boston Red Sox,2.0300
2026-09-27T14:04:27+00:00,eb299a5d0d8335166d9e1e71c9f27482,Boston Red Sox vs Chicago Cubs,h2h,,Bovada,Chicago Cubs,1.8100
2026-09-27T14:04:27+00:00,eb299a5d0d8335166d9e1e71c9f27482,Boston Red Sox vs Chicago Cubs,h2h,,BetMGM,Boston Red Sox,2.0000
2026-09-27T14:04:27+00:00,eb299a5d0d8335166d9e1e71c9f27482,Boston Red Sox vs Chicago Cubs,h2h,,BetMGM,Chicago Cubs,1.8300
2026-09-27T14:04:27+00:00,eb299a5d0d8335166d9e1e71c9f27482,Boston Red Sox vs Chicago Cubs,h2h,,BetUS,Boston Red Sox,2.0500
2026-09-27T14:04:27+00:00,eb299a5d0d8335166d9e1e71c9f27482,Boston Red Sox vs Chicago Cubs,h2h,,BetUS,Chicago Cubs,1.8700
2026-09-27T14:04:27+00:00,eb299a5d0d8335166d9e1e71c9f27482,Boston Red Sox vs Chicago Cubs,spreads,1.5,FanDuel,Boston Red Sox +1.5,1.6000
2026-09-27T14:04:27+00:00,eb299a5d0d8335166d9e1e71c9f27482,Boston Red Sox vs Chicago Cubs,spreads,-1.5,FanDuel,Chicago Cubs -1.5,2.3800
2026-09-27T14:04:27+00:00,eb299a5d0d8335166d9e1e71c9f27482,Boston Red Sox vs Chicago Cubs,spreads,1.5,BetRivers,Boston Red Sox +1.5,1.6100
2026-09-27T14:04:27+00:00,eb299a5d0d8335166d9e1e71c9f27482,Boston Red Sox vs Chicago Cubs,spreads,-1.5,BetRivers,Chicago Cubs -1.5,2.3500
2026-09-27T14:04:27+00:00,eb299a5d0d8335166d9e1e71c9f27482,Boston Red Sox vs Chicago Cubs,spreads,1.5,DraftKings,Boston Red Sox +1.5,1.6000
2026-09-27T14:04:27+00:00,eb299a5d0d8335166d9e1e71c9f27482,Boston Red Sox vs Chicago Cubs,spreads,-1.5,DraftKings,Chicago Cubs -1.5,2.3800
2026-09-27T14:04:27+00:00,eb299a5d0d8335166d9e1e71c9f27482,Boston Red Sox vs Chicago Cubs,spreads,1.5,Bovada,Boston Red Sox +1.5,1.6100
2026-09-27T14:04:27+00:00,eb299a5d0d8335166d9e1e71c9f27482,Boston Red Sox vs Chicago Cubs,spreads,-1.5,Bovada,Chicago Cubs -1.5,2.4000
2026-09-27T14:04:27+00:00,eb299a5d0d8335166d9e1e71c9f27482,Boston Red Sox vs Chicago Cubs,spreads,1.5,BetMGM,Boston Red Sox +1.5,1.6100
2026-09-27T14:04:27+00:00,eb299a5d0d8335166d9e1e71c9f27482,Boston Red Sox vs Chicago Cubs,spreads,-1.5,BetMGM,Chicago Cubs -1.5,2.3500
2026-09-27T14:04:27+00:00,eb299a5d0d8335166d9e1e71c9f27482,Boston Red Sox vs Chicago Cubs,spreads,1.5,BetUS,Boston Red Sox +1.5,1.6100
2026-09-27T14:04:27+00:00,eb299a5d0d8335166d9e1e71c9f27482,Boston Red Sox vs Chicago Cubs,spreads,-1.5,BetUS,Chicago Cubs -1.5,2.4400
2026-09-27T14:04:27+00:00,eb299a5d0d8335166d9e1e71c9f27482,Boston Red Sox vs Chicago Cubs,totals,7.5,FanDuel,Over +7.5,1.9100
2026-09-27T14:04:27+00:00,eb299a5d0d8335166d9e1e71c9f27482,Boston Red Sox vs Chicago Cubs,totals,7.5,FanDuel,Under +7.5,1.9100
2026-09-27T14:04:27+00:00,eb299a5d0d8335166d9e1e71c9f27482,Boston Red Sox vs Chicago Cubs,totals,7.5,BetRivers,Over +7.5,1.8500
2026-09-27T14:04:27+00:00,eb299a5d0d8335166d9e1e71c9f27482,Boston Red Sox vs Chicago Cubs,totals,7.5,BetRivers,Under +7.5,1.9600
2026-09-27T14:04:27+00:00,eb299a5d0d8335166d9e1e71c9f27482,Boston Red Sox vs Chicago Cubs,totals,7.5,DraftKings,Over +7.5,1.9100
2026-09-27T14:04:27+00:00,eb299a5d0d8335166d9e1e71c9f27482,Boston Red Sox vs Chicago Cubs,totals,7.5,DraftKings,Under +7.5,1.9100
2026-09-27T14:04:27+00:00,eb299a5d0d8335166d9e1e71c9f27482,Boston Red Sox vs Chicago Cubs,totals,7.5,Bovada,Over +7.5,1.9100
2026-09-27T14:04:27+00:00,eb299a5d0d8335166d9e1e71c9f27482,Boston Red Sox vs Chicago Cubs,totals,7.5,Bovada,Under +7.5,1.9100
2026-09-27T14:04:27+00:00,eb299a5d0d8335166d9e1e71c9f27482,Boston Red Sox vs Chicago Cubs,totals,7.5,BetMGM,Over +7.5,1.9100
2026-09-27T14:04:27+00:00,eb299a5d0d8335166d9e1e71c9f27482,Boston Red Sox vs Chicago Cubs,totals,7.5,BetMGM,Under +7.5,1.9100
2026-09-27T14:04:27+00:00,eb299a5d0d8335166d9e1e71c9f27482,Boston Red Sox vs Chicago Cubs,totals,7.0,BetUS,Over +7,1.8300
2026-09-27T14:04:27+00:00,eb299a5d0d8335166d9e1e71c9f27482,Boston Red Sox vs Chicago Cubs,totals,7.0,BetUS,Under +7,2.0000
2026-09-27T14:04:27+00:00,25a8aaae97deb4871e535ab5842a6aae,San Francisco Giants vs Los Angeles Dodgers,h2h,,FanDuel,Los Angeles Dodgers,1.3800
2026-09-27T14:04:27+00:00,25a8aaae97deb4871e535ab5842a6aae,San Francisco Giants vs Los Angeles Dodgers,h2h,,FanDuel,San Francisco Giants,3.1500
2026-09-27T14:04:27+00:00,25a8aaae97deb4871e535ab5842a6aae,San Francisco Giants vs Los Angeles Dodgers,h2h,,BetRivers,Los Angeles Dodgers,1.4100
2026-09-27T14:04:27+00:00,25a8aaae97deb4871e535ab5842a6aae,San Francisco Giants vs Los Angeles Dodgers,h2h,,BetRivers,San Francisco Giants,3.0000
2026-09-27T14:04:27+00:00,25a8aaae97deb4871e535ab5842a6aae,San Francisco Giants vs Los Angeles Dodgers,h2h,,DraftKings,Los Angeles Dodgers,1.4000
2026-09-27T14:04:27+00:00,25a8aaae97deb4871e535ab5842a6aae,San Francisco Giants vs Los Angeles Dodgers,h2h,,DraftKings,San Francisco Giants,3.0000
2026-09-27T14:04:27+00:00,25a8aaae97deb4871e535ab5842a6aae,San Francisco Giants vs Los Angeles Dodgers,h2h,,BetMGM,Los Angeles Dodgers,1.4300
2026-09-27T14:04:27+00:00,25a8aaae97deb4871e535ab5842a6aae,San Francisco Giants vs Los Angeles Dodgers,h2h,,BetMGM,San Francisco Giants,2.9500
2026-09-27T14:04:27+00:00,25a8aaae97deb4871e535ab5842a6aae,San Francisco Giants vs Los Angeles Dodgers,h2h,,Bovada,Los Angeles Dodgers,1.3800
2026-09-27T14:04:27+00:00,25a8aaae97deb4871e535ab5842a6aae,San Francisco Giants vs Los Angeles Dodgers,h2h,,Bovada,San Francisco Giants,3.1500
2026-09-27T14:04:27+00:00,25a8aaae97deb4871e535ab5842a6aae,San Francisco Giants vs Los Angeles Dodgers,h2h,,BetUS,Los Angeles Dodgers,1.4300
2026-09-27T14:04:27+00:00,25a8aaae97deb4871e535ab5842a6aae,San Francisco Giants vs Los Angeles Dodgers,h2h,,BetUS,San Francisco Giants,3.0200
2026-09-27T14:04:27+00:00,25a8aaae97deb4871e535ab5842a6aae,San Francisco Giants vs Los Angeles Dodgers,spreads,-1.5,FanDuel,Los Angeles Dodgers -1.5,1.6800
2026-09-27T14:04:27+00:00,25a8aaae97deb4871e535ab5842a6aae,San Francisco Giants vs Los Angeles Dodgers,spreads,1.5,FanDuel,San Francisco Giants +1.5,2.2200
2026-09-27T14:04:27+00:00,25a8aaae97deb4871e535ab5842a6aae,San Francisco Giants vs Los Angeles Dodgers,spreads,-1.5,BetRivers,Los Angeles Dodgers -1.5,1.6600
2026-09-27T14:04:27+00:00,25a8aaae97deb4871e535ab5842a6aae,San Francisco Giants vs Los Angeles Dodgers,spreads,1.5,BetRivers,San Francisco Giants +1.5,2.2500
2026-09-27T14:04:27+00:00,25a8aaae97deb4871e535ab5842a6aae,San Francisco Giants vs Los Angeles Dodgers,spreads,-1.5,DraftKings,Los Angeles Dodgers -1.5,1.7000
2026-09-27T14:04:27+00:00,25a8aaae97deb4871e535ab5842a6aae,San Francisco Giants vs Los Angeles Dodgers,spreads,1.5,DraftKings,San Francisco Giants +1.5,2.1900
2026-09-27T14:04:27+00:00,25a8aaae97deb4871e535ab5842a6aae,San Francisco Giants vs Los Angeles Dodgers,spreads,-2.5,BetMGM,Los Angeles Dodgers -2.5,2.1500
2026-09-27T14:04:27+00:00,25a8aaae97deb4871e535ab5842a6aae,San Francisco Giants vs Los Angeles Dodgers,spreads,2.5,BetMGM,San Francisco Giants +2.5,1.7100
2026-09-27T14:04:27+00:00,25a8aaae97deb4871e535ab5842a6aae,San Francisco Giants vs Los Angeles Dodgers,spreads,-2.5,Bovada,Los Angeles Dodgers -2.5,2.1500
2026-09-27T14:04:27+00:00,25a8aaae97deb4871e535ab5842a6aae,San Francisco Giants vs Los Angeles Dodgers,spreads,2.5,Bovada,San Francisco Giants +2.5,1.7400
2026-09-27T14:04:27+00:00,25a8aaae97deb4871e535ab5842a6aae,San Francisco Giants vs Los Angeles Dodgers,spreads,-1.5,BetUS,Los Angeles Dodgers -1.5,1.7100
2026-09-27T14:04:27+00:00,25a8aaae97deb4871e535ab5842a6aae,San Francisco Giants vs Los Angeles Dodgers,spreads,1.5,BetUS,San Francisco Giants +1.5,2.2000
2026-09-27T14:04:27+00:00,25a8aaae97deb4871e535ab5842a6aae,San Francisco Giants vs Los Angeles Dodgers,totals,8.5,FanDuel,Over +8.5,2.1000
2026-09-27T14:04:27+00:00,25a8aaae97deb4871e535ab5842a6aae,San Francisco Giants vs Los Angeles Dodgers,totals,8.5,FanDuel,Under +8.5,1.7500
2026-09-27T14:04:27+00:00,25a8aaae97deb4871e535ab5842a6aae,San Francisco Giants vs Los Angeles Dodgers,totals,8.0,BetRivers,Over +8,1.7800
2026-09-27T14:04:27+00:00,25a8aaae97deb4871e535ab5842a6aae,San Francisco Giants vs Los Angeles Dodgers,totals,8.0,BetRivers,Under +8,1.8900
2026-09-27T14:04:27+00:00,25a8aaae97deb4871e535ab5842a6aae,San Francisco Giants vs Los Angeles Dodgers,totals,8.0,DraftKings,Over +8,1.9100
2026-09-27T14:04:27+00:00,25a8aaae97deb4871e535ab5842a6aae,San Francisco Giants vs Los Angeles Dodgers,totals,8.0,DraftKings,Under +8,1.9100
2026-09-27T14:04:27+00:00,25a8aaae97deb4871e535ab5842a6aae,San Francisco Giants vs Los Angeles Dodgers,totals,8.0,BetMGM,Over +8,1.9100
2026-09-27T14:04:27+00:00,25a8aaae97deb4871e535ab5842a6aae,San Francisco Giants vs Los Angeles Dodgers,totals,8.0,BetMGM,Under +8,1.9100
2026-09-27T14:04:27+00:00,25a8aaae97deb4871e535ab5842a6aae,San Francisco Giants vs Los Angeles Dodgers,totals,7.5,Bovada,Over +7.5,1.7700
2026-09-27T14:04:27+00:00,25a8aaae97deb4871e535ab5842a6aae,San Francisco Giants vs Los Angeles Dodgers,totals,7.5,Bovada,Under +7.5,2.1000
2026-09-27T14:04:27+00:00,25a8aaae97deb4871e535ab5842a6aae,San Francisco Giants vs Los Angeles Dodgers,totals,8.0,BetUS,Over +8,1.9100
2026-09-27T14:04:27+00:00,25a8aaae97deb4871e535ab5842a6aae,San Francisco Giants vs Los Angeles Dodgers,totals,8.0,BetUS,Under +8,1.9100
2026-09-27T14:04:27+00:00,9f490d6bcfb661b6a7b1114e80646d4b,Toronto Blue Jays vs Cincinnati Reds,h2h,,FanDuel,Cincinnati Reds,2.5000
2026-09-27T14:04:27+00:00,9f490d6bcfb661b6a7b1114e80646d4b,Toronto Blue Jays vs Cincinnati Reds,h2h,,FanDuel,Toronto Blue Jays,1.5600
2026-09-27T14:04:27+00:00,9f490d6bcfb661b6a7b1114e80646d4b,Toronto Blue Jays vs Cincinnati Reds,h2h,,MyBookie.ag,Cincinnati Reds,2.4600
2026-09-27T14:04:27+00:00,9f490d6bcfb661b6a7b1114e80646d4b,Toronto Blue Jays vs Cincinnati Reds,h2h,,MyBookie.ag,Toronto Blue Jays,1.5800
2026-09-27T14:04:27+00:00,9f490d6bcfb661b6a7b1114e80646d4b,Toronto Blue Jays vs Cincinnati Reds,h2h,,LowVig.ag,Cincinnati Reds,2.5500
2026-09-27T14:04:27+00:00,9f490d6bcfb661b6a7b1114e80646d4b,Toronto Blue Jays vs Cincinnati Reds,h2h,,LowVig.ag,Toronto Blue Jays,1.5800
2026-09-27T14:04:27+00:00,9f490d6bcfb661b6a7b1114e80646d4b,Toronto Blue Jays vs Cincinnati Reds,h2h,,BetOnline.ag,Cincinnati Reds,2.5500
2026-09-27T14:04:27+00:00,9f490d6bcfb661b6a7b1114e80646d4b,Toronto Blue Jays vs Cincinnati Reds,h2h,,BetOnline.ag,Toronto Blue Jays,1.5800
2026-09-27T14:04:27+00:00,9f490d6bcfb661b6a7b1114e80646d4b,Toronto Blue Jays vs Cincinnati Reds,h2h,,Bovada,Cincinnati Reds,2.5300
2026-09-27T14:04:27+00:00,9f490d6bcfb661b6a7b1114e80646d4b,Toronto Blue Jays vs Cincinnati Reds,h2h,,Bovada,Toronto Blue Jays,1.5400
2026-09-27T14:04:27+00:00,9f490d6bcfb661b6a7b1114e80646d4b,Toronto Blue Jays vs Cincinnati Reds,h2h,,DraftKings,Cincinnati Reds,2.4900
2026-09-27T14:04:27+00:00,9f490d6bcfb661b6a7b1114e80646d4b,Toronto Blue Jays vs Cincinnati Reds,h2h,,DraftKings,Toronto Blue Jays,1.5500
2026-09-27T14:04:27+00:00,9f490d6bcfb661b6a7b1114e80646d4b,Toronto Blue Jays vs Cincinnati Reds,h2h,,BetRivers,Cincinnati Reds,2.4300
2026-09-27T14:04:27+00:00,9f490d6bcfb661b6a7b1114e80646d4b,Toronto Blue Jays vs Cincinnati Reds,h2h,,BetRivers,Toronto Blue Jays,1.5700
2026-09-27T14:04:27+00:00,9f490d6bcfb661b6a7b1114e80646d4b,Toronto Blue Jays vs Cincinnati Reds,h2h,,BetMGM,Cincinnati Reds,2.5000
2026-09-27T14:04:27+00:00,9f490d6bcfb661b6a7b1114e80646d4b,Toronto Blue Jays vs Cincinnati Reds,h2h,,BetMGM,Toronto Blue Jays,1.5400
2026-09-27T14:04:27+00:00,9f490d6bcfb661b6a7b1114e80646d4b,Toronto Blue Jays vs Cincinnati Reds,h2h,,BetUS,Cincinnati Reds,2.5200
2026-09-27T14:04:27+00:00,9f490d6bcfb661b6a7b1114e80646d4b,Toronto Blue Jays vs Cincinnati Reds,h2h,,BetUS,Toronto Blue Jays,1.5800
2026-09-27T14:04:27+00:00,9f490d6bcfb661b6a7b1114e80646d4b,Toronto Blue Jays vs Cincinnati Reds,spreads,1.5,FanDuel,Cincinnati Reds +1.5,1.6800
2026-09-27T14:04:27+00:00,9f490d6bcfb661b6a7b1114e80646d4b,Toronto Blue Jays vs Cincinnati Reds,spreads,-1.5,FanDuel,Toronto Blue Jays -1.5,2.2200
2026-09-27T14:04:27+00:00,9f490d6bcfb661b6a7b1114e80646d4b,Toronto Blue Jays vs Cincinnati Reds,spreads,1.5,MyBookie.ag,Cincinnati Reds +1.5,1.7400
2026-09-27T14:04:27+00:00,9f490d6bcfb661b6a7b1114e80646d4b,Toronto Blue Jays vs Cincinnati Reds,spreads,-1.5,MyBookie.ag,Toronto Blue Jays -1.5,2.1600
2026-09-27T14:04:27+00:00,9f490d6bcfb661b6a7b1114e80646d4b,Toronto Blue Jays vs Cincinnati Reds,spreads,1.5,LowVig.ag,Cincinnati Reds +1.5,1.7500
2026-09-27T14:04:27+00:00,9f490d6bcfb661b6a7b1114e80646d4b,Toronto Blue Jays vs Cincinnati Reds,spreads,-1.5,LowVig.ag,Toronto Blue Jays -1.5,2.1800
2026-09-27T14:04:27+00:00,9f490d6bcfb661b6a7b1114e80646d4b,Toronto Blue Jays vs Cincinnati Reds,spreads,1.5,BetOnline.ag,Cincinnati Reds +1.5,1.7400
2026-09-27T14:04:27+00:00,9f490d6bcfb661b6a7b1114e80646d4b,Toronto Blue Jays vs Cincinnati Reds,spreads,-1.5,BetOnline.ag,Toronto Blue Jays -1.5,2.1500
2026-09-27T14:04:27+00:00,9f490d6bcfb661b6a7b1114e80646d4b,Toronto Blue Jays vs Cincinnati Reds,spreads,1.5,Bovada,Cincinnati Reds +1.5,1.7400
2026-09-27T14:04:27+00:00,9f490d6bcfb661b6a7b1114e80646d4b,Toronto Blue Jays vs Cincinnati Reds,spreads,-1.5,Bovada,Toronto Blue Jays -1.5,2.1500
2026-09-27T14:04:27+00:00,9f490d6bcfb661b6a7b1114e80646d4b,Toronto Blue Jays vs Cincinnati Reds,spreads,1.5,DraftKings,Cincinnati Reds +1.5,1.7400
2026-09-27T14:04:27+00:00,9f490d6bcfb661b6a7b1114e80646d4b,Toronto Blue Jays vs Cincinnati Reds,spreads,-1.5,DraftKings,Toronto Blue Jays -1.5,2.1300
2026-09-27T14:04:27+00:00,9f490d6bcfb661b6a7b1114e80646d4b,Toronto Blue Jays vs Cincinnati Reds,spreads,1.5,BetRivers,Cincinnati Reds +1.5,1.8200
2026-09-27T14:04:27+00:00,9f490d6bcfb661b6a7b1114e80646d4b,Toronto Blue Jays vs Cincinnati Reds,spreads,-1.5,BetRivers,Toronto Blue Jays -1.5,2.0000
2026-09-27T14:04:27+00:00,9f490d6bcfb661b6a7b1114e80646d4b,Toronto Blue Jays vs Cincinnati Reds,spreads,1.5,BetMGM,Cincinnati Reds +1.5,1.7100
2026-09-27T14:04:27+00:00,9f490d6bcfb661b6a7b1114e80646d4b,Toronto Blue Jays vs Cincinnati Reds,spreads,-1.5,BetMGM,Toronto Blue Jays -1.5,2.1500
2026-09-27T14:04:27+00:00,9f490d6bcfb661b6a7b1114e80646d4b,Toronto Blue Jays vs Cincinnati Reds,spreads,1.5,BetUS,Cincinnati Reds +1.5,1.7400
2026-09-27T14:04:27+00:00,9f490d6bcfb661b6a7b1114e80646d4b,Toronto Blue Jays vs Cincinnati Reds,spreads,-1.5,BetUS,Toronto Blue Jays -1.5,2.1500
2026-09-27T14:04:27+00:00,9f490d6bcfb661b6a7b1114e80646d4b,Toronto Blue Jays vs Cincinnati Reds,totals,8.5,FanDuel,Over +8.5,1.8200
2026-09-27T14:04:27+00:00,9f490d6bcfb661b6a7b1114e80646d4b,Toronto Blue Jays vs Cincinnati Reds,totals,8.5,FanDuel,Under +8.5,2.0000
2026-09-27T14:04:27+00:00,9f490d6bcfb661b6a7b1114e80646d4b,Toronto Blue Jays vs Cincinnati Reds,totals,8.5,MyBookie.ag,Over +8.5,1.8300
2026-09-27T14:04:27+00:00,9f490d6bcfb661b6a7b1114e80646d4b,Toronto Blue Jays vs Cincinnati Reds,totals,8.5,MyBookie.ag,Under +8.5,1.9800
2026-09-27T14:04:27+00:00,9f490d6bcfb661b6a7b1114e80646d4b,Toronto Blue Jays vs Cincinnati Reds,totals,8.5,LowVig.ag,Over +8.5,1.8500
2026-09-27T14:04:27+00:00,9f490d6bcfb661b6a7b1114e80646d4b,Toronto Blue Jays vs Cincinnati Reds,totals,8.5,LowVig.ag,Under +8.5,2.0300
2026-09-27T14:04:27+00:00,9f490d6bcfb661b6a7b1114e80646d4b,Toronto Blue Jays vs Cincinnati Reds,totals,8.5,BetOnline.ag,Over +8.5,1.8300
2026-09-27T14:04:27+00:00,9f490d6bcfb661b6a7b1114e80646d4b,Toronto Blue Jays vs Cincinnati Reds,totals,8.5,BetOnline.ag,Under +8.5,2.0000
2026-09-27T14:04:27+00:00,9f490d6bcfb661b6a7b1114e80646d4b,Toronto Blue Jays vs Cincinnati Reds,totals,9.0,Bovada,Over +9,2.0000
2026-09-27T14:04:27+00:00,9f490d6bcfb661b6a7b1114e80646d4b,Toronto Blue Jays vs Cincinnati Reds,totals,9.0,Bovada,Under +9,1.8300
2026-09-27T14:04:27+00:00,9f490d6bcfb661b6a7b1114e80646d4b,Toronto Blue Jays vs Cincinnati Reds,totals,8.5,DraftKings,Over +8.5,1.8300
2026-09-27T14:04:27+00:00,9f490d6bcfb661b6a7b1114e80646d4b,Toronto Blue Jays vs Cincinnati Reds,totals,8.5,DraftKings,Under +8.5,2.0000
2026-09-27T14:04:27+00:00,9f490d6bcfb661b6a7b1114e80646d4b,Toronto Blue Jays vs Cincinnati Reds,totals,8.5,BetRivers,Over +8.5,1.8500
2026-09-27T14:04:27+00:00,9f490d6bcfb661b6a7b1114e80646d4b,Toronto Blue Jays vs Cincinnati Reds,totals,8.5,BetRivers,Under +8.5,1.9600
2026-09-27T14:04:27+00:00,9f490d6bcfb661b6a7b1114e80646d4b,Toronto Blue Jays vs Cincinnati Reds,totals,8.5,BetMGM,Over +8.5,1.8300
2026-09-27T14:04:27+00:00,9f490d6bcfb661b6a7b1114e80646d4b,Toronto Blue Jays vs Cincinnati Reds,totals,8.5,BetMGM,Under +8.5,2.0000
2026-09-27T14:04:27+00:00,9f490d6bcfb661b6a7b1114e80646d4b,Toronto Blue Jays vs Cincinnati Reds,totals,8.5,BetUS,Over +8.5,1.8300
2026-09-27T14:04:27+00:00,9f490d6bcfb661b6a7b1114e80646d4b,Toronto Blue Jays vs Cincinnati Reds,totals,8.5,BetUS,Under +8.5,2.0000
2026-09-27T14:04:27+00:00,f4a70a1cc28098ce3bd4a521555ad809,Miami Marlins vs Atlanta Braves,h2h,,DraftKings,Atlanta Braves,2.0000
2026-09-27T14:04:27+00:00,f4a70a1cc28098ce3bd4a521555ad809,Miami Marlins vs Atlanta Braves,h2h,,DraftKings,Miami Marlins,1.8300
2026-09-27T14:04:27+00:00,f4a70a1cc28098ce3bd4a521555ad809,Miami Marlins vs Atlanta Braves,h2h,,LowVig.ag,Atlanta Braves,2.0700
2026-09-27T14:04:27+00:00,f4a70a1cc28098ce3bd4a521555ad809,Miami Marlins vs Atlanta Braves,h2h,,LowVig.ag,Miami Marlins,1.8500
2026-09-27T14:04:27+00:00,f4a70a1cc28098ce3bd4a521555ad809,Miami Marlins vs Atlanta Braves,h2h,,BetOnline.ag,Atlanta Braves,2.0700
2026-09-27T14:04:27+00:00,f4a70a1cc28098ce3bd4a521555ad809,Miami Marlins vs Atlanta Braves,h2h,,BetOnline.ag,Miami Marlins,1.8500
2026-09-27T14:04:27+00:00,f4a70a1cc28098ce3bd4a521555ad809,Miami Marlins vs Atlanta Braves,h2h,,BetMGM,Atlanta Braves,2.0000
2026-09-27T14:04:27+00:00,f4a70a1cc28098ce3bd4a521555ad809,Miami Marlins vs Atlanta Braves,h2h,,BetMGM,Miami Marlins,1.8300
2026-09-27T14:04:27+00:00,f4a70a1cc28098ce3bd4a521555ad809,Miami Marlins vs Atlanta Braves,h2h,,BetUS,Atlanta Braves,2.0700
2026-09-27T14:04:27+00:00,f4a70a1cc28098ce3bd4a521555ad809,Miami Marlins vs Atlanta Braves,h2h,,BetUS,Miami Marlins,1.8500
2026-09-27T14:04:27+00:00,f4a70a1cc28098ce3bd4a521555ad809,Miami Marlins vs Atlanta Braves,h2h,,FanDuel,Atlanta Braves,1.9800
2026-09-27T14:04:27+00:00,f4a70a1cc28098ce3bd4a521555ad809,Miami Marlins vs Atlanta Braves,h2h,,FanDuel,Miami Marlins,1.8600
2026-09-27T14:04:27+00:00,f4a70a1cc28098ce3bd4a521555ad809,Miami Marlins vs Atlanta Braves,h2h,,Bovada,Atlanta Braves,2.0400
2026-09-27T14:04:27+00:00,f4a70a1cc28098ce3bd4a521555ad809,Miami Marlins vs Atlanta Braves,h2h,,Bovada,Miami Marlins,1.8100
2026-09-27T14:04:27+00:00,f4a70a1cc28098ce3bd4a521555ad809,Miami Marlins vs Atlanta Braves,h2h,,BetRivers,Atlanta Braves,1.9300
2026-09-27T14:04:27+00:00,f4a70a1cc28098ce3bd4a521555ad809,Miami Marlins vs Atlanta Braves,h2h,,BetRivers,Miami Marlins,1.9100
2026-09-27T14:04:27+00:00,f4a70a1cc28098ce3bd4a521555ad809,Miami Marlins vs Atlanta Braves,h2h,,MyBookie.ag,Atlanta Braves,2.0400
2026-09-27T14:04:27+00:00,f4a70a1cc28098ce3bd4a521555ad809,Miami Marlins vs Atlanta Braves,h2h,,MyBookie.ag,Miami Marlins,1.8200
2026-09-27T14:04:27+00:00,f4a70a1cc28098ce3bd4a521555ad809,Miami Marlins vs Atlanta Braves,spreads,-1.5,DraftKings,Atlanta Braves -1.5,2.6800
2026-09-27T14:04:27+00:00,f4a70a1cc28098ce3bd4a521555ad809,Miami Marlins vs Atlanta Braves,spreads,1.5,DraftKings,Miami Marlins +1.5,1.4900
2026-09-27T14:04:27+00:00,f4a70a1cc28098ce3bd4a521555ad809,Miami Marlins vs Atlanta Braves,spreads,1.5,LowVig.ag,Atlanta Braves +1.5,1.5300
2026-09-27T14:04:27+00:00,f4a70a1cc28098ce3bd4a521555ad809,Miami Marlins vs Atlanta Braves,spreads,-1.5,LowVig.ag,Miami Marlins -1.5,2.6600
2026-09-27T14:04:27+00:00,f4a70a1cc28098ce3bd4a521555ad809,Miami Marlins vs Atlanta Braves,spreads,1.5,BetOnline.ag,Atlanta Braves +1.5,1.5300
2026-09-27T14:04:27+00:00,f4a70a1cc28098ce3bd4a521555ad809,Miami Marlins vs Atlanta Braves,spreads,-1.5,BetOnline.ag,Miami Marlins -1.5,2.6500
2026-09-27T14:04:27+00:00,f4a70a1cc28098ce3bd4a521555ad809,Miami Marlins vs Atlanta Braves,spreads,-1.5,BetMGM,Atlanta Braves -1.5,2.6500
2026-09-27T14:04:27+00:00,f4a70a1cc28098ce3bd4a521555ad809,Miami Marlins vs Atlanta Braves,spreads,1.5,BetMGM,Miami Marlins +1.5,1.5000
2026-09-27T14:04:27+00:00,f4a70a1cc28098ce3bd4a521555ad809,Miami Marlins vs Atlanta Braves,spreads,1.5,BetUS,Atlanta Braves +1.5,1.5300
2026-09-27T14:04:27+00:00,f4a70a1cc28098ce3bd4a521555ad809,Miami Marlins vs Atlanta Braves,spreads,-1.5,BetUS,Miami Marlins -1.5,2.6400
2026-09-27T14:04:27+00:00,f4a70a1cc28098ce3bd4a521555ad809,Miami Marlins vs Atlanta Braves,spreads,-1.5,FanDuel,Atlanta Braves -1.5,2.6800
2026-09-27T14:04:27+00:00,f4a70a1cc28098ce3bd4a521555ad809,Miami Marlins vs Atlanta Braves,spreads,1.5,FanDuel,Miami Marlins +1.5,1.4900
2026-09-27T14:04:27+00:00,f4a70a1cc28098ce3bd4a521555ad809,Miami Marlins vs Atlanta Braves,spreads,1.5,Bovada,Atlanta Braves +1.5,1.5000
2026-09-27T14:04:27+00:00,f4a70a1cc28098ce3bd4a521555ad809,Miami Marlins vs Atlanta Braves,spreads,-1.5,Bovada,Miami Marlins -1.5,2.7000
2026-09-27T14:04:27+00:00,f4a70a1cc28098ce3bd4a521555ad809,Miami Marlins vs Atlanta Braves,spreads,-1.5,BetRivers,Atlanta Braves -1.5,2.4800
2026-09-27T14:04:27+00:00,f4a70a1cc28098ce3bd4a521555ad809,Miami Marlins vs Atlanta Braves,spreads,1.5,BetRivers,Miami Marlins +1.5,1.5600
2026-09-27T14:04:27+00:00,f4a70a1cc28098ce3bd4a521555ad809,Miami Marlins vs Atlanta Braves,spreads,1.5,MyBookie.ag,Atlanta Braves +1.5,1.5000
2026-09-27T14:04:27+00:00,f4a70a1cc28098ce3bd4a521555ad809,Miami Marlins vs Atlanta Braves,spreads,-1.5,MyBookie.ag,Miami Marlins -1.5,2.6800
2026-09-27T14:04:27+00:00,f4a70a1cc28098ce3bd4a521555ad809,Miami Marlins vs Atlanta Braves,totals,8.5,DraftKings,Over +8.5,1.9900
2026-09-27T14:04:27+00:00,f4a70a1cc28098ce3bd4a521555ad809,Miami Marlins vs Atlanta Braves,totals,8.5,DraftKings,Under +8.5,1.8400
2026-09-27T14:04:27+00:00,f4a70a1cc28098ce3bd4a521555ad809,Miami Marlins vs Atlanta Braves,totals,8.5,LowVig.ag,Over +8.5,2.0700
2026-09-27T14:04:27+00:00,f4a70a1cc28098ce3bd4a521555ad809,Miami Marlins vs Atlanta Braves,totals,8.5,LowVig.ag,Under +8.5,1.8100
2026-09-27T14:04:27+00:00,f4a70a1cc28098ce3bd4a521555ad809,Miami Marlins vs Atlanta Braves,totals,8.5,BetOnline.ag,Over +8.5,2.0500
2026-09-27T14:04:27+00:00,f4a70a1cc28098ce3bd4a521555ad809,Miami Marlins vs Atlanta Braves,totals,8.5,BetOnline.ag,Under +8.5,1.8000
2026-09-27T14:04:27+00:00,f4a70a1cc28098ce3bd4a521555ad809,Miami Marlins vs Atlanta Braves,totals,8.5,BetMGM,Over +8.5,2.0000
2026-09-27T14:04:27+00:00,f4a70a1cc28098ce3bd4a521555ad809,Miami Marlins vs Atlanta Braves,totals,8.5,BetMGM,Under +8.5,1.8300
2026-09-27T14:04:27+00:00,f4a70a1cc28098ce3bd4a521555ad809,Miami Marlins vs Atlanta Braves,totals,8.5,BetUS,Over +8.5,2.0500
2026-09-27T14:04:27+00:00,f4a70a1cc28098ce3bd4a521555ad809,Miami Marlins vs Atlanta Braves,totals,8.5,BetUS,Under +8.5,1.8000
2026-09-27T14:04:27+00:00,f4a70a1cc28098ce3bd4a521555ad809,Miami Marlins vs Atlanta Braves,totals,8.5,FanDuel,Over +8.5,1.9500
2026-09-27T14:04:27+00:00,f4a70a1cc28098ce3bd4a521555ad809,Miami Marlins vs Atlanta Braves,totals,8.5,FanDuel,Under +8.5,1.8700
2026-09-27T14:04:27+00:00,f4a70a1cc28098ce3bd4a521555ad809,Miami Marlins vs Atlanta Braves,totals,8.0,Bovada,Over +8,1.8300
2026-09-27T14:04:27+00:00,f4a70a1cc28098ce3bd4a521555ad809,Miami Marlins vs Atlanta Braves,totals,8.0,Bovada,Under +8,2.0000
2026-09-27T14:04:27+00:00,f4a70a1cc28098ce3bd4a521555ad809,Miami Marlins vs Atlanta Braves,totals,8.5,BetRivers,Over +8.5,1.9100
2026-09-27T14:04:27+00:00,f4a70a1cc28098ce3bd4a521555ad809,Miami Marlins vs Atlanta Braves,totals,8.5,BetRivers,Under +8.5,1.9100
2026-09-27T14:04:27+00:00,f4a70a1cc28098ce3bd4a521555ad809,Miami Marlins vs Atlanta Braves,totals,8.5,MyBookie.ag,Over +8.5,1.9600
2026-09-27T14:04:27+00:00,f4a70a1cc28098ce3bd4a521555ad809,Miami Marlins vs Atlanta Braves,totals,8.5,MyBookie.ag,Under +8.5,1.8500
2026-09-27T14:04:27+00:00,febfe492bcd191327b90c25777e21db4,Chicago White Sox vs Colorado Rockies,h2h,,DraftKings,Chicago White Sox,1.5700
2026-09-27T14:04:27+00:00,febfe492bcd191327b90c25777e21db4,Chicago White Sox vs Colorado Rockies,h2h,,DraftKings,Colorado Rockies,2.4300
2026-09-27T14:04:27+00:00,febfe492bcd191327b90c25777e21db4,Chicago White Sox vs Colorado Rockies,h2h,,BetOnline.ag,Chicago White Sox,1.6300
2026-09-27T14:04:27+00:00,febfe492bcd191327b90c25777e21db4,Chicago White Sox vs Colorado Rockies,h2h,,BetOnline.ag,Colorado Rockies,2.4400
2026-09-27T14:04:27+00:00,febfe492bcd191327b90c25777e21db4,Chicago White Sox vs Colorado Rockies,h2h,,LowVig.ag,Chicago White Sox,1.6300
2026-09-27T14:04:27+00:00,febfe492bcd191327b90c25777e21db4,Chicago White Sox vs Colorado Rockies,h2h,,LowVig.ag,Colorado Rockies,2.4400
2026-09-27T14:04:27+00:00,febfe492bcd191327b90c25777e21db4,Chicago White Sox vs Colorado Rockies,h2h,,BetMGM,Chicago White Sox,1.5600
2026-09-27T14:04:27+00:00,febfe492bcd191327b90c25777e21db4,Chicago White Sox vs Colorado Rockies,h2h,,BetMGM,Colorado Rockies,2.4500
2026-09-27T14:04:27+00:00,febfe492bcd191327b90c25777e21db4,Chicago White Sox vs Colorado Rockies,h2h,,FanDuel,Chicago White Sox,1.5700
2026-09-27T14:04:27+00:00,febfe492bcd191327b90c25777e21db4,Chicago White Sox vs Colorado Rockies,h2h,,FanDuel,Colorado Rockies,2.4600
2026-09-27T14:04:27+00:00,febfe492bcd191327b90c25777e21db4,Chicago White Sox vs Colorado Rockies,h2h,,Bovada,Chicago White Sox,1.5700
2026-09-27T14:04:27+00:00,febfe492bcd191327b90c25777e21db4,Chicago White Sox vs Colorado Rockies,h2h,,Bovada,Colorado Rockies,2.4300
2026-09-27T14:04:27+00:00,febfe492bcd191327b90c25777e21db4,Chicago White Sox vs Colorado Rockies,h2h,,BetUS,Chicago White Sox,1.6000
2026-09-27T14:04:27+00:00,febfe492bcd191327b90c25777e21db4,Chicago White Sox vs Colorado Rockies,h2h,,BetUS,Colorado Rockies,2.4800
2026-09-27T14:04:27+00:00,febfe492bcd191327b90c25777e21db4,Chicago White Sox vs Colorado Rockies,h2h,,BetRivers,Chicago White Sox,1.5600
2026-09-27T14:04:27+00:00,febfe492bcd191327b90c25777e21db4,Chicago White Sox vs Colorado Rockies,h2h,,BetRivers,Colorado Rockies,2.4800
2026-09-27T14:04:27+00:00,febfe492bcd191327b90c25777e21db4,Chicago White Sox vs Colorado Rockies,h2h,,MyBookie.ag,Chicago White Sox,1.5700
2026-09-27T14:04:27+00:00,febfe492bcd191327b90c25777e21db4,Chicago White Sox vs Colorado Rockies,h2h,,MyBookie.ag,Colorado Rockies,2.4700
2026-09-27T14:04:27+00:00,febfe492bcd191327b90c25777e21db4,Chicago White Sox vs Colorado Rockies,spreads,-1.5,DraftKings,Chicago White Sox -1.5,2.1300
2026-09-27T14:04:27+00:00,febfe492bcd191327b90c25777e21db4,Chicago White Sox vs Colorado Rockies,spreads,1.5,DraftKings,Colorado Rockies +1.5,1.7400
2026-09-27T14:04:27+00:00,febfe492bcd191327b90c25777e21db4,Chicago White Sox vs Colorado Rockies,spreads,-1.5,BetOnline.ag,Chicago White Sox -1.5,2.1500
2026-09-27T14:04:27+00:00,febfe492bcd191327b90c25777e21db4,Chicago White Sox vs Colorado Rockies,spreads,1.5,BetOnline.ag,Colorado Rockies +1.5,1.7400
2026-09-27T14:04:27+00:00,febfe492bcd191327b90c25777e21db4,Chicago White Sox vs Colorado Rockies,spreads,-1.5,LowVig.ag,Chicago White Sox -1.5,2.1800
2026-09-27T14:04:27+00:00,febfe492bcd191327b90c25777e21db4,Chicago White Sox vs Colorado Rockies,spreads,1.5,LowVig.ag,Colorado Rockies +1.5,1.7500
2026-09-27T14:04:27+00:00,febfe492bcd191327b90c25777e21db4,Chicago White Sox vs Colorado Rockies,spreads,-1.5,BetMGM,Chicago White Sox -1.5,2.1500
2026-09-27T14:04:27+00:00,febfe492bcd191327b90c25777e21db4,Chicago White Sox vs Colorado Rockies,spreads,1.5,BetMGM,Colorado Rockies +1.5,1.7100
2026-09-27T14:04:27+00:00,febfe492bcd191327b90c25777e21db4,Chicago White Sox vs Colorado Rockies,spreads,-1.5,FanDuel,Chicago White Sox -1.5,2.2200
2026-09-27T14:04:27+00:00,febfe492bcd191327b90c25777e21db4,Chicago White Sox vs Colorado Rockies,spreads,1.5,FanDuel,Colorado Rockies +1.5,1.6800
2026-09-27T14:04:27+00:00,febfe492bcd191327b90c25777e21db4,Chicago White Sox vs Colorado Rockies,spreads,-1.5,Bovada,Chicago White Sox -1.5,2.2000
2026-09-27T14:04:27+00:00,febfe492bcd191327b90c25777e21db4,Chicago White Sox vs Colorado Rockies,spreads,1.5,Bovada,Colorado Rockies +1.5,1.7100
2026-09-27T14:04:27+00:00,febfe492bcd191327b90c25777e21db4,Chicago White Sox vs Colorado Rockies,spreads,-1.5,BetUS,Chicago White Sox -1.5,2.1500
2026-09-27T14:04:27+00:00,febfe492bcd191327b90c25777e21db4,Chicago White Sox vs Colorado Rockies,spreads,1.5,BetUS,Colorado Rockies +1.5,1.7400
2026-09-27T14:04:27+00:00,febfe492bcd191327b90c25777e21db4,Chicago White Sox vs Colorado Rockies,spreads,-1.5,BetRivers,Chicago White Sox -1.5,2.0400
2026-09-27T14:04:27+00:00,febfe492bcd191327b90c25777e21db4,Chicago White Sox vs Colorado Rockies,spreads,1.5,BetRivers,Colorado Rockies +1.5,1.8000
2026-09-27T14:04:27+00:00,febfe492bcd191327b90c25777e21db4,Chicago White Sox vs Colorado Rockies,spreads,-1.5,MyBookie.ag,Chicago White Sox -1.5,2.1300
2026-09-27T14:04:27+00:00,febfe492bcd191327b90c25777e21db4,Chicago White Sox vs Colorado Rockies,spreads,1.5,MyBookie.ag,Colorado Rockies +1.5,1.7500
2026-09-27T14:04:27+00:00,febfe492bcd191327b90c25777e21db4,Chicago White Sox vs Colorado Rockies,totals,8.5,DraftKings,Over +8.5,1.9300
2026-09-27T14:04:27+00:00,febfe492bcd191327b90c25777e21db4,Chicago White Sox vs Colorado Rockies,totals,8.5,DraftKings,Under +8.5,1.8900
2026-09-27T14:04:27+00:00,febfe492bcd191327b90c25777e21db4,Chicago White Sox vs Colorado Rockies,totals,8.5,BetOnline.ag,Over +8.5,1.9300
2026-09-27T14:04:27+00:00,febfe492bcd191327b90c25777e21db4,Chicago White Sox vs Colorado Rockies,totals,8.5,BetOnline.ag,Under +8.5,1.8900
2026-09-27T14:04:27+00:00,febfe492bcd191327b90c25777e21db4,Chicago White Sox vs Colorado Rockies,totals,8.5,LowVig.ag,Over +8.5,1.9500
2026-09-27T14:04:27+00:00,febfe492bcd191327b90c25777e21db4,Chicago White Sox vs Colorado Rockies,totals,8.5,LowVig.ag,Under +8.5,1.9200
2026-09-27T14:04:27+00:00,febfe492bcd191327b90c25777e21db4,Chicago White Sox vs Colorado Rockies,totals,8.5,BetMGM,Over +8.5,1.9100
2026-09-27T14:04:27+00:00,febfe492bcd191327b90c25777e21db4,Chicago White Sox vs Colorado Rockies,totals,8.5,BetMGM,Under +8.5,1.9100
2026-09-27T14:04:27+00:00,febfe492bcd191327b90c25777e21db4,Chicago White Sox vs Colorado Rockies,totals,8.5,FanDuel,Over +8.5,1.9400
2026-09-27T14:04:27+00:00,febfe492bcd191327b90c25777e21db4,Chicago White Sox vs Colorado Rockies,totals,8.5,FanDuel,Under +8.5,1.8800
2026-09-27T14:04:27+00:00,febfe492bcd191327b90c25777e21db4,Chicago White Sox vs Colorado Rockies,totals,8.5,Bovada,Over +8.5,1.9100
2026-09-27T14:04:27+00:00,febfe492bcd191327b90c25777e21db4,Chicago White Sox vs Colorado Rockies,totals,8.5,Bovada,Under +8.5,1.9100
2026-09-27T14:04:27+00:00,febfe492bcd191327b90c25777e21db4,Chicago White Sox vs Colorado Rockies,totals,8.5,BetUS,Over +8.5,1.9100
2026-09-27T14:04:27+00:00,febfe492bcd191327b90c25777e21db4,Chicago White Sox vs Colorado Rockies,totals,8.5,BetUS,Under +8.5,1.9100
2026-09-27T14:04:27+00:00,febfe492bcd191327b90c25777e21db4,Chicago White Sox vs Colorado Rockies,totals,8.0,BetRivers,Over +8,1.7900
2026-09-27T14:04:27+00:00,febfe492bcd191327b90c25777e21db4,Chicago White Sox vs Colorado Rockies,totals,8.0,BetRivers,Under +8,1.8900
2026-09-27T14:04:27+00:00,febfe492bcd191327b90c25777e21db4,Chicago White Sox vs Colorado Rockies,totals,8.5,MyBookie.ag,Over +8.5,1.9400
2026-09-27T14:04:27+00:00,febfe492bcd191327b90c25777e21db4,Chicago White Sox vs Colorado Rockies,totals,8.5,MyBookie.ag,Under +8.5,1.8700
2026-09-27T14:04:27+00:00,f55ce2717fb90929c3519929cc3263f0,Detroit Tigers vs Pittsburgh Pirates,h2h,,DraftKings,Detroit Tigers,2.0200
2026-09-27T14:04:27+00:00,f55ce2717fb90929c3519929cc3263f0,Detroit Tigers vs Pittsburgh Pirates,h2h,,DraftKings,Pittsburgh Pirates,1.8100
2026-09-27T14:04:27+00:00,f55ce2717fb90929c3519929cc3263f0,Detroit Tigers vs Pittsburgh Pirates,h2h,,BetOnline.ag,Detroit Tigers,2.0400
2026-09-27T14:04:27+00:00,f55ce2717fb90929c3519929cc3263f0,Detroit Tigers vs Pittsburgh Pirates,h2h,,BetOnline.ag,Pittsburgh Pirates,1.8700
2026-09-27T14:04:27+00:00,f55ce2717fb90929c3519929cc3263f0,Detroit Tigers vs Pittsburgh Pirates,h2h,,LowVig.ag,Detroit Tigers,2.0400
2026-09-27T14:04:27+00:00,f55ce2717fb90929c3519929cc3263f0,Detroit Tigers vs Pittsburgh Pirates,h2h,,LowVig.ag,Pittsburgh Pirates,1.8700
2026-09-27T14:04:27+00:00,f55ce2717fb90929c3519929cc3263f0,Detroit Tigers vs Pittsburgh Pirates,h2h,,MyBookie.ag,Detroit Tigers,2.0200
2026-09-27T14:04:27+00:00,f55ce2717fb90929c3519929cc3263f0,Detroit Tigers vs Pittsburgh Pirates,h2h,,MyBookie.ag,Pittsburgh Pirates,1.8300
2026-09-27T14:04:27+00:00,f55ce2717fb90929c3519929cc3263f0,Detroit Tigers vs Pittsburgh Pirates,h2h,,BetMGM,Detroit Tigers,2.0000
2026-09-27T14:04:27+00:00,f55ce2717fb90929c3519929cc3263f0,Detroit Tigers vs Pittsburgh Pirates,h2h,,BetMGM,Pittsburgh Pirates,1.8300
2026-09-27T14:04:27+00:00,f55ce2717fb90929c3519929cc3263f0,Detroit Tigers vs Pittsburgh Pirates,h2h,,BetUS,Detroit Tigers,2.0500
2026-09-27T14:04:27+00:00,f55ce2717fb90929c3519929cc3263f0,Detroit Tigers vs Pittsburgh Pirates,h2h,,BetUS,Pittsburgh Pirates,1.8700
2026-09-27T14:04:27+00:00,f55ce2717fb90929c3519929cc3263f0,Detroit Tigers vs Pittsburgh Pirates,h2h,,FanDuel,Detroit Tigers,2.0000
2026-09-27T14:04:27+00:00,f55ce2717fb90929c3519929cc3263f0,Detroit Tigers vs Pittsburgh Pirates,h2h,,FanDuel,Pittsburgh Pirates,1.8500
2026-09-27T14:04:27+00:00,f55ce2717fb90929c3519929cc3263f0,Detroit Tigers vs Pittsburgh Pirates,h2h,,Bovada,Detroit Tigers,2.0100
2026-09-27T14:04:27+00:00,f55ce2717fb90929c3519929cc3263f0,Detroit Tigers vs Pittsburgh Pirates,h2h,,Bovada,Pittsburgh Pirates,1.8300
2026-09-27T14:04:27+00:00,f55ce2717fb90929c3519929cc3263f0,Detroit Tigers vs Pittsburgh Pirates,h2h,,BetRivers,Detroit Tigers,2.0700
2026-09-27T14:04:27+00:00,f55ce2717fb90929c3519929cc3263f0,Detroit Tigers vs Pittsburgh Pirates,h2h,,BetRivers,Pittsburgh Pirates,1.7800
2026-09-27T14:04:27+00:00,f55ce2717fb90929c3519929cc3263f0,Detroit Tigers vs Pittsburgh Pirates,spreads,1.5,DraftKings,Detroit Tigers +1.5,1.5900
2026-09-27T14:04:27+00:00,f55ce2717fb90929c3519929cc3263f0,Detroit Tigers vs Pittsburgh Pirates,spreads,-1.5,DraftKings,Pittsburgh Pirates -1.5,2.3900
2026-09-27T14:04:27+00:00,f55ce2717fb90929c3519929cc3263f0,Detroit Tigers vs Pittsburgh Pirates,spreads,1.5,BetOnline.ag,Detroit Tigers +1.5,1.5900
2026-09-27T14:04:27+00:00,f55ce2717fb90929c3519929cc3263f0,Detroit Tigers vs Pittsburgh Pirates,spreads,-1.5,BetOnline.ag,Pittsburgh Pirates -1.5,2.4900
2026-09-27T14:04:27+00:00,f55ce2717fb90929c3519929cc3263f0,Detroit Tigers vs Pittsburgh Pirates,spreads,1.5,LowVig.ag,Detroit Tigers +1.5,1.5900
2026-09-27T14:04:27+00:00,f55ce2717fb90929c3519929cc3263f0,Detroit Tigers vs Pittsburgh Pirates,spreads,-1.5,LowVig.ag,Pittsburgh Pirates -1.5,2.5000
2026-09-27T14:04:27+00:00,f55ce2717fb90929c3519929cc3263f0,Detroit Tigers vs Pittsburgh Pirates,spreads,1.5,MyBookie.ag,Detroit Tigers +1.5,1.6200
2026-09-27T14:04:27+00:00,f55ce2717fb90929c3519929cc3263f0,Detroit Tigers vs Pittsburgh Pirates,spreads,-1.5,MyBookie.ag,Pittsburgh Pirates -1.5,2.3800
2026-09-27T14:04:27+00:00,f55ce2717fb90929c3519929cc3263f0,Detroit Tigers vs Pittsburgh Pirates,spreads,1.5,BetMGM,Detroit Tigers +1.5,1.5900
2026-09-27T14:04:27+00:00,f55ce2717fb90929c3519929cc3263f0,Detroit Tigers vs Pittsburgh Pirates,spreads,-1.5,BetMGM,Pittsburgh Pirates -1.5,2.4000
2026-09-27T14:04:27+00:00,f55ce2717fb90929c3519929cc3263f0,Detroit Tigers vs Pittsburgh Pirates,spreads,1.5,BetUS,Detroit Tigers +1.5,1.5900
2026-09-27T14:04:27+00:00,f55ce2717fb90929c3519929cc3263f0,Detroit Tigers vs Pittsburgh Pirates,spreads,-1.5,BetUS,Pittsburgh Pirates -1.5,2.4800
2026-09-27T14:04:27+00:00,f55ce2717fb90929c3519929cc3263f0,Detroit Tigers vs Pittsburgh Pirates,spreads,1.5,FanDuel,Detroit Tigers +1.5,1.5900
2026-09-27T14:04:27+00:00,f55ce2717fb90929c3519929cc3263f0,Detroit Tigers vs Pittsburgh Pirates,spreads,-1.5,FanDuel,Pittsburgh Pirates -1.5,2.4000
2026-09-27T14:04:27+00:00,f55ce2717fb90929c3519929cc3263f0,Detroit Tigers vs Pittsburgh Pirates,spreads,1.5,Bovada,Detroit Tigers +1.5,1.6100
2026-09-27T14:04:27+00:00,f55ce2717fb90929c3519929cc3263f0,Detroit Tigers vs Pittsburgh Pirates,spreads,-1.5,Bovada,Pittsburgh Pirates -1.5,2.4000
2026-09-27T14:04:27+00:00,f55ce2717fb90929c3519929cc3263f0,Detroit Tigers vs Pittsburgh Pirates,spreads,1.5,BetRivers,Detroit Tigers +1.5,1.6400
2026-09-27T14:04:27+00:00,f55ce2717fb90929c3519929cc3263f0,Detroit Tigers vs Pittsburgh Pirates,spreads,-1.5,BetRivers,Pittsburgh Pirates -1.5,2.2800
2026-09-27T14:04:27+00:00,f55ce2717fb90929c3519929cc3263f0,Detroit Tigers vs Pittsburgh Pirates,totals,8.0,DraftKings,Over +8,1.9700
2026-09-27T14:04:27+00:00,f55ce2717fb90929c3519929cc3263f0,Detroit Tigers vs Pittsburgh Pirates,totals,8.0,DraftKings,Under +8,1.8500
2026-09-27T14:04:27+00:00,f55ce2717fb90929c3519929cc3263f0,Detroit Tigers vs Pittsburgh Pirates,totals,7.5,BetOnline.ag,Over +7.5,1.8300
2026-09-27T14:04:27+00:00,f55ce2717fb90929c3519929cc3263f0,Detroit Tigers vs Pittsburgh Pirates,totals,7.5,BetOnline.ag,Under +7.5,2.0000
2026-09-27T14:04:27+00:00,f55ce2717fb90929c3519929cc3263f0,Detroit Tigers vs Pittsburgh Pirates,totals,7.5,LowVig.ag,Over +7.5,1.8500
2026-09-27T14:04:27+00:00,f55ce2717fb90929c3519929cc3263f0,Detroit Tigers vs Pittsburgh Pirates,totals,7.5,LowVig.ag,Under +7.5,2.0300
2026-09-27T14:04:27+00:00,f55ce2717fb90929c3519929cc3263f0,Detroit Tigers vs Pittsburgh Pirates,totals,8.0,MyBookie.ag,Over +8,1.9600
2026-09-27T14:04:27+00:00,f55ce2717fb90929c3519929cc3263f0,Detroit Tigers vs Pittsburgh Pirates,totals,8.0,MyBookie.ag,Under +8,1.8500
2026-09-27T14:04:27+00:00,f55ce2717fb90929c3519929cc3263f0,Detroit Tigers vs Pittsburgh Pirates,totals,7.5,BetMGM,Over +7.5,1.8300
2026-09-27T14:04:27+00:00,f55ce2717fb90929c3519929cc3263f0,Detroit Tigers vs Pittsburgh Pirates,totals,7.5,BetMGM,Under +7.5,2.0000
2026-09-27T14:04:27+00:00,f55ce2717fb90929c3519929cc3263f0,Detroit Tigers vs Pittsburgh Pirates,totals,7.5,BetUS,Over +7.5,1.8300
2026-09-27T14:04:27+00:00,f55ce2717fb90929c3519929cc3263f0,Detroit Tigers vs Pittsburgh Pirates,totals,7.5,BetUS,Under +7.5,2.0000
2026-09-27T14:04:27+00:00,f55ce2717fb90929c3519929cc3263f0,Detroit Tigers vs Pittsburgh Pirates,totals,7.5,FanDuel,Over +7.5,1.8100
2026-09-27T14:04:27+00:00,f55ce2717fb90929c3519929cc3263f0,Detroit Tigers vs Pittsburgh Pirates,totals,7.5,FanDuel,Under +7.5,2.0200
2026-09-27T14:04:27+00:00,f55ce2717fb90929c3519929cc3263f0,Detroit Tigers vs Pittsburgh Pirates,totals,7.5,Bovada,Over +7.5,1.8300
2026-09-27T14:04:27+00:00,f55ce2717fb90929c3519929cc3263f0,Detroit Tigers vs Pittsburgh Pirates,totals,7.5,Bovada,Under +7.5,2.0000
2026-09-27T14:04:27+00:00,f55ce2717fb90929c3519929cc3263f0,Detroit Tigers vs Pittsburgh Pirates,totals,7.5,BetRivers,Over +7.5,1.8500
2026-09-27T14:04:27+00:00,f55ce2717fb90929c3519929cc3263f0,Detroit Tigers vs Pittsburgh Pirates,totals,7.5,BetRivers,Under +7.5,1.9600
2026-09-27T14:04:27+00:00,3d109aae107e7d5306d828f3004dbb9d,Seattle Mariners vs Los Angeles Angels,h2h,,DraftKings,Los Angeles Angels,2.3900
2026-09-27T14:04:27+00:00,3d109aae107e7d5306d828f3004dbb9d,Seattle Mariners vs Los Angeles Angels,h2h,,DraftKings,Seattle Mariners,1.6000
2026-09-27T14:04:27+00:00,3d109aae107e7d5306d828f3004dbb9d,Seattle Mariners vs Los Angeles Angels,h2h,,LowVig.ag,Los Angeles Angels,2.4100
2026-09-27T14:04:27+00:00,3d109aae107e7d5306d828f3004dbb9d,Seattle Mariners vs Los Angeles Angels,h2h,,LowVig.ag,Seattle Mariners,1.6400
2026-09-27T14:04:27+00:00,3d109aae107e7d5306d828f3004dbb9d,Seattle Mariners vs Los Angeles Angels,h2h,,BetOnline.ag,Los Angeles Angels,2.4100
2026-09-27T14:04:27+00:00,3d109aae107e7d5306d828f3004dbb9d,Seattle Mariners vs Los Angeles Angels,h2h,,BetOnline.ag,Seattle Mariners,1.6400
2026-09-27T14:04:27+00:00,3d109aae107e7d5306d828f3004dbb9d,Seattle Mariners vs Los Angeles Angels,h2h,,MyBookie.ag,Los Angeles Angels,2.3800
2026-09-27T14:04:27+00:00,3d109aae107e7d5306d828f3004dbb9d,Seattle Mariners vs Los Angeles Angels,h2h,,MyBookie.ag,Seattle Mariners,1.6100
2026-09-27T14:04:27+00:00,3d109aae107e7d5306d828f3004dbb9d,Seattle Mariners vs Los Angeles Angels,h2h,,BetMGM,Los Angeles Angels,2.4000
2026-09-27T14:04:27+00:00,3d109aae107e7d5306d828f3004dbb9d,Seattle Mariners vs Los Angeles Angels,h2h,,BetMGM,Seattle Mariners,1.5900
2026-09-27T14:04:27+00:00,3d109aae107e7d5306d828f3004dbb9d,Seattle Mariners vs Los Angeles Angels,h2h,,FanDuel,Los Angeles Angels,2.5000
2026-09-27T14:04:27+00:00,3d109aae107e7d5306d828f3004dbb9d,Seattle Mariners vs Los Angeles Angels,h2h,,FanDuel,Seattle Mariners,1.5600
2026-09-27T14:04:27+00:00,3d109aae107e7d5306d828f3004dbb9d,Seattle Mariners vs Los Angeles Angels,h2h,,Bovada,Los Angeles Angels,2.3900
2026-09-27T14:04:27+00:00,3d109aae107e7d5306d828f3004dbb9d,Seattle Mariners vs Los Angeles Angels,h2h,,Bovada,Seattle Mariners,1.6100
2026-09-27T14:04:27+00:00,3d109aae107e7d5306d828f3004dbb9d,Seattle Mariners vs Los Angeles Angels,h2h,,BetRivers,Los Angeles Angels,2.4800
2026-09-27T14:04:27+00:00,3d109aae107e7d5306d828f3004dbb9d,Seattle Mariners vs Los Angeles Angels,h2h,,BetRivers,Seattle Mariners,1.5600
2026-09-27T14:04:27+00:00,3d109aae107e7d5306d828f3004dbb9d,Seattle Mariners vs Los Angeles Angels,h2h,,BetUS,Los Angeles Angels,2.4000
2026-09-27T14:04:27+00:00,3d109aae107e7d5306d828f3004dbb9d,Seattle Mariners vs Los Angeles Angels,h2h,,BetUS,Seattle Mariners,1.6400
2026-09-27T14:04:27+00:00,3d109aae107e7d5306d828f3004dbb9d,Seattle Mariners vs Los Angeles Angels,spreads,1.5,DraftKings,Los Angeles Angels +1.5,1.6300
2026-09-27T14:04:27+00:00,3d109aae107e7d5306d828f3004dbb9d,Seattle Mariners vs Los Angeles Angels,spreads,-1.5,DraftKings,Seattle Mariners -1.5,2.3100
2026-09-27T14:04:27+00:00,3d109aae107e7d5306d828f3004dbb9d,Seattle Mariners vs Los Angeles Angels,spreads,1.5,LowVig.ag,Los Angeles Angels +1.5,1.6400
2026-09-27T14:04:27+00:00,3d109aae107e7d5306d828f3004dbb9d,Seattle Mariners vs Los Angeles Angels,spreads,-1.5,LowVig.ag,Seattle Mariners -1.5,2.3900
2026-09-27T14:04:27+00:00,3d109aae107e7d5306d828f3004dbb9d,Seattle Mariners vs Los Angeles Angels,spreads,1.5,BetOnline.ag,Los Angeles Angels +1.5,1.6300
2026-09-27T14:04:27+00:00,3d109aae107e7d5306d828f3004dbb9d,Seattle Mariners vs Los Angeles Angels,spreads,-1.5,BetOnline.ag,Seattle Mariners -1.5,2.3800
2026-09-27T14:04:27+00:00,3d109aae107e7d5306d828f3004dbb9d,Seattle Mariners vs Los Angeles Angels,spreads,1.5,MyBookie.ag,Los Angeles Angels +1.5,1.6100
2026-09-27T14:04:27+00:00,3d109aae107e7d5306d828f3004dbb9d,Seattle Mariners vs Los Angeles Angels,spreads,-1.5,MyBookie.ag,Seattle Mariners -1.5,2.3800
2026-09-27T14:04:27+00:00,3d109aae107e7d5306d828f3004dbb9d,Seattle Mariners vs Los Angeles Angels,spreads,1.5,BetMGM,Los Angeles Angels +1.5,1.6500
2026-09-27T14:04:27+00:00,3d109aae107e7d5306d828f3004dbb9d,Seattle Mariners vs Los Angeles Angels,spreads,-1.5,BetMGM,Seattle Mariners -1.5,2.2500
2026-09-27T14:04:27+00:00,3d109aae107e7d5306d828f3004dbb9d,Seattle Mariners vs Los Angeles Angels,spreads,1.5,FanDuel,Los Angeles Angels +1.5,1.6400
2026-09-27T14:04:27+00:00,3d109aae107e7d5306d828f3004dbb9d,Seattle Mariners vs Los Angeles Angels,spreads,-1.5,FanDuel,Seattle Mariners -1.5,2.3000
2026-09-27T14:04:27+00:00,3d109aae107e7d5306d828f3004dbb9d,Seattle Mariners vs Los Angeles Angels,spreads,1.5,Bovada,Los Angeles Angels +1.5,1.6200
2026-09-27T14:04:27+00:00,3d109aae107e7d5306d828f3004dbb9d,Seattle Mariners vs Los Angeles Angels,spreads,-1.5,Bovada,Seattle Mariners -1.5,2.3500
2026-09-27T14:04:27+00:00,3d109aae107e7d5306d828f3004dbb9d,Seattle Mariners vs Los Angeles Angels,spreads,1.5,BetRivers,Los Angeles Angels +1.5,1.6800
2026-09-27T14:04:27+00:00,3d109aae107e7d5306d828f3004dbb9d,Seattle Mariners vs Los Angeles Angels,spreads,-1.5,BetRivers,Seattle Mariners -1.5,2.2000
2026-09-27T14:04:27+00:00,3d109aae107e7d5306d828f3004dbb9d,Seattle Mariners vs Los Angeles Angels,spreads,1.5,BetUS,Los Angeles Angels +1.5,1.6200
2026-09-27T14:04:27+00:00,3d109aae107e7d5306d828f3004dbb9d,Seattle Mariners vs Los Angeles Angels,spreads,-1.5,BetUS,Seattle Mariners -1.5,2.4000
2026-09-27T14:04:27+00:00,3d109aae107e7d5306d828f3004dbb9d,Seattle Mariners vs Los Angeles Angels,totals,7.0,DraftKings,Over +7,1.9100
2026-09-27T14:04:27+00:00,3d109aae107e7d5306d828f3004dbb9d,Seattle Mariners vs Los Angeles Angels,totals,7.0,DraftKings,Under +7,1.9200
2026-09-27T14:04:27+00:00,3d109aae107e7d5306d828f3004dbb9d,Seattle Mariners vs Los Angeles Angels,totals,7.0,LowVig.ag,Over +7,1.9800
2026-09-27T14:04:27+00:00,3d109aae107e7d5306d828f3004dbb9d,Seattle Mariners vs Los Angeles Angels,totals,7.0,LowVig.ag,Under +7,1.8800
2026-09-27T14:04:27+00:00,3d109aae107e7d5306d828f3004dbb9d,Seattle Mariners vs Los Angeles Angels,totals,7.0,BetOnline.ag,Over +7,1.9500
2026-09-27T14:04:27+00:00,3d109aae107e7d5306d828f3004dbb9d,Seattle Mariners vs Los Angeles Angels,totals,7.0,BetOnline.ag,Under +7,1.8700
2026-09-27T14:04:27+00:00,3d109aae107e7d5306d828f3004dbb9d,Seattle Mariners vs Los Angeles Angels,totals,7.0,MyBookie.ag,Over +7,1.8800
2026-09-27T14:04:27+00:00,3d109aae107e7d5306d828f3004dbb9d,Seattle Mariners vs Los Angeles Angels,totals,7.0,MyBookie.ag,Under +7,1.9300
2026-09-27T14:04:27+00:00,3d109aae107e7d5306d828f3004dbb9d,Seattle Mariners vs Los Angeles Angels,totals,7.0,BetMGM,Over +7,1.8500
2026-09-27T14:04:27+00:00,3d109aae107e7d5306d828f3004dbb9d,Seattle Mariners vs Los Angeles Angels,totals,7.0,BetMGM,Under +7,1.9800
2026-09-27T14:04:27+00:00,3d109aae107e7d5306d828f3004dbb9d,Seattle Mariners vs Los Angeles Angels,totals,7.5,FanDuel,Over +7.5,2.1000
2026-09-27T14:04:27+00:00,3d109aae107e7d5306d828f3004dbb9d,Seattle Mariners vs Los Angeles Angels,totals,7.5,FanDuel,Under +7.5,1.7500
2026-09-27T14:04:27+00:00,3d109aae107e7d5306d828f3004dbb9d,Seattle Mariners vs Los Angeles Angels,totals,7.0,Bovada,Over +7,1.9100
2026-09-27T14:04:27+00:00,3d109aae107e7d5306d828f3004dbb9d,Seattle Mariners vs Los Angeles Angels,totals,7.0,Bovada,Under +7,1.9100
2026-09-27T14:04:27+00:00,3d109aae107e7d5306d828f3004dbb9d,Seattle Mariners vs Los Angeles Angels,totals,7.5,BetRivers,Over +7.5,2.0500
2026-09-27T14:04:27+00:00,3d109aae107e7d5306d828f3004dbb9d,Seattle Mariners vs Los Angeles Angels,totals,7.5,BetRivers,Under +7.5,1.7900
2026-09-27T14:04:27+00:00,3d109aae107e7d5306d828f3004dbb9d,Seattle Mariners vs Los Angeles Angels,totals,7.0,BetUS,Over +7,1.9500
2026-09-27T14:04:27+00:00,3d109aae107e7d5306d828f3004dbb9d,Seattle Mariners vs Los Angeles Angels,totals,7.0,BetUS,Under +7,1.8700
2026-09-27T14:04:27+00:00,f8c336fa447564a17616c2127dc61bf7,Milwaukee Brewers vs St. Louis Cardinals,h2h,,DraftKings,Milwaukee Brewers,1.4000
2026-09-27T14:04:27+00:00,f8c336fa447564a17616c2127dc61bf7,Milwaukee Brewers vs St. Louis Cardinals,h2h,,DraftKings,St. Louis Cardinals,3.0200
2026-09-27T14:04:27+00:00,f8c336fa447564a17616c2127dc61bf7,Milwaukee Brewers vs St. Louis Cardinals,h2h,,BetOnline.ag,Milwaukee Brewers,1.4400
2026-09-27T14:04:27+00:00,f8c336fa447564a17616c2127dc61bf7,Milwaukee Brewers vs St. Louis Cardinals,h2h,,BetOnline.ag,St. Louis Cardinals,3.0100
2026-09-27T14:04:27+00:00,f8c336fa447564a17616c2127dc61bf7,Milwaukee Brewers vs St. Louis Cardinals,h2h,,LowVig.ag,Milwaukee Brewers,1.4400
2026-09-27T14:04:27+00:00,f8c336fa447564a17616c2127dc61bf7,Milwaukee Brewers vs St. Louis Cardinals,h2h,,LowVig.ag,St. Louis Cardinals,3.0100
2026-09-27T14:04:27+00:00,f8c336fa447564a17616c2127dc61bf7,Milwaukee Brewers vs St. Louis Cardinals,h2h,,BetMGM,Milwaukee Brewers,1.4000
2026-09-27T14:04:27+00:00,f8c336fa447564a17616c2127dc61bf7,Milwaukee Brewers vs St. Louis Cardinals,h2h,,BetMGM,St. Louis Cardinals,3.0000
2026-09-27T14:04:27+00:00,f8c336fa447564a17616c2127dc61bf7,Milwaukee Brewers vs St. Louis Cardinals,h2h,,FanDuel,Milwaukee Brewers,1.4100
2026-09-27T14:04:27+00:00,f8c336fa447564a17616c2127dc61bf7,Milwaukee Brewers vs St. Louis Cardinals,h2h,,FanDuel,St. Louis Cardinals,3.0000
2026-09-27T14:04:27+00:00,f8c336fa447564a17616c2127dc61bf7,Milwaukee Brewers vs St. Louis Cardinals,h2h,,Bovada,Milwaukee Brewers,1.4000
2026-09-27T14:04:27+00:00,f8c336fa447564a17616c2127dc61bf7,Milwaukee Brewers vs St. Louis Cardinals,h2h,,Bovada,St. Louis Cardinals,3.0500
2026-09-27T14:04:27+00:00,f8c336fa447564a17616c2127dc61bf7,Milwaukee Brewers vs St. Louis Cardinals,h2h,,BetUS,Milwaukee Brewers,1.4400
2026-09-27T14:04:27+00:00,f8c336fa447564a17616c2127dc61bf7,Milwaukee Brewers vs St. Louis Cardinals,h2h,,BetUS,St. Louis Cardinals,2.9400
2026-09-27T14:04:27+00:00,f8c336fa447564a17616c2127dc61bf7,Milwaukee Brewers vs St. Louis Cardinals,h2h,,BetRivers,Milwaukee Brewers,1.4700
2026-09-27T14:04:27+00:00,f8c336fa447564a17616c2127dc61bf7,Milwaukee Brewers vs St. Louis Cardinals,h2h,,BetRivers,St. Louis Cardinals,2.7500
2026-09-27T14:04:27+00:00,f8c336fa447564a17616c2127dc61bf7,Milwaukee Brewers vs St. Louis Cardinals,h2h,,MyBookie.ag,Milwaukee Brewers,1.4100
2026-09-27T14:04:27+00:00,f8c336fa447564a17616c2127dc61bf7,Milwaukee Brewers vs St. Louis Cardinals,h2h,,MyBookie.ag,St. Louis Cardinals,3.0000
2026-09-27T14:04:27+00:00,f8c336fa447564a17616c2127dc61bf7,Milwaukee Brewers vs St. Louis Cardinals,spreads,-1.5,DraftKings,Milwaukee Brewers -1.5,1.9800
2026-09-27T14:04:27+00:00,f8c336fa447564a17616c2127dc61bf7,Milwaukee Brewers vs St. Louis Cardinals,spreads,1.5,DraftKings,St. Louis Cardinals +1.5,1.8500
2026-09-27T14:04:27+00:00,f8c336fa447564a17616c2127dc61bf7,Milwaukee Brewers vs St. Louis Cardinals,spreads,-1.5,BetOnline.ag,Milwaukee Brewers -1.5,1.9800
2026-09-27T14:04:27+00:00,f8c336fa447564a17616c2127dc61bf7,Milwaukee Brewers vs St. Louis Cardinals,spreads,1.5,BetOnline.ag,St. Louis Cardinals +1.5,1.8500
2026-09-27T14:04:27+00:00,f8c336fa447564a17616c2127dc61bf7,Milwaukee Brewers vs St. Louis Cardinals,spreads,-1.5,LowVig.ag,Milwaukee Brewers -1.5,2.0100
2026-09-27T14:04:27+00:00,f8c336fa447564a17616c2127dc61bf7,Milwaukee Brewers vs St. Louis Cardinals,spreads,1.5,LowVig.ag,St. Louis Cardinals +1.5,1.8700
2026-09-27T14:04:27+00:00,f8c336fa447564a17616c2127dc61bf7,Milwaukee Brewers vs St. Louis Cardinals,spreads,-1.5,BetMGM,Milwaukee Brewers -1.5,2.0000
2026-09-27T14:04:27+00:00,f8c336fa447564a17616c2127dc61bf7,Milwaukee Brewers vs St. Louis Cardinals,spreads,1.5,BetMGM,St. Louis Cardinals +1.5,1.8300
2026-09-27T14:04:27+00:00,f8c336fa447564a17616c2127dc61bf7,Milwaukee Brewers vs St. Louis Cardinals,spreads,-1.5,FanDuel,Milwaukee Brewers -1.5,1.9600
2026-09-27T14:04:27+00:00,f8c336fa447564a17616c2127dc61bf7,Milwaukee Brewers vs St. Louis Cardinals,spreads,1.5,FanDuel,St. Louis Cardinals +1.5,1.8700
2026-09-27T14:04:27+00:00,f8c336fa447564a17616c2127dc61bf7,Milwaukee Brewers vs St. Louis Cardinals,spreads,-1.5,Bovada,Milwaukee Brewers -1.5,1.9500
2026-09-27T14:04:27+00:00,f8c336fa447564a17616c2127dc61bf7,Milwaukee Brewers vs St. Louis Cardinals,spreads,1.5,Bovada,St. Louis Cardinals +1.5,1.8700
2026-09-27T14:04:27+00:00,f8c336fa447564a17616c2127dc61bf7,Milwaukee Brewers vs St. Louis Cardinals,spreads,-1.5,BetUS,Milwaukee Brewers -1.5,2.0000
2026-09-27T14:04:27+00:00,f8c336fa447564a17616c2127dc61bf7,Milwaukee Brewers vs St. Louis Cardinals,spreads,1.5,BetUS,St. Louis Cardinals +1.5,1.8300
2026-09-27T14:04:27+00:00,f8c336fa447564a17616c2127dc61bf7,Milwaukee Brewers vs St. Louis Cardinals,spreads,-1.5,BetRivers,Milwaukee Brewers -1.5,1.9200
2026-09-27T14:04:27+00:00,f8c336fa447564a17616c2127dc61bf7,Milwaukee Brewers vs St. Louis Cardinals,spreads,1.5,BetRivers,St. Louis Cardinals +1.5,1.8900
2026-09-27T14:04:27+00:00,f8c336fa447564a17616c2127dc61bf7,Milwaukee Brewers vs St. Louis Cardinals,spreads,-1.5,MyBookie.ag,Milwaukee Brewers -1.5,2.0100
2026-09-27T14:04:27+00:00,f8c336fa447564a17616c2127dc61bf7,Milwaukee Brewers vs St. Louis Cardinals,spreads,1.5,MyBookie.ag,St. Louis Cardinals +1.5,1.8400
2026-09-27T14:04:27+00:00,f8c336fa447564a17616c2127dc61bf7,Milwaukee Brewers vs St. Louis Cardinals,totals,7.0,DraftKings,Over +7,2.0000
2026-09-27T14:04:27+00:00,f8c336fa447564a17616c2127dc61bf7,Milwaukee Brewers vs St. Louis Cardinals,totals,7.0,DraftKings,Under +7,1.8300
2026-09-27T14:04:27+00:00,f8c336fa447564a17616c2127dc61bf7,Milwaukee Brewers vs St. Louis Cardinals,totals,7.0,BetOnline.ag,Over +7,2.0000
2026-09-27T14:04:27+00:00,f8c336fa447564a17616c2127dc61bf7,Milwaukee Brewers vs St. Louis Cardinals,totals,7.0,BetOnline.ag,Under +7,1.8300
2026-09-27T14:04:27+00:00,f8c336fa447564a17616c2127dc61bf7,Milwaukee Brewers vs St. Louis Cardinals,totals,7.0,LowVig.ag,Over +7,2.0300
2026-09-27T14:04:27+00:00,f8c336fa447564a17616c2127dc61bf7,Milwaukee Brewers vs St. Louis Cardinals,totals,7.0,LowVig.ag,Under +7,1.8500
2026-09-27T14:04:27+00:00,f8c336fa447564a17616c2127dc61bf7,Milwaukee Brewers vs St. Louis Cardinals,totals,7.0,BetMGM,Over +7,1.9500
2026-09-27T14:04:27+00:00,f8c336fa447564a17616c2127dc61bf7,Milwaukee Brewers vs St. Louis Cardinals,totals,7.0,BetMGM,Under +7,1.8700
2026-09-27T14:04:27+00:00,f8c336fa447564a17616c2127dc61bf7,Milwaukee Brewers vs St. Louis Cardinals,totals,7.5,FanDuel,Over +7.5,2.1800
2026-09-27T14:04:27+00:00,f8c336fa447564a17616c2127dc61bf7,Milwaukee Brewers vs St. Louis Cardinals,totals,7.5,FanDuel,Under +7.5,1.6900
2026-09-27T14:04:27+00:00,f8c336fa447564a17616c2127dc61bf7,Milwaukee Brewers vs St. Louis Cardinals,totals,7.0,Bovada,Over +7,2.0500
2026-09-27T14:04:27+00:00,f8c336fa447564a17616c2127dc61bf7,Milwaukee Brewers vs St. Louis Cardinals,totals,7.0,Bovada,Under +7,1.8000
2026-09-27T14:04:27+00:00,f8c336fa447564a17616c2127dc61bf7,Milwaukee Brewers vs St. Louis Cardinals,totals,7.0,BetUS,Over +7,2.0000
2026-09-27T14:04:27+00:00,f8c336fa447564a17616c2127dc61bf7,Milwaukee Brewers vs St. Louis Cardinals,totals,7.0,BetUS,Under +7,1.8300
2026-09-27T14:04:27+00:00,f8c336fa447564a17616c2127dc61bf7,Milwaukee Brewers vs St. Louis Cardinals,totals,7.0,BetRivers,Over +7,1.8500
2026-09-27T14:04:27+00:00,f8c336fa447564a17616c2127dc61bf7,Milwaukee Brewers vs St. Louis Cardinals,totals,7.0,BetRivers,Under +7,1.8300
2026-09-27T14:04:27+00:00,f8c336fa447564a17616c2127dc61bf7,Milwaukee Brewers vs St. Louis Cardinals,totals,7.0,MyBookie.ag,Over +7,2.0000
2026-09-27T14:04:27+00:00,f8c336fa447564a17616c2127dc61bf7,Milwaukee Brewers vs St. Louis Cardinals,totals,7.0,MyBookie.ag,Under +7,1.8200
2026-09-27T14:04:27+00:00,a30b8084ec3236e2dfd36571563a17b8,San Diego Padres vs Arizona Diamondbacks,h2h,,FanDuel,Arizona Diamondbacks,1.7000
2026-09-27T14:04:27+00:00,a30b8084ec3236e2dfd36571563a17b8,San Diego Padres vs Arizona Diamondbacks,h2h,,FanDuel,San Diego Padres,2.2000
2026-09-27T14:04:27+00:00,a30b8084ec3236e2dfd36571563a17b8,San Diego Padres vs Arizona Diamondbacks,h2h,,MyBookie.ag,Arizona Diamondbacks,1.6900
2026-09-27T14:04:27+00:00,a30b8084ec3236e2dfd36571563a17b8,San Diego Padres vs Arizona Diamondbacks,h2h,,MyBookie.ag,San Diego Padres,2.2300
2026-09-27T14:04:27+00:00,a30b8084ec3236e2dfd36571563a17b8,San Diego Padres vs Arizona Diamondbacks,h2h,,Bovada,Arizona Diamondbacks,1.6700
2026-09-27T14:04:27+00:00,a30b8084ec3236e2dfd36571563a17b8,San Diego Padres vs Arizona Diamondbacks,h2h,,Bovada,San Diego Padres,2.2600
2026-09-27T14:04:27+00:00,a30b8084ec3236e2dfd36571563a17b8,San Diego Padres vs Arizona Diamondbacks,h2h,,BetRivers,Arizona Diamondbacks,1.7200
2026-09-27T14:04:27+00:00,a30b8084ec3236e2dfd36571563a17b8,San Diego Padres vs Arizona Diamondbacks,h2h,,BetRivers,San Diego Padres,2.1600
2026-09-27T14:04:27+00:00,a30b8084ec3236e2dfd36571563a17b8,San Diego Padres vs Arizona Diamondbacks,h2h,,DraftKings,Arizona Diamondbacks,1.6800
2026-09-27T14:04:27+00:00,a30b8084ec3236e2dfd36571563a17b8,San Diego Padres vs Arizona Diamondbacks,h2h,,DraftKings,San Diego Padres,2.2300
2026-09-27T14:04:27+00:00,a30b8084ec3236e2dfd36571563a17b8,San Diego Padres vs Arizona Diamondbacks,h2h,,LowVig.ag,Arizona Diamondbacks,1.7100
2026-09-27T14:04:27+00:00,a30b8084ec3236e2dfd36571563a17b8,San Diego Padres vs Arizona Diamondbacks,h2h,,LowVig.ag,San Diego Padres,2.2800
2026-09-27T14:04:27+00:00,a30b8084ec3236e2dfd36571563a17b8,San Diego Padres vs Arizona Diamondbacks,h2h,,BetOnline.ag,Arizona Diamondbacks,1.7100
2026-09-27T14:04:27+00:00,a30b8084ec3236e2dfd36571563a17b8,San Diego Padres vs Arizona Diamondbacks,h2h,,BetOnline.ag,San Diego Padres,2.2800
2026-09-27T14:04:27+00:00,a30b8084ec3236e2dfd36571563a17b8,San Diego Padres vs Arizona Diamondbacks,h2h,,BetMGM,Arizona Diamondbacks,1.6700
2026-09-27T14:04:27+00:00,a30b8084ec3236e2dfd36571563a17b8,San Diego Padres vs Arizona Diamondbacks,h2h,,BetMGM,San Diego Padres,2.2500
2026-09-27T14:04:27+00:00,a30b8084ec3236e2dfd36571563a17b8,San Diego Padres vs Arizona Diamondbacks,h2h,,BetUS,Arizona Diamondbacks,1.7100
2026-09-27T14:04:27+00:00,a30b8084ec3236e2dfd36571563a17b8,San Diego Padres vs Arizona Diamondbacks,h2h,,BetUS,San Diego Padres,2.2700
2026-09-27T14:04:27+00:00,a30b8084ec3236e2dfd36571563a17b8,San Diego Padres vs Arizona Diamondbacks,spreads,-1.5,FanDuel,Arizona Diamondbacks -1.5,2.2000
2026-09-27T14:04:27+00:00,a30b8084ec3236e2dfd36571563a17b8,San Diego Padres vs Arizona Diamondbacks,spreads,1.5,FanDuel,San Diego Padres +1.5,1.6900
2026-09-27T14:04:27+00:00,a30b8084ec3236e2dfd36571563a17b8,San Diego Padres vs Arizona Diamondbacks,spreads,-1.5,MyBookie.ag,Arizona Diamondbacks -1.5,2.1400
2026-09-27T14:04:27+00:00,a30b8084ec3236e2dfd36571563a17b8,San Diego Padres vs Arizona Diamondbacks,spreads,1.5,MyBookie.ag,San Diego Padres +1.5,1.7500
2026-09-27T14:04:27+00:00,a30b8084ec3236e2dfd36571563a17b8,San Diego Padres vs Arizona Diamondbacks,spreads,-1.5,Bovada,Arizona Diamondbacks -1.5,2.1500
2026-09-27T14:04:27+00:00,a30b8084ec3236e2dfd36571563a17b8,San Diego Padres vs Arizona Diamondbacks,spreads,1.5,Bovada,San Diego Padres +1.5,1.7400
2026-09-27T14:04:27+00:00,a30b8084ec3236e2dfd36571563a17b8,San Diego Padres vs Arizona Diamondbacks,spreads,-1.5,BetRivers,Arizona Diamondbacks -1.5,2.1400
2026-09-27T14:04:27+00:00,a30b8084ec3236e2dfd36571563a17b8,San Diego Padres vs Arizona Diamondbacks,spreads,1.5,BetRivers,San Diego Padres +1.5,1.7200
2026-09-27T14:04:27+00:00,a30b8084ec3236e2dfd36571563a17b8,San Diego Padres vs Arizona Diamondbacks,spreads,-1.5,DraftKings,Arizona Diamondbacks -1.5,2.1800
2026-09-27T14:04:27+00:00,a30b8084ec3236e2dfd36571563a17b8,San Diego Padres vs Arizona Diamondbacks,spreads,1.5,DraftKings,San Diego Padres +1.5,1.7000
2026-09-27T14:04:27+00:00,a30b8084ec3236e2dfd36571563a17b8,San Diego Padres vs Arizona Diamondbacks,spreads,-1.5,LowVig.ag,Arizona Diamondbacks -1.5,2.2000
2026-09-27T14:04:27+00:00,a30b8084ec3236e2dfd36571563a17b8,San Diego Padres vs Arizona Diamondbacks,spreads,1.5,LowVig.ag,San Diego Padres +1.5,1.7400
2026-09-27T14:04:27+00:00,a30b8084ec3236e2dfd36571563a17b8,San Diego Padres vs Arizona Diamondbacks,spreads,-1.5,BetOnline.ag,Arizona Diamondbacks -1.5,2.1800
2026-09-27T14:04:27+00:00,a30b8084ec3236e2dfd36571563a17b8,San Diego Padres vs Arizona Diamondbacks,spreads,1.5,BetOnline.ag,San Diego Padres +1.5,1.7200
2026-09-27T14:04:27+00:00,a30b8084ec3236e2dfd36571563a17b8,San Diego Padres vs Arizona Diamondbacks,spreads,-1.5,BetMGM,Arizona Diamondbacks -1.5,2.1500
2026-09-27T14:04:27+00:00,a30b8084ec3236e2dfd36571563a17b8,San Diego Padres vs Arizona Diamondbacks,spreads,1.5,BetMGM,San Diego Padres +1.5,1.7100
2026-09-27T14:04:27+00:00,a30b8084ec3236e2dfd36571563a17b8,San Diego Padres vs Arizona Diamondbacks,spreads,-1.5,BetUS,Arizona Diamondbacks -1.5,2.2000
2026-09-27T14:04:27+00:00,a30b8084ec3236e2dfd36571563a17b8,San Diego Padres vs Arizona Diamondbacks,spreads,1.5,BetUS,San Diego Padres +1.5,1.7100
2026-09-27T14:04:27+00:00,a30b8084ec3236e2dfd36571563a17b8,San Diego Padres vs Arizona Diamondbacks,totals,8.5,FanDuel,Over +8.5,2.0800
2026-09-27T14:04:27+00:00,a30b8084ec3236e2dfd36571563a17b8,San Diego Padres vs Arizona Diamondbacks,totals,8.5,FanDuel,Under +8.5,1.7600
2026-09-27T14:04:27+00:00,a30b8084ec3236e2dfd36571563a17b8,San Diego Padres vs Arizona Diamondbacks,totals,8.0,MyBookie.ag,Over +8,1.9300
2026-09-27T14:04:27+00:00,a30b8084ec3236e2dfd36571563a17b8,San Diego Padres vs Arizona Diamondbacks,totals,8.0,MyBookie.ag,Under +8,1.8800
2026-09-27T14:04:27+00:00,a30b8084ec3236e2dfd36571563a17b8,San Diego Padres vs Arizona Diamondbacks,totals,8.0,Bovada,Over +8,1.9500
2026-09-27T14:04:27+00:00,a30b8084ec3236e2dfd36571563a17b8,San Diego Padres vs Arizona Diamondbacks,totals,8.0,Bovada,Under +8,1.8700
2026-09-27T14:04:27+00:00,a30b8084ec3236e2dfd36571563a17b8,San Diego Padres vs Arizona Diamondbacks,totals,8.0,BetRivers,Over +8,1.8300
2026-09-27T14:04:27+00:00,a30b8084ec3236e2dfd36571563a17b8,San Diego Padres vs Arizona Diamondbacks,totals,8.0,BetRivers,Under +8,1.8500
2026-09-27T14:04:27+00:00,a30b8084ec3236e2dfd36571563a17b8,San Diego Padres vs Arizona Diamondbacks,totals,8.0,DraftKings,Over +8,1.9600
2026-09-27T14:04:27+00:00,a30b8084ec3236e2dfd36571563a17b8,San Diego Padres vs Arizona Diamondbacks,totals,8.0,DraftKings,Under +8,1.8700
2026-09-27T14:04:27+00:00,a30b8084ec3236e2dfd36571563a17b8,San Diego Padres vs Arizona Diamondbacks,totals,8.0,LowVig.ag,Over +8,2.0300
2026-09-27T14:04:27+00:00,a30b8084ec3236e2dfd36571563a17b8,San Diego Padres vs Arizona Diamondbacks,totals,8.0,LowVig.ag,Under +8,1.8500
2026-09-27T14:04:27+00:00,a30b8084ec3236e2dfd36571563a17b8,San Diego Padres vs Arizona Diamondbacks,totals,8.0,BetOnline.ag,Over +8,2.0000
2026-09-27T14:04:27+00:00,a30b8084ec3236e2dfd36571563a17b8,San Diego Padres vs Arizona Diamondbacks,totals,8.0,BetOnline.ag,Under +8,1.8300
2026-09-27T14:04:27+00:00,a30b8084ec3236e2dfd36571563a17b8,San Diego Padres vs Arizona Diamondbacks,totals,8.0,BetMGM,Over +8,1.9500
2026-09-27T14:04:27+00:00,a30b8084ec3236e2dfd36571563a17b8,San Diego Padres vs Arizona Diamondbacks,totals,8.0,BetMGM,Under +8,1.8700
2026-09-27T14:04:27+00:00,a30b8084ec3236e2dfd36571563a17b8,San Diego Padres vs Arizona Diamondbacks,totals,8.0,BetUS,Over +8,2.0000
2026-09-27T14:04:27+00:00,a30b8084ec3236e2dfd36571563a17b8,San Diego Padres vs Arizona Diamondbacks,totals,8.0,BetUS,Under +8,1.8300
2026-09-27T14:04:27+00:00,145cdebdd889acf475c53aec610bd845,Kansas City Royals vs Cleveland Guardians,h2h,,FanDuel,Cleveland Guardians,1.8500
2026-09-27T14:04:27+00:00,145cdebdd889acf475c53aec610bd845,Kansas City Royals vs Cleveland Guardians,h2h,,FanDuel,Kansas City Royals,2.0000
2026-09-27T14:04:27+00:00,145cdebdd889acf475c53aec610bd845,Kansas City Royals vs Cleveland Guardians,h2h,,MyBookie.ag,Cleveland Guardians,1.7500
2026-09-27T14:04:27+00:00,145cdebdd889acf475c53aec610bd845,Kansas City Royals vs Cleveland Guardians,h2h,,MyBookie.ag,Kansas City Royals,2.1400
2026-09-27T14:04:27+00:00,145cdebdd889acf475c53aec610bd845,Kansas City Royals vs Cleveland Guardians,h2h,,BetRivers,Cleveland Guardians,1.7700
2026-09-27T14:04:27+00:00,145cdebdd889acf475c53aec610bd845,Kansas City Royals vs Cleveland Guardians,h2h,,BetRivers,Kansas City Royals,2.0800
2026-09-27T14:04:27+00:00,145cdebdd889acf475c53aec610bd845,Kansas City Royals vs Cleveland Guardians,h2h,,Bovada,Cleveland Guardians,1.8800
2026-09-27T14:04:27+00:00,145cdebdd889acf475c53aec610bd845,Kansas City Royals vs Cleveland Guardians,h2h,,Bovada,Kansas City Royals,1.9400
2026-09-27T14:04:27+00:00,145cdebdd889acf475c53aec610bd845,Kansas City Royals vs Cleveland Guardians,h2h,,DraftKings,Cleveland Guardians,1.8900
2026-09-27T14:04:27+00:00,145cdebdd889acf475c53aec610bd845,Kansas City Royals vs Cleveland Guardians,h2h,,DraftKings,Kansas City Royals,1.9300
2026-09-27T14:04:27+00:00,145cdebdd889acf475c53aec610bd845,Kansas City Royals vs Cleveland Guardians,h2h,,BetMGM,Cleveland Guardians,1.7700
2026-09-27T14:04:27+00:00,145cdebdd889acf475c53aec610bd845,Kansas City Royals vs Cleveland Guardians,h2h,,BetMGM,Kansas City Royals,2.0500
2026-09-27T14:04:27+00:00,145cdebdd889acf475c53aec610bd845,Kansas City Royals vs Cleveland Guardians,h2h,,LowVig.ag,Cleveland Guardians,1.9600
2026-09-27T14:04:27+00:00,145cdebdd889acf475c53aec610bd845,Kansas City Royals vs Cleveland Guardians,h2h,,LowVig.ag,Kansas City Royals,1.9400
2026-09-27T14:04:27+00:00,145cdebdd889acf475c53aec610bd845,Kansas City Royals vs Cleveland Guardians,h2h,,BetOnline.ag,Cleveland Guardians,1.8800
2026-09-27T14:04:27+00:00,145cdebdd889acf475c53aec610bd845,Kansas City Royals vs Cleveland Guardians,h2h,,BetOnline.ag,Kansas City Royals,2.0400
2026-09-27T14:04:27+00:00,145cdebdd889acf475c53aec610bd845,Kansas City Royals vs Cleveland Guardians,h2h,,BetUS,Cleveland Guardians,1.7700
2026-09-27T14:04:27+00:00,145cdebdd889acf475c53aec610bd845,Kansas City Royals vs Cleveland Guardians,h2h,,BetUS,Kansas City Royals,2.1800
2026-09-27T14:04:27+00:00,145cdebdd889acf475c53aec610bd845,Kansas City Royals vs Cleveland Guardians,spreads,-1.5,FanDuel,Cleveland Guardians -1.5,2.4200
2026-09-27T14:04:27+00:00,145cdebdd889acf475c53aec610bd845,Kansas City Royals vs Cleveland Guardians,spreads,1.5,FanDuel,Kansas City Royals +1.5,1.5800
2026-09-27T14:04:27+00:00,145cdebdd889acf475c53aec610bd845,Kansas City Royals vs Cleveland Guardians,spreads,-1.5,MyBookie.ag,Cleveland Guardians -1.5,2.2900
2026-09-27T14:04:27+00:00,145cdebdd889acf475c53aec610bd845,Kansas City Royals vs Cleveland Guardians,spreads,1.5,MyBookie.ag,Kansas City Royals +1.5,1.6600
2026-09-27T14:04:27+00:00,145cdebdd889acf475c53aec610bd845,Kansas City Royals vs Cleveland Guardians,spreads,-1.5,BetRivers,Cleveland Guardians -1.5,2.2000
2026-09-27T14:04:27+00:00,145cdebdd889acf475c53aec610bd845,Kansas City Royals vs Cleveland Guardians,spreads,1.5,BetRivers,Kansas City Royals +1.5,1.6800
2026-09-27T14:04:27+00:00,145cdebdd889acf475c53aec610bd845,Kansas City Royals vs Cleveland Guardians,spreads,-1.5,Bovada,Cleveland Guardians -1.5,2.3500
2026-09-27T14:04:27+00:00,145cdebdd889acf475c53aec610bd845,Kansas City Royals vs Cleveland Guardians,spreads,1.5,Bovada,Kansas City Royals +1.5,1.6200
2026-09-27T14:04:27+00:00,145cdebdd889acf475c53aec610bd845,Kansas City Royals vs Cleveland Guardians,spreads,-1.5,DraftKings,Cleveland Guardians -1.5,2.3500
2026-09-27T14:04:27+00:00,145cdebdd889acf475c53aec610bd845,Kansas City Royals vs Cleveland Guardians,spreads,1.5,DraftKings,Kansas City Royals +1.5,1.6100
2026-09-27T14:04:27+00:00,145cdebdd889acf475c53aec610bd845,Kansas City Royals vs Cleveland Guardians,spreads,-1.5,BetMGM,Cleveland Guardians -1.5,2.2500
2026-09-27T14:04:27+00:00,145cdebdd889acf475c53aec610bd845,Kansas City Royals vs Cleveland Guardians,spreads,1.5,BetMGM,Kansas City Royals +1.5,1.6500
2026-09-27T14:04:27+00:00,145cdebdd889acf475c53aec610bd845,Kansas City Royals vs Cleveland Guardians,spreads,-1.5,LowVig.ag,Cleveland Guardians -1.5,2.4100
2026-09-27T14:04:27+00:00,145cdebdd889acf475c53aec610bd845,Kansas City Royals vs Cleveland Guardians,spreads,1.5,LowVig.ag,Kansas City Royals +1.5,1.6200
2026-09-27T14:04:27+00:00,145cdebdd889acf475c53aec610bd845,Kansas City Royals vs Cleveland Guardians,spreads,-1.5,BetOnline.ag,Cleveland Guardians -1.5,2.3500
2026-09-27T14:04:27+00:00,145cdebdd889acf475c53aec610bd845,Kansas City Royals vs Cleveland Guardians,spreads,1.5,BetOnline.ag,Kansas City Royals +1.5,1.6500
2026-09-27T14:04:27+00:00,145cdebdd889acf475c53aec610bd845,Kansas City Royals vs Cleveland Guardians,spreads,-1.5,BetUS,Cleveland Guardians -1.5,2.2500
2026-09-27T14:04:27+00:00,145cdebdd889acf475c53aec610bd845,Kansas City Royals vs Cleveland Guardians,spreads,1.5,BetUS,Kansas City Royals +1.5,1.6900
2026-09-27T14:04:27+00:00,145cdebdd889acf475c53aec610bd845,Kansas City Royals vs Cleveland Guardians,totals,8.5,FanDuel,Over +8.5,1.9100
2026-09-27T14:04:27+00:00,145cdebdd889acf475c53aec610bd845,Kansas City Royals vs Cleveland Guardians,totals,8.5,FanDuel,Under +8.5,1.9100
2026-09-27T14:04:27+00:00,145cdebdd889acf475c53aec610bd845,Kansas City Royals vs Cleveland Guardians,totals,8.5,MyBookie.ag,Over +8.5,1.8800
2026-09-27T14:04:27+00:00,145cdebdd889acf475c53aec610bd845,Kansas City Royals vs Cleveland Guardians,totals,8.5,MyBookie.ag,Under +8.5,1.9300
2026-09-27T14:04:27+00:00,145cdebdd889acf475c53aec610bd845,Kansas City Royals vs Cleveland Guardians,totals,8.5,BetRivers,Over +8.5,1.9200
2026-09-27T14:04:27+00:00,145cdebdd889acf475c53aec610bd845,Kansas City Royals vs Cleveland Guardians,totals,8.5,BetRivers,Under +8.5,1.8900
2026-09-27T14:04:27+00:00,145cdebdd889acf475c53aec610bd845,Kansas City Royals vs Cleveland Guardians,totals,8.5,Bovada,Over +8.5,1.8700
2026-09-27T14:04:27+00:00,145cdebdd889acf475c53aec610bd845,Kansas City Royals vs Cleveland Guardians,totals,8.5,Bovada,Under +8.5,1.9500
2026-09-27T14:04:27+00:00,145cdebdd889acf475c53aec610bd845,Kansas City Royals vs Cleveland Guardians,totals,8.5,DraftKings,Over +8.5,1.8900
2026-09-27T14:04:27+00:00,145cdebdd889acf475c53aec610bd845,Kansas City Royals vs Cleveland Guardians,totals,8.5,DraftKings,Under +8.5,1.9300
2026-09-27T14:04:27+00:00,145cdebdd889acf475c53aec610bd845,Kansas City Royals vs Cleveland Guardians,totals,8.5,BetMGM,Over +8.5,1.9100
2026-09-27T14:04:27+00:00,145cdebdd889acf475c53aec610bd845,Kansas City Royals vs Cleveland Guardians,totals,8.5,BetMGM,Under +8.5,1.9100
2026-09-27T14:04:27+00:00,145cdebdd889acf475c53aec610bd845,Kansas City Royals vs Cleveland Guardians,totals,8.5,LowVig.ag,Over +8.5,1.9800
2026-09-27T14:04:27+00:00,145cdebdd889acf475c53aec610bd845,Kansas City Royals vs Cleveland Guardians,totals,8.5,LowVig.ag,Under +8.5,1.8800
2026-09-27T14:04:27+00:00,145cdebdd889acf475c53aec610bd845,Kansas City Royals vs Cleveland Guardians,totals,8.5,BetOnline.ag,Over +8.5,1.9100
2026-09-27T14:04:27+00:00,145cdebdd889acf475c53aec610bd845,Kansas City Royals vs Cleveland Guardians,totals,8.5,BetOnline.ag,Under +8.5,1.9100
2026-09-27T14:04:27+00:00,145cdebdd889acf475c53aec610bd845,Kansas City Royals vs Cleveland Guardians,totals,8.5,BetUS,Over +8.5,1.9100
2026-09-27T14:04:27+00:00,145cdebdd889acf475c53aec610bd845,Kansas City Royals vs Cleveland Guardians,totals,8.5,BetUS,Under +8.5,1.9100
2026-09-27T14:04:27+00:00,b399c26bfec19fedbe59553718bf1c7a,Minnesota Twins vs Texas Rangers,h2h,,FanDuel,Minnesota Twins,2.0600
2026-09-27T14:04:27+00:00,b399c26bfec19fedbe59553718bf1c7a,Minnesota Twins vs Texas Rangers,h2h,,FanDuel,Texas Rangers,1.8100
2026-09-27T14:04:27+00:00,b399c26bfec19fedbe59553718bf1c7a,Minnesota Twins vs Texas Rangers,h2h,,MyBookie.ag,Minnesota Twins,2.0500
2026-09-27T14:04:27+00:00,b399c26bfec19fedbe59553718bf1c7a,Minnesota Twins vs Texas Rangers,h2h,,MyBookie.ag,Texas Rangers,1.8100
2026-09-27T14:04:27+00:00,b399c26bfec19fedbe59553718bf1c7a,Minnesota Twins vs Texas Rangers,h2h,,LowVig.ag,Minnesota Twins,2.1400
2026-09-27T14:04:27+00:00,b399c26bfec19fedbe59553718bf1c7a,Minnesota Twins vs Texas Rangers,h2h,,LowVig.ag,Texas Rangers,1.7900
2026-09-27T14:04:27+00:00,b399c26bfec19fedbe59553718bf1c7a,Minnesota Twins vs Texas Rangers,h2h,,BetUS,Minnesota Twins,2.1200
2026-09-27T14:04:27+00:00,b399c26bfec19fedbe59553718bf1c7a,Minnesota Twins vs Texas Rangers,h2h,,BetUS,Texas Rangers,1.8100
2026-09-27T14:04:27+00:00,b399c26bfec19fedbe59553718bf1c7a,Minnesota Twins vs Texas Rangers,h2h,,BetOnline.ag,Minnesota Twins,2.1400
2026-09-27T14:04:27+00:00,b399c26bfec19fedbe59553718bf1c7a,Minnesota Twins vs Texas Rangers,h2h,,BetOnline.ag,Texas Rangers,1.7900
2026-09-27T14:04:27+00:00,b399c26bfec19fedbe59553718bf1c7a,Minnesota Twins vs Texas Rangers,h2h,,BetMGM,Minnesota Twins,2.0500
2026-09-27T14:04:27+00:00,b399c26bfec19fedbe59553718bf1c7a,Minnesota Twins vs Texas Rangers,h2h,,BetMGM,Texas Rangers,1.7700
2026-09-27T14:04:27+00:00,b399c26bfec19fedbe59553718bf1c7a,Minnesota Twins vs Texas Rangers,h2h,,DraftKings,Minnesota Twins,2.0800
2026-09-27T14:04:27+00:00,b399c26bfec19fedbe59553718bf1c7a,Minnesota Twins vs Texas Rangers,h2h,,DraftKings,Texas Rangers,1.7700
2026-09-27T14:04:27+00:00,b399c26bfec19fedbe59553718bf1c7a,Minnesota Twins vs Texas Rangers,h2h,,BetRivers,Minnesota Twins,2.0200
2026-09-27T14:04:27+00:00,b399c26bfec19fedbe59553718bf1c7a,Minnesota Twins vs Texas Rangers,h2h,,BetRivers,Texas Rangers,1.8200
2026-09-27T14:04:27+00:00,b399c26bfec19fedbe59553718bf1c7a,Minnesota Twins vs Texas Rangers,h2h,,Bovada,Minnesota Twins,2.0700
2026-09-27T14:04:27+00:00,b399c26bfec19fedbe59553718bf1c7a,Minnesota Twins vs Texas Rangers,h2h,,Bovada,Texas Rangers,1.7800
2026-09-27T14:04:27+00:00,b399c26bfec19fedbe59553718bf1c7a,Minnesota Twins vs Texas Rangers,spreads,1.5,FanDuel,Minnesota Twins +1.5,1.6200
2026-09-27T14:04:27+00:00,b399c26bfec19fedbe59553718bf1c7a,Minnesota Twins vs Texas Rangers,spreads,-1.5,FanDuel,Texas Rangers -1.5,2.3400
2026-09-27T14:04:27+00:00,b399c26bfec19fedbe59553718bf1c7a,Minnesota Twins vs Texas Rangers,spreads,1.5,MyBookie.ag,Minnesota Twins +1.5,1.6500
2026-09-27T14:04:27+00:00,b399c26bfec19fedbe59553718bf1c7a,Minnesota Twins vs Texas Rangers,spreads,-1.5,MyBookie.ag,Texas Rangers -1.5,2.3100
2026-09-27T14:04:27+00:00,b399c26bfec19fedbe59553718bf1c7a,Minnesota Twins vs Texas Rangers,spreads,1.5,LowVig.ag,Minnesota Twins +1.5,1.6500
2026-09-27T14:04:27+00:00,b399c26bfec19fedbe59553718bf1c7a,Minnesota Twins vs Texas Rangers,spreads,-1.5,LowVig.ag,Texas Rangers -1.5,2.3600
2026-09-27T14:04:27+00:00,b399c26bfec19fedbe59553718bf1c7a,Minnesota Twins vs Texas Rangers,spreads,1.5,BetUS,Minnesota Twins +1.5,1.6500
2026-09-27T14:04:27+00:00,b399c26bfec19fedbe59553718bf1c7a,Minnesota Twins vs Texas Rangers,spreads,-1.5,BetUS,Texas Rangers -1.5,2.3500
2026-09-27T14:04:27+00:00,b399c26bfec19fedbe59553718bf1c7a,Minnesota Twins vs Texas Rangers,spreads,1.5,BetOnline.ag,Minnesota Twins +1.5,1.6500
2026-09-27T14:04:27+00:00,b399c26bfec19fedbe59553718bf1c7a,Minnesota Twins vs Texas Rangers,spreads,-1.5,BetOnline.ag,Texas Rangers -1.5,2.3500
2026-09-27T14:04:27+00:00,b399c26bfec19fedbe59553718bf1c7a,Minnesota Twins vs Texas Rangers,spreads,1.5,DraftKings,Minnesota Twins +1.5,1.6400
2026-09-27T14:04:27+00:00,b399c26bfec19fedbe59553718bf1c7a,Minnesota Twins vs Texas Rangers,spreads,-1.5,DraftKings,Texas Rangers -1.5,2.3000
2026-09-27T14:04:27+00:00,b399c26bfec19fedbe59553718bf1c7a,Minnesota Twins vs Texas Rangers,spreads,1.5,BetRivers,Minnesota Twins +1.5,1.6600
2026-09-27T14:04:27+00:00,b399c26bfec19fedbe59553718bf1c7a,Minnesota Twins vs Texas Rangers,spreads,-1.5,BetRivers,Texas Rangers -1.5,2.2300
2026-09-27T14:04:27+00:00,b399c26bfec19fedbe59553718bf1c7a,Minnesota Twins vs Texas Rangers,spreads,1.5,Bovada,Minnesota Twins +1.5,1.6200
2026-09-27T14:04:27+00:00,b399c26bfec19fedbe59553718bf1c7a,Minnesota Twins vs Texas Rangers,spreads,-1.5,Bovada,Texas Rangers -1.5,2.3500
2026-09-27T14:04:27+00:00,b399c26bfec19fedbe59553718bf1c7a,Minnesota Twins vs Texas Rangers,totals,8.5,FanDuel,Over +8.5,2.0000
2026-09-27T14:04:27+00:00,b399c26bfec19fedbe59553718bf1c7a,Minnesota Twins vs Texas Rangers,totals,8.5,FanDuel,Under +8.5,1.8200
2026-09-27T14:04:27+00:00,b399c26bfec19fedbe59553718bf1c7a,Minnesota Twins vs Texas Rangers,totals,8.0,MyBookie.ag,Over +8,1.8600
2026-09-27T14:04:27+00:00,b399c26bfec19fedbe59553718bf1c7a,Minnesota Twins vs Texas Rangers,totals,8.0,MyBookie.ag,Under +8,1.9500
2026-09-27T14:04:27+00:00,b399c26bfec19fedbe59553718bf1c7a,Minnesota Twins vs Texas Rangers,totals,8.0,LowVig.ag,Over +8,1.8800
2026-09-27T14:04:27+00:00,b399c26bfec19fedbe59553718bf1c7a,Minnesota Twins vs Texas Rangers,totals,8.0,LowVig.ag,Under +8,1.9800
2026-09-27T14:04:27+00:00,b399c26bfec19fedbe59553718bf1c7a,Minnesota Twins vs Texas Rangers,totals,8.0,BetUS,Over +8,1.8700
2026-09-27T14:04:27+00:00,b399c26bfec19fedbe59553718bf1c7a,Minnesota Twins vs Texas Rangers,totals,8.0,BetUS,Under +8,1.9500
2026-09-27T14:04:27+00:00,b399c26bfec19fedbe59553718bf1c7a,Minnesota Twins vs Texas Rangers,totals,8.0,BetOnline.ag,Over +8,1.8700
2026-09-27T14:04:27+00:00,b399c26bfec19fedbe59553718bf1c7a,Minnesota Twins vs Texas Rangers,totals,8.0,BetOnline.ag,Under +8,1.9500
2026-09-27T14:04:27+00:00,b399c26bfec19fedbe59553718bf1c7a,Minnesota Twins vs Texas Rangers,totals,8.0,BetMGM,Over +8,1.8500
2026-09-27T14:04:27+00:00,b399c26bfec19fedbe59553718bf1c7a,Minnesota Twins vs Texas Rangers,totals,8.0,BetMGM,Under +8,1.9800
2026-09-27T14:04:27+00:00,b399c26bfec19fedbe59553718bf1c7a,Minnesota Twins vs Texas Rangers,totals,8.0,DraftKings,Over +8,1.8700
2026-09-27T14:04:27+00:00,b399c26bfec19fedbe59553718bf1c7a,Minnesota Twins vs Texas Rangers,totals,8.0,DraftKings,Under +8,1.9500
2026-09-27T14:04:27+00:00,b399c26bfec19fedbe59553718bf1c7a,Minnesota Twins vs Texas Rangers,totals,8.0,BetRivers,Over +8,1.8000
2026-09-27T14:04:27+00:00,b399c26bfec19fedbe59553718bf1c7a,Minnesota Twins vs Texas Rangers,totals,8.0,BetRivers,Under +8,1.8800
2026-09-27T14:04:27+00:00,b399c26bfec19fedbe59553718bf1c7a,Minnesota Twins vs Texas Rangers,totals,8.0,Bovada,Over +8,1.8700
2026-09-27T14:04:27+00:00,b399c26bfec19fedbe59553718bf1c7a,Minnesota Twins vs Texas Rangers,totals,8.0,Bovada,Under +8,1.9500
2026-09-27T14:04:27+00:00,b225458a282e140c44c45651255f2f6c,Buffalo Bills vs Los Angeles Chargers,h2h,,DraftKings,Buffalo Bills,1.3100
2026-09-27T14:04:27+00:00,b225458a282e140c44c45651255f2f6c,Buffalo Bills vs Los Angeles Chargers,h2h,,DraftKings,Los Angeles Chargers,3.6000
2026-09-27T14:04:27+00:00,b225458a282e140c44c45651255f2f6c,Buffalo Bills vs Los Angeles Chargers,h2h,,FanDuel,Buffalo Bills,1.2700
2026-09-27T14:04:27+00:00,b225458a282e140c44c45651255f2f6c,Buffalo Bills vs Los Angeles Chargers,h2h,,FanDuel,Los Angeles Chargers,4.0000
2026-09-27T14:04:27+00:00,b225458a282e140c44c45651255f2f6c,Buffalo Bills vs Los Angeles Chargers,h2h,,BetRivers,Buffalo Bills,1.2700
2026-09-27T14:04:27+00:00,b225458a282e140c44c45651255f2f6c,Buffalo Bills vs Los Angeles Chargers,h2h,,BetRivers,Los Angeles Chargers,3.8000
2026-09-27T14:04:27+00:00,b225458a282e140c44c45651255f2f6c,Buffalo Bills vs Los Angeles Chargers,h2h,,BetUS,Buffalo Bills,1.3000
2026-09-27T14:04:27+00:00,b225458a282e140c44c45651255f2f6c,Buffalo Bills vs Los Angeles Chargers,h2h,,BetUS,Los Angeles Chargers,3.7000
2026-09-27T14:04:27+00:00,b225458a282e140c44c45651255f2f6c,Buffalo Bills vs Los Angeles Chargers,h2h,,LowVig.ag,Buffalo Bills,1.2900
2026-09-27T14:04:27+00:00,b225458a282e140c44c45651255f2f6c,Buffalo Bills vs Los Angeles Chargers,h2h,,LowVig.ag,Los Angeles Chargers,3.7400
2026-09-27T14:04:27+00:00,b225458a282e140c44c45651255f2f6c,Buffalo Bills vs Los Angeles Chargers,h2h,,BetOnline.ag,Buffalo Bills,1.2900
2026-09-27T14:04:27+00:00,b225458a282e140c44c45651255f2f6c,Buffalo Bills vs Los Angeles Chargers,h2h,,BetOnline.ag,Los Angeles Chargers,3.7400
2026-09-27T14:04:27+00:00,b225458a282e140c44c45651255f2f6c,Buffalo Bills vs Los Angeles Chargers,h2h,,MyBookie.ag,Buffalo Bills,1.2800
2026-09-27T14:04:27+00:00,b225458a282e140c44c45651255f2f6c,Buffalo Bills vs Los Angeles Chargers,h2h,,MyBookie.ag,Los Angeles Chargers,3.8000
2026-09-27T14:04:27+00:00,b225458a282e140c44c45651255f2f6c,Buffalo Bills vs Los Angeles Chargers,h2h,,BetMGM,Buffalo Bills,1.2900
2026-09-27T14:04:27+00:00,b225458a282e140c44c45651255f2f6c,Buffalo Bills vs Los Angeles Chargers,h2h,,BetMGM,Los Angeles Chargers,3.7500
2026-09-27T14:04:27+00:00,b225458a282e140c44c45651255f2f6c,Buffalo Bills vs Los Angeles Chargers,h2h,,Bovada,Buffalo Bills,1.2900
2026-09-27T14:04:27+00:00,b225458a282e140c44c45651255f2f6c,Buffalo Bills vs Los Angeles Chargers,h2h,,Bovada,Los Angeles Chargers,3.7500
2026-09-27T14:04:27+00:00,b225458a282e140c44c45651255f2f6c,Buffalo Bills vs Los Angeles Chargers,spreads,-7.0,DraftKings,Buffalo Bills -7,1.8900
2026-09-27T14:04:27+00:00,b225458a282e140c44c45651255f2f6c,Buffalo Bills vs Los Angeles Chargers,spreads,7.0,DraftKings,Los Angeles Chargers +7,1.9300
2026-09-27T14:04:27+00:00,b225458a282e140c44c45651255f2f6c,Buffalo Bills vs Los Angeles Chargers,spreads,-7.5,FanDuel,Buffalo Bills -7.5,2.0000
2026-09-27T14:04:27+00:00,b225458a282e140c44c45651255f2f6c,Buffalo Bills vs Los Angeles Chargers,spreads,7.5,FanDuel,Los Angeles Chargers +7.5,1.8200
2026-09-27T14:04:27+00:00,b225458a282e140c44c45651255f2f6c,Buffalo Bills vs Los Angeles Chargers,spreads,-7.0,BetRivers,Buffalo Bills -7,1.8900
2026-09-27T14:04:27+00:00,b225458a282e140c44c45651255f2f6c,Buffalo Bills vs Los Angeles Chargers,spreads,7.0,BetRivers,Los Angeles Chargers +7,1.9200
2026-09-27T14:04:27+00:00,b225458a282e140c44c45651255f2f6c,Buffalo Bills vs Los Angeles Chargers,spreads,-7.0,BetUS,Buffalo Bills -7,1.8700
2026-09-27T14:04:27+00:00,b225458a282e140c44c45651255f2f6c,Buffalo Bills vs Los Angeles Chargers,spreads,7.0,BetUS,Los Angeles Chargers +7,1.9500
2026-09-27T14:04:27+00:00,b225458a282e140c44c45651255f2f6c,Buffalo Bills vs Los Angeles Chargers,spreads,-7.0,LowVig.ag,Buffalo Bills -7,1.9100
2026-09-27T14:04:27+00:00,b225458a282e140c44c45651255f2f6c,Buffalo Bills vs Los Angeles Chargers,spreads,7.0,LowVig.ag,Los Angeles Chargers +7,2.0000
2026-09-27T14:04:27+00:00,b225458a282e140c44c45651255f2f6c,Buffalo Bills vs Los Angeles Chargers,spreads,-7.0,BetOnline.ag,Buffalo Bills -7,1.8700
2026-09-27T14:04:27+00:00,b225458a282e140c44c45651255f2f6c,Buffalo Bills vs Los Angeles Chargers,spreads,7.0,BetOnline.ag,Los Angeles Chargers +7,1.9500
2026-09-27T14:04:27+00:00,b225458a282e140c44c45651255f2f6c,Buffalo Bills vs Los Angeles Chargers,spreads,-7.0,MyBookie.ag,Buffalo Bills -7,1.9100
2026-09-27T14:04:27+00:00,b225458a282e140c44c45651255f2f6c,Buffalo Bills vs Los Angeles Chargers,spreads,7.0,MyBookie.ag,Los Angeles Chargers +7,1.9100
2026-09-27T14:04:27+00:00,b225458a282e140c44c45651255f2f6c,Buffalo Bills vs Los Angeles Chargers,spreads,-7.0,BetMGM,Buffalo Bills -7,1.9300
2026-09-27T14:04:27+00:00,b225458a282e140c44c45651255f2f6c,Buffalo Bills vs Los Angeles Chargers,spreads,7.0,BetMGM,Los Angeles Chargers +7,1.9100
2026-09-27T14:04:27+00:00,b225458a282e140c44c45651255f2f6c,Buffalo Bills vs Los Angeles Chargers,spreads,-7.0,Bovada,Buffalo Bills -7,1.8700
2026-09-27T14:04:27+00:00,b225458a282e140c44c45651255f2f6c,Buffalo Bills vs Los Angeles Chargers,spreads,7.0,Bovada,Los Angeles Chargers +7,1.9500
2026-09-27T14:04:27+00:00,b225458a282e140c44c45651255f2f6c,Buffalo Bills vs Los Angeles Chargers,totals,50.5,DraftKings,Over +50.5,1.9500
2026-09-27T14:04:27+00:00,b225458a282e140c44c45651255f2f6c,Buffalo Bills vs Los Angeles Chargers,totals,50.5,DraftKings,Under +50.5,1.8700
2026-09-27T14:04:27+00:00,b225458a282e140c44c45651255f2f6c,Buffalo Bills vs Los Angeles Chargers,totals,50.5,FanDuel,Over +50.5,1.9500
2026-09-27T14:04:27+00:00,b225458a282e140c44c45651255f2f6c,Buffalo Bills vs Los Angeles Chargers,totals,50.5,FanDuel,Under +50.5,1.8700
2026-09-27T14:04:27+00:00,b225458a282e140c44c45651255f2f6c,Buffalo Bills vs Los Angeles Chargers,totals,50.0,BetRivers,Over +50,1.9100
2026-09-27T14:04:27+00:00,b225458a282e140c44c45651255f2f6c,Buffalo Bills vs Los Angeles Chargers,totals,50.0,BetRivers,Under +50,1.9100
2026-09-27T14:04:27+00:00,b225458a282e140c44c45651255f2f6c,Buffalo Bills vs Los Angeles Chargers,totals,50.0,BetUS,Over +50,1.9100
2026-09-27T14:04:27+00:00,b225458a282e140c44c45651255f2f6c,Buffalo Bills vs Los Angeles Chargers,totals,50.0,BetUS,Under +50,1.9100
2026-09-27T14:04:27+00:00,b225458a282e140c44c45651255f2f6c,Buffalo Bills vs Los Angeles Chargers,totals,50.0,LowVig.ag,Over +50,1.8800
2026-09-27T14:04:27+00:00,b225458a282e140c44c45651255f2f6c,Buffalo Bills vs Los Angeles Chargers,totals,50.0,LowVig.ag,Under +50,1.9800
2026-09-27T14:04:27+00:00,b225458a282e140c44c45651255f2f6c,Buffalo Bills vs Los Angeles Chargers,totals,50.0,BetOnline.ag,Over +50,1.8700
2026-09-27T14:04:27+00:00,b225458a282e140c44c45651255f2f6c,Buffalo Bills vs Los Angeles Chargers,totals,50.0,BetOnline.ag,Under +50,1.9500
2026-09-27T14:04:27+00:00,b225458a282e140c44c45651255f2f6c,Buffalo Bills vs Los Angeles Chargers,totals,50.0,MyBookie.ag,Over +50,1.9100
2026-09-27T14:04:27+00:00,b225458a282e140c44c45651255f2f6c,Buffalo Bills vs Los Angeles Chargers,totals,50.0,MyBookie.ag,Under +50,1.9100
2026-09-27T14:04:27+00:00,b225458a282e140c44c45651255f2f6c,Buffalo Bills vs Los Angeles Chargers,totals,50.0,BetMGM,Over +50,1.8900
2026-09-27T14:04:27+00:00,b225458a282e140c44c45651255f2f6c,Buffalo Bills vs Los Angeles Chargers,totals,50.0,BetMGM,Under +50,1.9300
2026-09-27T14:04:27+00:00,b225458a282e140c44c45651255f2f6c,Buffalo Bills vs Los Angeles Chargers,totals,50.0,Bovada,Over +50,1.9100
2026-09-27T14:04:27+00:00,b225458a282e140c44c45651255f2f6c,Buffalo Bills vs Los Angeles Chargers,totals,50.0,Bovada,Under +50,1.9100
2026-09-27T14:04:27+00:00,613b8cd3a5fab58f7be4e3fd6f76223e,Cleveland Browns vs Carolina Panthers,h2h,,DraftKings,Carolina Panthers,1.7400
2026-09-27T14:04:27+00:00,613b8cd3a5fab58f7be4e3fd6f76223e,Cleveland Browns vs Carolina Panthers,h2h,,DraftKings,Cleveland Browns,2.1400
2026-09-27T14:04:27+00:00,613b8cd3a5fab58f7be4e3fd6f76223e,Cleveland Browns vs Carolina Panthers,h2h,,BetUS,Carolina Panthers,1.7700
2026-09-27T14:04:27+00:00,613b8cd3a5fab58f7be4e3fd6f76223e,Cleveland Browns vs Carolina Panthers,h2h,,BetUS,Cleveland Browns,2.1000
2026-09-27T14:04:27+00:00,613b8cd3a5fab58f7be4e3fd6f76223e,Cleveland Browns vs Carolina Panthers,h2h,,FanDuel,Carolina Panthers,1.7900
2026-09-27T14:04:27+00:00,613b8cd3a5fab58f7be4e3fd6f76223e,Cleveland Browns vs Carolina Panthers,h2h,,FanDuel,Cleveland Browns,2.0800
2026-09-27T14:04:27+00:00,613b8cd3a5fab58f7be4e3fd6f76223e,Cleveland Browns vs Carolina Panthers,h2h,,BetRivers,Carolina Panthers,1.7100
2026-09-27T14:04:27+00:00,613b8cd3a5fab58f7be4e3fd6f76223e,Cleveland Browns vs Carolina Panthers,h2h,,BetRivers,Cleveland Browns,2.1700
2026-09-27T14:04:27+00:00,613b8cd3a5fab58f7be4e3fd6f76223e,Cleveland Browns vs Carolina Panthers,h2h,,LowVig.ag,Carolina Panthers,1.7900
2026-09-27T14:04:27+00:00,613b8cd3a5fab58f7be4e3fd6f76223e,Cleveland Browns vs Carolina Panthers,h2h,,LowVig.ag,Cleveland Browns,2.0700
2026-09-27T14:04:27+00:00,613b8cd3a5fab58f7be4e3fd6f76223e,Cleveland Browns vs Carolina Panthers,h2h,,BetOnline.ag,Carolina Panthers,1.7900
2026-09-27T14:04:27+00:00,613b8cd3a5fab58f7be4e3fd6f76223e,Cleveland Browns vs Carolina Panthers,h2h,,BetOnline.ag,Cleveland Browns,2.0700
2026-09-27T14:04:27+00:00,613b8cd3a5fab58f7be4e3fd6f76223e,Cleveland Browns vs Carolina Panthers,h2h,,MyBookie.ag,Carolina Panthers,1.7700
2026-09-27T14:04:27+00:00,613b8cd3a5fab58f7be4e3fd6f76223e,Cleveland Browns vs Carolina Panthers,h2h,,MyBookie.ag,Cleveland Browns,2.1100
2026-09-27T14:04:27+00:00,613b8cd3a5fab58f7be4e3fd6f76223e,Cleveland Browns vs Carolina Panthers,h2h,,BetMGM,Carolina Panthers,1.7700
2026-09-27T14:04:27+00:00,613b8cd3a5fab58f7be4e3fd6f76223e,Cleveland Browns vs Carolina Panthers,h2h,,BetMGM,Cleveland Browns,2.1000
2026-09-27T14:04:27+00:00,613b8cd3a5fab58f7be4e3fd6f76223e,Cleveland Browns vs Carolina Panthers,h2h,,Bovada,Carolina Panthers,1.7400
2026-09-27T14:04:27+00:00,613b8cd3a5fab58f7be4e3fd6f76223e,Cleveland Browns vs Carolina Panthers,h2h,,Bovada,Cleveland Browns,2.1500
2026-09-27T14:04:27+00:00,613b8cd3a5fab58f7be4e3fd6f76223e,Cleveland Browns vs Carolina Panthers,spreads,-1.5,DraftKings,Carolina Panthers -1.5,1.8900
2026-09-27T14:04:27+00:00,613b8cd3a5fab58f7be4e3fd6f76223e,Cleveland Browns vs Carolina Panthers,spreads,1.5,DraftKings,Cleveland Browns +1.5,1.9300
2026-09-27T14:04:27+00:00,613b8cd3a5fab58f7be4e3fd6f76223e,Cleveland Browns vs Carolina Panthers,spreads,-1.0,BetUS,Carolina Panthers -1,1.8300
2026-09-27T14:04:27+00:00,613b8cd3a5fab58f7be4e3fd6f76223e,Cleveland Browns vs Carolina Panthers,spreads,1.0,BetUS,Cleveland Browns +1,2.0000
2026-09-27T14:04:27+00:00,613b8cd3a5fab58f7be4e3fd6f76223e,Cleveland Browns vs Carolina Panthers,spreads,-2.5,FanDuel,Carolina Panthers -2.5,1.9600
2026-09-27T14:04:27+00:00,613b8cd3a5fab58f7be4e3fd6f76223e,Cleveland Browns vs Carolina Panthers,spreads,2.5,FanDuel,Cleveland Browns +2.5,1.8500
2026-09-27T14:04:27+00:00,613b8cd3a5fab58f7be4e3fd6f76223e,Cleveland Browns vs Carolina Panthers,spreads,-2.5,BetRivers,Carolina Panthers -2.5,1.8900
2026-09-27T14:04:27+00:00,613b8cd3a5fab58f7be4e3fd6f76223e,Cleveland Browns vs Carolina Panthers,spreads,2.5,BetRivers,Cleveland Browns +2.5,1.9200
2026-09-27T14:04:27+00:00,613b8cd3a5fab58f7be4e3fd6f76223e,Cleveland Browns vs Carolina Panthers,spreads,-1.0,LowVig.ag,Carolina Panthers -1,1.8500
2026-09-27T14:04:27+00:00,613b8cd3a5fab58f7be4e3fd6f76223e,Cleveland Browns vs Carolina Panthers,spreads,1.0,LowVig.ag,Cleveland Browns +1,2.0700
2026-09-27T14:04:27+00:00,613b8cd3a5fab58f7be4e3fd6f76223e,Cleveland Browns vs Carolina Panthers,spreads,-1.0,BetOnline.ag,Carolina Panthers -1,1.8200
2026-09-27T14:04:27+00:00,613b8cd3a5fab58f7be4e3fd6f76223e,Cleveland Browns vs Carolina Panthers,spreads,1.0,BetOnline.ag,Cleveland Browns +1,2.0200
2026-09-27T14:04:27+00:00,613b8cd3a5fab58f7be4e3fd6f76223e,Cleveland Browns vs Carolina Panthers,spreads,-2.0,MyBookie.ag,Carolina Panthers -2,1.9100
2026-09-27T14:04:27+00:00,613b8cd3a5fab58f7be4e3fd6f76223e,Cleveland Browns vs Carolina Panthers,spreads,2.0,MyBookie.ag,Cleveland Browns +2,1.9100
2026-09-27T14:04:27+00:00,613b8cd3a5fab58f7be4e3fd6f76223e,Cleveland Browns vs Carolina Panthers,spreads,-1.5,BetMGM,Carolina Panthers -1.5,1.9100
2026-09-27T14:04:27+00:00,613b8cd3a5fab58f7be4e3fd6f76223e,Cleveland Browns vs Carolina Panthers,spreads,1.5,BetMGM,Cleveland Browns +1.5,1.9300
2026-09-27T14:04:27+00:00,613b8cd3a5fab58f7be4e3fd6f76223e,Cleveland Browns vs Carolina Panthers,spreads,-2.0,Bovada,Carolina Panthers -2,1.9100
2026-09-27T14:04:27+00:00,613b8cd3a5fab58f7be4e3fd6f76223e,Cleveland Browns vs Carolina Panthers,spreads,2.0,Bovada,Cleveland Browns +2,1.9100
2026-09-27T14:04:27+00:00,613b8cd3a5fab58f7be4e3fd6f76223e,Cleveland Browns vs Carolina Panthers,totals,41.5,DraftKings,Over +41.5,1.8700
2026-09-27T14:04:27+00:00,613b8cd3a5fab58f7be4e3fd6f76223e,Cleveland Browns vs Carolina Panthers,totals,41.5,DraftKings,Under +41.5,1.9500
2026-09-27T14:04:27+00:00,613b8cd3a5fab58f7be4e3fd6f76223e,Cleveland Browns vs Carolina Panthers,totals,42.0,BetUS,Over +42,1.9100
2026-09-27T14:04:27+00:00,613b8cd3a5fab58f7be4e3fd6f76223e,Cleveland Browns vs Carolina Panthers,totals,42.0,BetUS,Under +42,1.9100
2026-09-27T14:04:27+00:00,613b8cd3a5fab58f7be4e3fd6f76223e,Cleveland Browns vs Carolina Panthers,totals,41.5,FanDuel,Over +41.5,1.8700
2026-09-27T14:04:27+00:00,613b8cd3a5fab58f7be4e3fd6f76223e,Cleveland Browns vs Carolina Panthers,totals,41.5,FanDuel,Under +41.5,1.9500
2026-09-27T14:04:27+00:00,613b8cd3a5fab58f7be4e3fd6f76223e,Cleveland Browns vs Carolina Panthers,totals,42.5,BetRivers,Over +42.5,1.9300
2026-09-27T14:04:27+00:00,613b8cd3a5fab58f7be4e3fd6f76223e,Cleveland Browns vs Carolina Panthers,totals,42.5,BetRivers,Under +42.5,1.8800
2026-09-27T14:04:27+00:00,613b8cd3a5fab58f7be4e3fd6f76223e,Cleveland Browns vs Carolina Panthers,totals,42.0,LowVig.ag,Over +42,1.9300
2026-09-27T14:04:27+00:00,613b8cd3a5fab58f7be4e3fd6f76223e,Cleveland Browns vs Carolina Panthers,totals,42.0,LowVig.ag,Under +42,1.9300
2026-09-27T14:04:27+00:00,613b8cd3a5fab58f7be4e3fd6f76223e,Cleveland Browns vs Carolina Panthers,totals,42.0,BetOnline.ag,Over +42,1.9100
2026-09-27T14:04:27+00:00,613b8cd3a5fab58f7be4e3fd6f76223e,Cleveland Browns vs Carolina Panthers,totals,42.0,BetOnline.ag,Under +42,1.9100
2026-09-27T14:04:27+00:00,613b8cd3a5fab58f7be4e3fd6f76223e,Cleveland Browns vs Carolina Panthers,totals,42.0,MyBookie.ag,Over +42,1.9100
2026-09-27T14:04:27+00:00,613b8cd3a5fab58f7be4e3fd6f76223e,Cleveland Browns vs Carolina Panthers,totals,42.0,MyBookie.ag,Under +42,1.9100
2026-09-27T14:04:27+00:00,613b8cd3a5fab58f7be4e3fd6f76223e,Cleveland Browns vs Carolina Panthers,totals,42.0,BetMGM,Over +42,1.9300
2026-09-27T14:04:27+00:00,613b8cd3a5fab58f7be4e3fd6f76223e,Cleveland Browns vs Carolina Panthers,totals,42.0,BetMGM,Under +42,1.9100
2026-09-27T14:04:27+00:00,613b8cd3a5fab58f7be4e3fd6f76223e,Cleveland Browns vs Carolina Panthers,totals,42.0,Bovada,Over +42,1.9100
2026-09-27T14:04:27+00:00,613b8cd3a5fab58f7be4e3fd6f76223e,Cleveland Browns vs Carolina Panthers,totals,42.0,Bovada,Under +42,1.9100
2026-09-27T14:04:27+00:00,71123be049587b6facce3a20c53e5d09,Pittsburgh Steelers vs Cincinnati Bengals,h2h,,DraftKings,Cincinnati Bengals,1.5400
2026-09-27T14:04:27+00:00,71123be049587b6facce3a20c53e5d09,Pittsburgh Steelers vs Cincinnati Bengals,h2h,,DraftKings,Pittsburgh Steelers,2.5400
2026-09-27T14:04:27+00:00,71123be049587b6facce3a20c53e5d09,Pittsburgh Steelers vs Cincinnati Bengals,h2h,,BetUS,Cincinnati Bengals,1.5900
2026-09-27T14:04:27+00:00,71123be049587b6facce3a20c53e5d09,Pittsburgh Steelers vs Cincinnati Bengals,h2h,,BetUS,Pittsburgh Steelers,2.4600
2026-09-27T14:04:27+00:00,71123be049587b6facce3a20c53e5d09,Pittsburgh Steelers vs Cincinnati Bengals,h2h,,FanDuel,Cincinnati Bengals,1.5700
2026-09-27T14:04:27+00:00,71123be049587b6facce3a20c53e5d09,Pittsburgh Steelers vs Cincinnati Bengals,h2h,,FanDuel,Pittsburgh Steelers,2.4800
2026-09-27T14:04:27+00:00,71123be049587b6facce3a20c53e5d09,Pittsburgh Steelers vs Cincinnati Bengals,h2h,,BetRivers,Cincinnati Bengals,1.5400
2026-09-27T14:04:27+00:00,71123be049587b6facce3a20c53e5d09,Pittsburgh Steelers vs Cincinnati Bengals,h2h,,BetRivers,Pittsburgh Steelers,2.5000
2026-09-27T14:04:27+00:00,71123be049587b6facce3a20c53e5d09,Pittsburgh Steelers vs Cincinnati Bengals,h2h,,LowVig.ag,Cincinnati Bengals,1.5900
2026-09-27T14:04:27+00:00,71123be049587b6facce3a20c53e5d09,Pittsburgh Steelers vs Cincinnati Bengals,h2h,,LowVig.ag,Pittsburgh Steelers,2.4900
2026-09-27T14:04:27+00:00,71123be049587b6facce3a20c53e5d09,Pittsburgh Steelers vs Cincinnati Bengals,h2h,,BetOnline.ag,Cincinnati Bengals,1.5900
2026-09-27T14:04:27+00:00,71123be049587b6facce3a20c53e5d09,Pittsburgh Steelers vs Cincinnati Bengals,h2h,,BetOnline.ag,Pittsburgh Steelers,2.4900
2026-09-27T14:04:27+00:00,71123be049587b6facce3a20c53e5d09,Pittsburgh Steelers vs Cincinnati Bengals,h2h,,MyBookie.ag,Cincinnati Bengals,1.5600
2026-09-27T14:04:27+00:00,71123be049587b6facce3a20c53e5d09,Pittsburgh Steelers vs Cincinnati Bengals,h2h,,MyBookie.ag,Pittsburgh Steelers,2.5000
2026-09-27T14:04:27+00:00,71123be049587b6facce3a20c53e5d09,Pittsburgh Steelers vs Cincinnati Bengals,h2h,,BetMGM,Cincinnati Bengals,1.5000
2026-09-27T14:04:27+00:00,71123be049587b6facce3a20c53e5d09,Pittsburgh Steelers vs Cincinnati Bengals,h2h,,BetMGM,Pittsburgh Steelers,2.6000
2026-09-27T14:04:27+00:00,71123be049587b6facce3a20c53e5d09,Pittsburgh Steelers vs Cincinnati Bengals,h2h,,Bovada,Cincinnati Bengals,1.5700
2026-09-27T14:04:27+00:00,71123be049587b6facce3a20c53e5d09,Pittsburgh Steelers vs Cincinnati Bengals,h2h,,Bovada,Pittsburgh Steelers,2.5000
2026-09-27T14:04:27+00:00,71123be049587b6facce3a20c53e5d09,Pittsburgh Steelers vs Cincinnati Bengals,spreads,-3.5,DraftKings,Cincinnati Bengals -3.5,1.9300
2026-09-27T14:04:27+00:00,71123be049587b6facce3a20c53e5d09,Pittsburgh Steelers vs Cincinnati Bengals,spreads,3.5,DraftKings,Pittsburgh Steelers +3.5,1.8900
2026-09-27T14:04:27+00:00,71123be049587b6facce3a20c53e5d09,Pittsburgh Steelers vs Cincinnati Bengals,spreads,-3.0,BetUS,Cincinnati Bengals -3,1.8700
2026-09-27T14:04:27+00:00,71123be049587b6facce3a20c53e5d09,Pittsburgh Steelers vs Cincinnati Bengals,spreads,3.0,BetUS,Pittsburgh Steelers +3,1.9500
2026-09-27T14:04:27+00:00,71123be049587b6facce3a20c53e5d09,Pittsburgh Steelers vs Cincinnati Bengals,spreads,-3.5,FanDuel,Cincinnati Bengals -3.5,1.9800
2026-09-27T14:04:27+00:00,71123be049587b6facce3a20c53e5d09,Pittsburgh Steelers vs Cincinnati Bengals,spreads,3.5,FanDuel,Pittsburgh Steelers +3.5,1.8300
2026-09-27T14:04:27+00:00,71123be049587b6facce3a20c53e5d09,Pittsburgh Steelers vs Cincinnati Bengals,spreads,-3.0,BetRivers,Cincinnati Bengals -3,1.8500
2026-09-27T14:04:27+00:00,71123be049587b6facce3a20c53e5d09,Pittsburgh Steelers vs Cincinnati Bengals,spreads,3.0,BetRivers,Pittsburgh Steelers +3,1.9600
2026-09-27T14:04:27+00:00,71123be049587b6facce3a20c53e5d09,Pittsburgh Steelers vs Cincinnati Bengals,spreads,-3.0,LowVig.ag,Cincinnati Bengals -3,1.9300
2026-09-27T14:04:27+00:00,71123be049587b6facce3a20c53e5d09,Pittsburgh Steelers vs Cincinnati Bengals,spreads,3.0,LowVig.ag,Pittsburgh Steelers +3,1.9800
2026-09-27T14:04:27+00:00,71123be049587b6facce3a20c53e5d09,Pittsburgh Steelers vs Cincinnati Bengals,spreads,-3.0,BetOnline.ag,Cincinnati Bengals -3,1.8700
2026-09-27T14:04:27+00:00,71123be049587b6facce3a20c53e5d09,Pittsburgh Steelers vs Cincinnati Bengals,spreads,3.0,BetOnline.ag,Pittsburgh Steelers +3,1.9500
2026-09-27T14:04:27+00:00,71123be049587b6facce3a20c53e5d09,Pittsburgh Steelers vs Cincinnati Bengals,spreads,-3.0,MyBookie.ag,Cincinnati Bengals -3,1.9100
2026-09-27T14:04:27+00:00,71123be049587b6facce3a20c53e5d09,Pittsburgh Steelers vs Cincinnati Bengals,spreads,3.0,MyBookie.ag,Pittsburgh Steelers +3,1.9100
2026-09-27T14:04:27+00:00,71123be049587b6facce3a20c53e5d09,Pittsburgh Steelers vs Cincinnati Bengals,spreads,-3.5,BetMGM,Cincinnati Bengals -3.5,1.9800
2026-09-27T14:04:27+00:00,71123be049587b6facce3a20c53e5d09,Pittsburgh Steelers vs Cincinnati Bengals,spreads,3.5,BetMGM,Pittsburgh Steelers +3.5,1.8500
2026-09-27T14:04:27+00:00,71123be049587b6facce3a20c53e5d09,Pittsburgh Steelers vs Cincinnati Bengals,spreads,-3.0,Bovada,Cincinnati Bengals -3,1.8700
2026-09-27T14:04:27+00:00,71123be049587b6facce3a20c53e5d09,Pittsburgh Steelers vs Cincinnati Bengals,spreads,3.0,Bovada,Pittsburgh Steelers +3,1.9500
2026-09-27T14:04:27+00:00,71123be049587b6facce3a20c53e5d09,Pittsburgh Steelers vs Cincinnati Bengals,totals,42.5,DraftKings,Over +42.5,1.8900
2026-09-27T14:04:27+00:00,71123be049587b6facce3a20c53e5d09,Pittsburgh Steelers vs Cincinnati Bengals,totals,42.5,DraftKings,Under +42.5,1.9300
2026-09-27T14:04:27+00:00,71123be049587b6facce3a20c53e5d09,Pittsburgh Steelers vs Cincinnati Bengals,totals,42.5,BetUS,Over +42.5,1.9100
2026-09-27T14:04:27+00:00,71123be049587b6facce3a20c53e5d09,Pittsburgh Steelers vs Cincinnati Bengals,totals,42.5,BetUS,Under +42.5,1.9100
2026-09-27T14:04:27+00:00,71123be049587b6facce3a20c53e5d09,Pittsburgh Steelers vs Cincinnati Bengals,totals,42.5,FanDuel,Over +42.5,1.8700
2026-09-27T14:04:27+00:00,71123be049587b6facce3a20c53e5d09,Pittsburgh Steelers vs Cincinnati Bengals,totals,42.5,FanDuel,Under +42.5,1.9500
2026-09-27T14:04:27+00:00,71123be049587b6facce3a20c53e5d09,Pittsburgh Steelers vs Cincinnati Bengals,totals,42.5,BetRivers,Over +42.5,1.9100
2026-09-27T14:04:27+00:00,71123be049587b6facce3a20c53e5d09,Pittsburgh Steelers vs Cincinnati Bengals,totals,42.5,BetRivers,Under +42.5,1.9100
2026-09-27T14:04:27+00:00,71123be049587b6facce3a20c53e5d09,Pittsburgh Steelers vs Cincinnati Bengals,totals,42.5,LowVig.ag,Over +42.5,1.9800
2026-09-27T14:04:27+00:00,71123be049587b6facce3a20c53e5d09,Pittsburgh Steelers vs Cincinnati Bengals,totals,42.5,LowVig.ag,Under +42.5,1.8800
2026-09-27T14:04:27+00:00,71123be049587b6facce3a20c53e5d09,Pittsburgh Steelers vs Cincinnati Bengals,totals,42.5,BetOnline.ag,Over +42.5,1.9500
2026-09-27T14:04:27+00:00,71123be049587b6facce3a20c53e5d09,Pittsburgh Steelers vs Cincinnati Bengals,totals,42.5,BetOnline.ag,Under +42.5,1.8700
2026-09-27T14:04:27+00:00,71123be049587b6facce3a20c53e5d09,Pittsburgh Steelers vs Cincinnati Bengals,totals,42.5,MyBookie.ag,Over +42.5,1.9100
2026-09-27T14:04:27+00:00,71123be049587b6facce3a20c53e5d09,Pittsburgh Steelers vs Cincinnati Bengals,totals,42.5,MyBookie.ag,Under +42.5,1.9100
2026-09-27T14:04:27+00:00,71123be049587b6facce3a20c53e5d09,Pittsburgh Steelers vs Cincinnati Bengals,totals,42.5,BetMGM,Over +42.5,1.9300
2026-09-27T14:04:27+00:00,71123be049587b6facce3a20c53e5d09,Pittsburgh Steelers vs Cincinnati Bengals,totals,42.5,BetMGM,Under +42.5,1.9100
2026-09-27T14:04:27+00:00,71123be049587b6facce3a20c53e5d09,Pittsburgh Steelers vs Cincinnati Bengals,totals,42.5,Bovada,Over +42.5,1.9100
2026-09-27T14:04:27+00:00,71123be049587b6facce3a20c53e5d09,Pittsburgh Steelers vs Cincinnati Bengals,totals,42.5,Bovada,Under +42.5,1.9100
2026-09-27T14:04:27+00:00,07f552badfa8a565d1be22123713e4da,Detroit Lions vs New York Jets,h2h,,DraftKings,Detroit Lions,1.3300
2026-09-27T14:04:27+00:00,07f552badfa8a565d1be22123713e4da,Detroit Lions vs New York Jets,h2h,,DraftKings,New York Jets,3.4500
2026-09-27T14:04:27+00:00,07f552badfa8a565d1be22123713e4da,Detroit Lions vs New York Jets,h2h,,FanDuel,Detroit Lions,1.3300
2026-09-27T14:04:27+00:00,07f552badfa8a565d1be22123713e4da,Detroit Lions vs New York Jets,h2h,,FanDuel,New York Jets,3.4500
2026-09-27T14:04:27+00:00,07f552badfa8a565d1be22123713e4da,Detroit Lions vs New York Jets,h2h,,BetRivers,Detroit Lions,1.3200
2026-09-27T14:04:27+00:00,07f552badfa8a565d1be22123713e4da,Detroit Lions vs New York Jets,h2h,,BetRivers,New York Jets,3.5000
2026-09-27T14:04:27+00:00,07f552badfa8a565d1be22123713e4da,Detroit Lions vs New York Jets,h2h,,LowVig.ag,Detroit Lions,1.3200
2026-09-27T14:04:27+00:00,07f552badfa8a565d1be22123713e4da,Detroit Lions vs New York Jets,h2h,,LowVig.ag,New York Jets,3.5700
2026-09-27T14:04:27+00:00,07f552badfa8a565d1be22123713e4da,Detroit Lions vs New York Jets,h2h,,BetUS,Detroit Lions,1.3300
2026-09-27T14:04:27+00:00,07f552badfa8a565d1be22123713e4da,Detroit Lions vs New York Jets,h2h,,BetUS,New York Jets,3.5000
2026-09-27T14:04:27+00:00,07f552badfa8a565d1be22123713e4da,Detroit Lions vs New York Jets,h2h,,BetOnline.ag,Detroit Lions,1.3200
2026-09-27T14:04:27+00:00,07f552badfa8a565d1be22123713e4da,Detroit Lions vs New York Jets,h2h,,BetOnline.ag,New York Jets,3.5700
2026-09-27T14:04:27+00:00,07f552badfa8a565d1be22123713e4da,Detroit Lions vs New York Jets,h2h,,MyBookie.ag,Detroit Lions,1.3300
2026-09-27T14:04:27+00:00,07f552badfa8a565d1be22123713e4da,Detroit Lions vs New York Jets,h2h,,MyBookie.ag,New York Jets,3.4800
2026-09-27T14:04:27+00:00,07f552badfa8a565d1be22123713e4da,Detroit Lions vs New York Jets,h2h,,BetMGM,Detroit Lions,1.3300
2026-09-27T14:04:27+00:00,07f552badfa8a565d1be22123713e4da,Detroit Lions vs New York Jets,h2h,,BetMGM,New York Jets,3.5000
2026-09-27T14:04:27+00:00,07f552badfa8a565d1be22123713e4da,Detroit Lions vs New York Jets,h2h,,Bovada,Detroit Lions,1.3200
2026-09-27T14:04:27+00:00,07f552badfa8a565d1be22123713e4da,Detroit Lions vs New York Jets,h2h,,Bovada,New York Jets,3.5500
2026-09-27T14:04:27+00:00,07f552badfa8a565d1be22123713e4da,Detroit Lions vs New York Jets,spreads,-6.5,DraftKings,Detroit Lions -6.5,1.8300
2026-09-27T14:04:27+00:00,07f552badfa8a565d1be22123713e4da,Detroit Lions vs New York Jets,spreads,6.5,DraftKings,New York Jets +6.5,2.0000
2026-09-27T14:04:27+00:00,07f552badfa8a565d1be22123713e4da,Detroit Lions vs New York Jets,spreads,-6.5,FanDuel,Detroit Lions -6.5,1.8700
2026-09-27T14:04:27+00:00,07f552badfa8a565d1be22123713e4da,Detroit Lions vs New York Jets,spreads,6.5,FanDuel,New York Jets +6.5,1.9500
2026-09-27T14:04:27+00:00,07f552badfa8a565d1be22123713e4da,Detroit Lions vs New York Jets,spreads,-6.5,BetRivers,Detroit Lions -6.5,1.8500
2026-09-27T14:04:27+00:00,07f552badfa8a565d1be22123713e4da,Detroit Lions vs New York Jets,spreads,6.5,BetRivers,New York Jets +6.5,1.9600
2026-09-27T14:04:27+00:00,07f552badfa8a565d1be22123713e4da,Detroit Lions vs New York Jets,spreads,-6.5,LowVig.ag,Detroit Lions -6.5,1.9100
2026-09-27T14:04:27+00:00,07f552badfa8a565d1be22123713e4da,Detroit Lions vs New York Jets,spreads,6.5,LowVig.ag,New York Jets +6.5,2.0000
2026-09-27T14:04:27+00:00,07f552badfa8a565d1be22123713e4da,Detroit Lions vs New York Jets,spreads,-6.5,BetUS,Detroit Lions -6.5,1.8700
2026-09-27T14:04:27+00:00,07f552badfa8a565d1be22123713e4da,Detroit Lions vs New York Jets,spreads,6.5,BetUS,New York Jets +6.5,1.9500
2026-09-27T14:04:27+00:00,07f552badfa8a565d1be22123713e4da,Detroit Lions vs New York Jets,spreads,-6.5,BetOnline.ag,Detroit Lions -6.5,1.8700
2026-09-27T14:04:27+00:00,07f552badfa8a565d1be22123713e4da,Detroit Lions vs New York Jets,spreads,6.5,BetOnline.ag,New York Jets +6.5,1.9500
2026-09-27T14:04:27+00:00,07f552badfa8a565d1be22123713e4da,Detroit Lions vs New York Jets,spreads,-6.5,MyBookie.ag,Detroit Lions -6.5,1.8700
2026-09-27T14:04:27+00:00,07f552badfa8a565d1be22123713e4da,Detroit Lions vs New York Jets,spreads,6.5,MyBookie.ag,New York Jets +6.5,1.9500
2026-09-27T14:04:27+00:00,07f552badfa8a565d1be22123713e4da,Detroit Lions vs New York Jets,spreads,-6.5,BetMGM,Detroit Lions -6.5,1.8700
2026-09-27T14:04:27+00:00,07f552badfa8a565d1be22123713e4da,Detroit Lions vs New York Jets,spreads,6.5,BetMGM,New York Jets +6.5,1.9800
2026-09-27T14:04:27+00:00,07f552badfa8a565d1be22123713e4da,Detroit Lions vs New York Jets,spreads,-6.5,Bovada,Detroit Lions -6.5,1.8700
2026-09-27T14:04:27+00:00,07f552badfa8a565d1be22123713e4da,Detroit Lions vs New York Jets,spreads,6.5,Bovada,New York Jets +6.5,1.9500
2026-09-27T14:04:27+00:00,07f552badfa8a565d1be22123713e4da,Detroit Lions vs New York Jets,totals,48.5,DraftKings,Over +48.5,1.8900
2026-09-27T14:04:27+00:00,07f552badfa8a565d1be22123713e4da,Detroit Lions vs New York Jets,totals,48.5,DraftKings,Under +48.5,1.9300
2026-09-27T14:04:27+00:00,07f552badfa8a565d1be22123713e4da,Detroit Lions vs New York Jets,totals,48.5,FanDuel,Over +48.5,1.8900
2026-09-27T14:04:27+00:00,07f552badfa8a565d1be22123713e4da,Detroit Lions vs New York Jets,totals,48.5,FanDuel,Under +48.5,1.9300
2026-09-27T14:04:27+00:00,07f552badfa8a565d1be22123713e4da,Detroit Lions vs New York Jets,totals,48.0,BetRivers,Over +48,1.8900
2026-09-27T14:04:27+00:00,07f552badfa8a565d1be22123713e4da,Detroit Lions vs New York Jets,totals,48.0,BetRivers,Under +48,1.9200
2026-09-27T14:04:27+00:00,07f552badfa8a565d1be22123713e4da,Detroit Lions vs New York Jets,totals,48.5,LowVig.ag,Over +48.5,1.9300
2026-09-27T14:04:27+00:00,07f552badfa8a565d1be22123713e4da,Detroit Lions vs New York Jets,totals,48.5,LowVig.ag,Under +48.5,1.9300
2026-09-27T14:04:27+00:00,07f552badfa8a565d1be22123713e4da,Detroit Lions vs New York Jets,totals,48.5,BetUS,Over +48.5,1.9100
2026-09-27T14:04:27+00:00,07f552badfa8a565d1be22123713e4da,Detroit Lions vs New York Jets,totals,48.5,BetUS,Under +48.5,1.9100
2026-09-27T14:04:27+00:00,07f552badfa8a565d1be22123713e4da,Detroit Lions vs New York Jets,totals,48.5,BetOnline.ag,Over +48.5,1.9100
2026-09-27T14:04:27+00:00,07f552badfa8a565d1be22123713e4da,Detroit Lions vs New York Jets,totals,48.5,BetOnline.ag,Under +48.5,1.9100
2026-09-27T14:04:27+00:00,07f552badfa8a565d1be22123713e4da,Detroit Lions vs New York Jets,totals,48.0,MyBookie.ag,Over +48,1.9100
2026-09-27T14:04:27+00:00,07f552badfa8a565d1be22123713e4da,Detroit Lions vs New York Jets,totals,48.0,MyBookie.ag,Under +48,1.9100
2026-09-27T14:04:27+00:00,07f552badfa8a565d1be22123713e4da,Detroit Lions vs New York Jets,totals,48.5,BetMGM,Over +48.5,1.9100
2026-09-27T14:04:27+00:00,07f552badfa8a565d1be22123713e4da,Detroit Lions vs New York Jets,totals,48.5,BetMGM,Under +48.5,1.9300
2026-09-27T14:04:27+00:00,07f552badfa8a565d1be22123713e4da,Detroit Lions vs New York Jets,totals,49.0,Bovada,Over +49,1.9500
2026-09-27T14:04:27+00:00,07f552badfa8a565d1be22123713e4da,Detroit Lions vs New York Jets,totals,49.0,Bovada,Under +49,1.8700
2026-09-27T14:04:27+00:00,17a730b7d399feeab6a78c30767c29d2,Indianapolis Colts vs Houston Texans,h2h,,DraftKings,Houston Texans,1.8000
2026-09-27T14:04:27+00:00,17a730b7d399feeab6a78c30767c29d2,Indianapolis Colts vs Houston Texans,h2h,,DraftKings,Indianapolis Colts,2.0500
2026-09-27T14:04:27+00:00,17a730b7d399feeab6a78c30767c29d2,Indianapolis Colts vs Houston Texans,h2h,,BetUS,Houston Texans,1.8000
2026-09-27T14:04:27+00:00,17a730b7d399feeab6a78c30767c29d2,Indianapolis Colts vs Houston Texans,h2h,,BetUS,Indianapolis Colts,2.0500
2026-09-27T14:04:27+00:00,17a730b7d399feeab6a78c30767c29d2,Indianapolis Colts vs Houston Texans,h2h,,FanDuel,Houston Texans,1.8100
2026-09-27T14:04:27+00:00,17a730b7d399feeab6a78c30767c29d2,Indianapolis Colts vs Houston Texans,h2h,,FanDuel,Indianapolis Colts,2.0600
2026-09-27T14:04:27+00:00,17a730b7d399feeab6a78c30767c29d2,Indianapolis Colts vs Houston Texans,h2h,,BetRivers,Houston Texans,1.7700
2026-09-27T14:04:27+00:00,17a730b7d399feeab6a78c30767c29d2,Indianapolis Colts vs Houston Texans,h2h,,BetRivers,Indianapolis Colts,2.0700
2026-09-27T14:04:27+00:00,17a730b7d399feeab6a78c30767c29d2,Indianapolis Colts vs Houston Texans,h2h,,LowVig.ag,Houston Texans,1.8200
2026-09-27T14:04:27+00:00,17a730b7d399feeab6a78c30767c29d2,Indianapolis Colts vs Houston Texans,h2h,,LowVig.ag,Indianapolis Colts,2.0200
2026-09-27T14:04:27+00:00,17a730b7d399feeab6a78c30767c29d2,Indianapolis Colts vs Houston Texans,h2h,,BetOnline.ag,Houston Texans,1.8200
2026-09-27T14:04:27+00:00,17a730b7d399feeab6a78c30767c29d2,Indianapolis Colts vs Houston Texans,h2h,,BetOnline.ag,Indianapolis Colts,2.0200
2026-09-27T14:04:27+00:00,17a730b7d399feeab6a78c30767c29d2,Indianapolis Colts vs Houston Texans,h2h,,MyBookie.ag,Houston Texans,1.8100
2026-09-27T14:04:27+00:00,17a730b7d399feeab6a78c30767c29d2,Indianapolis Colts vs Houston Texans,h2h,,MyBookie.ag,Indianapolis Colts,2.0500
2026-09-27T14:04:27+00:00,17a730b7d399feeab6a78c30767c29d2,Indianapolis Colts vs Houston Texans,h2h,,BetMGM,Houston Texans,1.8000
2026-09-27T14:04:27+00:00,17a730b7d399feeab6a78c30767c29d2,Indianapolis Colts vs Houston Texans,h2h,,BetMGM,Indianapolis Colts,2.0500
2026-09-27T14:04:27+00:00,17a730b7d399feeab6a78c30767c29d2,Indianapolis Colts vs Houston Texans,h2h,,Bovada,Houston Texans,1.8000
2026-09-27T14:04:27+00:00,17a730b7d399feeab6a78c30767c29d2,Indianapolis Colts vs Houston Texans,h2h,,Bovada,Indianapolis Colts,2.0500
2026-09-27T14:04:27+00:00,17a730b7d399feeab6a78c30767c29d2,Indianapolis Colts vs Houston Texans,spreads,-1.5,DraftKings,Houston Texans -1.5,1.8500
2026-09-27T14:04:27+00:00,17a730b7d399feeab6a78c30767c29d2,Indianapolis Colts vs Houston Texans,spreads,1.5,DraftKings,Indianapolis Colts +1.5,1.9800
2026-09-27T14:04:27+00:00,17a730b7d399feeab6a78c30767c29d2,Indianapolis Colts vs Houston Texans,spreads,-1.0,BetUS,Houston Texans -1,1.8700
2026-09-27T14:04:27+00:00,17a730b7d399feeab6a78c30767c29d2,Indianapolis Colts vs Houston Texans,spreads,1.0,BetUS,Indianapolis Colts +1,1.9500
2026-09-27T14:04:27+00:00,17a730b7d399feeab6a78c30767c29d2,Indianapolis Colts vs Houston Texans,spreads,-1.5,FanDuel,Houston Texans -1.5,1.8900
2026-09-27T14:04:27+00:00,17a730b7d399feeab6a78c30767c29d2,Indianapolis Colts vs Houston Texans,spreads,1.5,FanDuel,Indianapolis Colts +1.5,1.9300
2026-09-27T14:04:27+00:00,17a730b7d399feeab6a78c30767c29d2,Indianapolis Colts vs Houston Texans,spreads,-1.5,BetRivers,Houston Texans -1.5,1.8900
2026-09-27T14:04:27+00:00,17a730b7d399feeab6a78c30767c29d2,Indianapolis Colts vs Houston Texans,spreads,1.5,BetRivers,Indianapolis Colts +1.5,1.9200
2026-09-27T14:04:27+00:00,17a730b7d399feeab6a78c30767c29d2,Indianapolis Colts vs Houston Texans,spreads,-1.5,LowVig.ag,Houston Texans -1.5,1.9700
2026-09-27T14:04:27+00:00,17a730b7d399feeab6a78c30767c29d2,Indianapolis Colts vs Houston Texans,spreads,1.5,LowVig.ag,Indianapolis Colts +1.5,1.9300
2026-09-27T14:04:27+00:00,17a730b7d399feeab6a78c30767c29d2,Indianapolis Colts vs Houston Texans,spreads,-1.5,BetOnline.ag,Houston Texans -1.5,1.9100
2026-09-27T14:04:27+00:00,17a730b7d399feeab6a78c30767c29d2,Indianapolis Colts vs Houston Texans,spreads,1.5,BetOnline.ag,Indianapolis Colts +1.5,1.9100
2026-09-27T14:04:27+00:00,17a730b7d399feeab6a78c30767c29d2,Indianapolis Colts vs Houston Texans,spreads,-1.5,MyBookie.ag,Houston Texans -1.5,1.9100
2026-09-27T14:04:27+00:00,17a730b7d399feeab6a78c30767c29d2,Indianapolis Colts vs Houston Texans,spreads,1.5,MyBookie.ag,Indianapolis Colts +1.5,1.9100
2026-09-27T14:04:27+00:00,17a730b7d399feeab6a78c30767c29d2,Indianapolis Colts vs Houston Texans,spreads,-2.0,BetMGM,Houston Texans -2,1.9300
2026-09-27T14:04:27+00:00,17a730b7d399feeab6a78c30767c29d2,Indianapolis Colts vs Houston Texans,spreads,2.0,BetMGM,Indianapolis Colts +2,1.9100
2026-09-27T14:04:27+00:00,17a730b7d399feeab6a78c30767c29d2,Indianapolis Colts vs Houston Texans,spreads,-1.5,Bovada,Houston Texans -1.5,1.8700
2026-09-27T14:04:27+00:00,17a730b7d399feeab6a78c30767c29d2,Indianapolis Colts vs Houston Texans,spreads,1.5,Bovada,Indianapolis Colts +1.5,1.9500
2026-09-27T14:04:27+00:00,17a730b7d399feeab6a78c30767c29d2,Indianapolis Colts vs Houston Texans,totals,42.5,DraftKings,Over +42.5,1.8900
2026-09-27T14:04:27+00:00,17a730b7d399feeab6a78c30767c29d2,Indianapolis Colts vs Houston Texans,totals,42.5,DraftKings,Under +42.5,1.9300
2026-09-27T14:04:27+00:00,17a730b7d399feeab6a78c30767c29d2,Indianapolis Colts vs Houston Texans,totals,42.5,BetUS,Over +42.5,1.9100
2026-09-27T14:04:27+00:00,17a730b7d399feeab6a78c30767c29d2,Indianapolis Colts vs Houston Texans,totals,42.5,BetUS,Under +42.5,1.9100
2026-09-27T14:04:27+00:00,17a730b7d399feeab6a78c30767c29d2,Indianapolis Colts vs Houston Texans,totals,42.5,FanDuel,Over +42.5,1.8800
2026-09-27T14:04:27+00:00,17a730b7d399feeab6a78c30767c29d2,Indianapolis Colts vs Houston Texans,totals,42.5,FanDuel,Under +42.5,1.9400
2026-09-27T14:04:27+00:00,17a730b7d399feeab6a78c30767c29d2,Indianapolis Colts vs Houston Texans,totals,42.5,BetRivers,Over +42.5,1.8800
2026-09-27T14:04:27+00:00,17a730b7d399feeab6a78c30767c29d2,Indianapolis Colts vs Houston Texans,totals,42.5,BetRivers,Under +42.5,1.9300
2026-09-27T14:04:27+00:00,17a730b7d399feeab6a78c30767c29d2,Indianapolis Colts vs Houston Texans,totals,42.5,LowVig.ag,Over +42.5,1.9800
2026-09-27T14:04:27+00:00,17a730b7d399feeab6a78c30767c29d2,Indianapolis Colts vs Houston Texans,totals,42.5,LowVig.ag,Under +42.5,1.8800
2026-09-27T14:04:27+00:00,17a730b7d399feeab6a78c30767c29d2,Indianapolis Colts vs Houston Texans,totals,42.5,BetOnline.ag,Over +42.5,1.9500
2026-09-27T14:04:27+00:00,17a730b7d399feeab6a78c30767c29d2,Indianapolis Colts vs Houston Texans,totals,42.5,BetOnline.ag,Under +42.5,1.8700
2026-09-27T14:04:27+00:00,17a730b7d399feeab6a78c30767c29d2,Indianapolis Colts vs Houston Texans,totals,42.5,MyBookie.ag,Over +42.5,1.9100
2026-09-27T14:04:27+00:00,17a730b7d399feeab6a78c30767c29d2,Indianapolis Colts vs Houston Texans,totals,42.5,MyBookie.ag,Under +42.5,1.9100
2026-09-27T14:04:27+00:00,17a730b7d399feeab6a78c30767c29d2,Indianapolis Colts vs Houston Texans,totals,42.5,BetMGM,Over +42.5,1.9100
2026-09-27T14:04:27+00:00,17a730b7d399feeab6a78c30767c29d2,Indianapolis Colts vs Houston Texans,totals,42.5,BetMGM,Under +42.5,1.9300
2026-09-27T14:04:27+00:00,17a730b7d399feeab6a78c30767c29d2,Indianapolis Colts vs Houston Texans,totals,42.5,Bovada,Over +42.5,1.8700
2026-09-27T14:04:27+00:00,17a730b7d399feeab6a78c30767c29d2,Indianapolis Colts vs Houston Texans,totals,42.5,Bovada,Under +42.5,1.9500
2026-09-27T14:04:27+00:00,1f3cfd315a24d1a7dd5859a8e6b88e18,Jacksonville Jaguars vs New England Patriots,h2h,,DraftKings,Jacksonville Jaguars,1.6500
2026-09-27T14:04:27+00:00,1f3cfd315a24d1a7dd5859a8e6b88e18,Jacksonville Jaguars vs New England Patriots,h2h,,DraftKings,New England Patriots,2.3000
2026-09-27T14:04:27+00:00,1f3cfd315a24d1a7dd5859a8e6b88e18,Jacksonville Jaguars vs New England Patriots,h2h,,BetUS,Jacksonville Jaguars,1.6500
2026-09-27T14:04:27+00:00,1f3cfd315a24d1a7dd5859a8e6b88e18,Jacksonville Jaguars vs New England Patriots,h2h,,BetUS,New England Patriots,2.3400
2026-09-27T14:04:27+00:00,1f3cfd315a24d1a7dd5859a8e6b88e18,Jacksonville Jaguars vs New England Patriots,h2h,,FanDuel,Jacksonville Jaguars,1.6300
2026-09-27T14:04:27+00:00,1f3cfd315a24d1a7dd5859a8e6b88e18,Jacksonville Jaguars vs New England Patriots,h2h,,FanDuel,New England Patriots,2.3600
2026-09-27T14:04:27+00:00,1f3cfd315a24d1a7dd5859a8e6b88e18,Jacksonville Jaguars vs New England Patriots,h2h,,BetRivers,Jacksonville Jaguars,1.6400
2026-09-27T14:04:27+00:00,1f3cfd315a24d1a7dd5859a8e6b88e18,Jacksonville Jaguars vs New England Patriots,h2h,,BetRivers,New England Patriots,2.3200
2026-09-27T14:04:27+00:00,1f3cfd315a24d1a7dd5859a8e6b88e18,Jacksonville Jaguars vs New England Patriots,h2h,,LowVig.ag,Jacksonville Jaguars,1.6700
2026-09-27T14:04:27+00:00,1f3cfd315a24d1a7dd5859a8e6b88e18,Jacksonville Jaguars vs New England Patriots,h2h,,LowVig.ag,New England Patriots,2.3000
2026-09-27T14:04:27+00:00,1f3cfd315a24d1a7dd5859a8e6b88e18,Jacksonville Jaguars vs New England Patriots,h2h,,BetOnline.ag,Jacksonville Jaguars,1.6700
2026-09-27T14:04:27+00:00,1f3cfd315a24d1a7dd5859a8e6b88e18,Jacksonville Jaguars vs New England Patriots,h2h,,BetOnline.ag,New England Patriots,2.3000
2026-09-27T14:04:27+00:00,1f3cfd315a24d1a7dd5859a8e6b88e18,Jacksonville Jaguars vs New England Patriots,h2h,,MyBookie.ag,Jacksonville Jaguars,1.6500
2026-09-27T14:04:27+00:00,1f3cfd315a24d1a7dd5859a8e6b88e18,Jacksonville Jaguars vs New England Patriots,h2h,,MyBookie.ag,New England Patriots,2.3100
2026-09-27T14:04:27+00:00,1f3cfd315a24d1a7dd5859a8e6b88e18,Jacksonville Jaguars vs New England Patriots,h2h,,BetMGM,Jacksonville Jaguars,1.6200
2026-09-27T14:04:27+00:00,1f3cfd315a24d1a7dd5859a8e6b88e18,Jacksonville Jaguars vs New England Patriots,h2h,,BetMGM,New England Patriots,2.3000
2026-09-27T14:04:27+00:00,1f3cfd315a24d1a7dd5859a8e6b88e18,Jacksonville Jaguars vs New England Patriots,h2h,,Bovada,Jacksonville Jaguars,1.6700
2026-09-27T14:04:27+00:00,1f3cfd315a24d1a7dd5859a8e6b88e18,Jacksonville Jaguars vs New England Patriots,h2h,,Bovada,New England Patriots,2.3000
2026-09-27T14:04:27+00:00,1f3cfd315a24d1a7dd5859a8e6b88e18,Jacksonville Jaguars vs New England Patriots,spreads,-3.0,DraftKings,Jacksonville Jaguars -3,1.9800
2026-09-27T14:04:27+00:00,1f3cfd315a24d1a7dd5859a8e6b88e18,Jacksonville Jaguars vs New England Patriots,spreads,3.0,DraftKings,New England Patriots +3,1.8500
2026-09-27T14:04:27+00:00,1f3cfd315a24d1a7dd5859a8e6b88e18,Jacksonville Jaguars vs New England Patriots,spreads,-3.0,BetUS,Jacksonville Jaguars -3,2.0000
2026-09-27T14:04:27+00:00,1f3cfd315a24d1a7dd5859a8e6b88e18,Jacksonville Jaguars vs New England Patriots,spreads,3.0,BetUS,New England Patriots +3,1.8300
2026-09-27T14:04:27+00:00,1f3cfd315a24d1a7dd5859a8e6b88e18,Jacksonville Jaguars vs New England Patriots,spreads,-2.5,FanDuel,Jacksonville Jaguars -2.5,1.8200
2026-09-27T14:04:27+00:00,1f3cfd315a24d1a7dd5859a8e6b88e18,Jacksonville Jaguars vs New England Patriots,spreads,2.5,FanDuel,New England Patriots +2.5,2.0000
2026-09-27T14:04:27+00:00,1f3cfd315a24d1a7dd5859a8e6b88e18,Jacksonville Jaguars vs New England Patriots,spreads,-3.0,BetRivers,Jacksonville Jaguars -3,1.9400
2026-09-27T14:04:27+00:00,1f3cfd315a24d1a7dd5859a8e6b88e18,Jacksonville Jaguars vs New England Patriots,spreads,3.0,BetRivers,New England Patriots +3,1.8700
2026-09-27T14:04:27+00:00,1f3cfd315a24d1a7dd5859a8e6b88e18,Jacksonville Jaguars vs New England Patriots,spreads,-3.0,LowVig.ag,Jacksonville Jaguars -3,2.0500
2026-09-27T14:04:27+00:00,1f3cfd315a24d1a7dd5859a8e6b88e18,Jacksonville Jaguars vs New England Patriots,spreads,3.0,LowVig.ag,New England Patriots +3,1.8600
2026-09-27T14:04:27+00:00,1f3cfd315a24d1a7dd5859a8e6b88e18,Jacksonville Jaguars vs New England Patriots,spreads,-3.0,BetOnline.ag,Jacksonville Jaguars -3,2.0000
2026-09-27T14:04:27+00:00,1f3cfd315a24d1a7dd5859a8e6b88e18,Jacksonville Jaguars vs New England Patriots,spreads,3.0,BetOnline.ag,New England Patriots +3,1.8300
2026-09-27T14:04:27+00:00,1f3cfd315a24d1a7dd5859a8e6b88e18,Jacksonville Jaguars vs New England Patriots,spreads,-3.0,MyBookie.ag,Jacksonville Jaguars -3,2.0000
2026-09-27T14:04:27+00:00,1f3cfd315a24d1a7dd5859a8e6b88e18,Jacksonville Jaguars vs New England Patriots,spreads,3.0,MyBookie.ag,New England Patriots +3,1.8300
2026-09-27T14:04:27+00:00,1f3cfd315a24d1a7dd5859a8e6b88e18,Jacksonville Jaguars vs New England Patriots,spreads,-3.0,BetMGM,Jacksonville Jaguars -3,1.9500
2026-09-27T14:04:27+00:00,1f3cfd315a24d1a7dd5859a8e6b88e18,Jacksonville Jaguars vs New England Patriots,spreads,3.0,BetMGM,New England Patriots +3,1.8900
2026-09-27T14:04:27+00:00,1f3cfd315a24d1a7dd5859a8e6b88e18,Jacksonville Jaguars vs New England Patriots,spreads,-2.5,Bovada,Jacksonville Jaguars -2.5,1.8300
2026-09-27T14:04:27+00:00,1f3cfd315a24d1a7dd5859a8e6b88e18,Jacksonville Jaguars vs New England Patriots,spreads,2.5,Bovada,New England Patriots +2.5,2.0000
2026-09-27T14:04:27+00:00,1f3cfd315a24d1a7dd5859a8e6b88e18,Jacksonville Jaguars vs New England Patriots,totals,45.5,DraftKings,Over +45.5,1.8700
2026-09-27T14:04:27+00:00,1f3cfd315a24d1a7dd5859a8e6b88e18,Jacksonville Jaguars vs New England Patriots,totals,45.5,DraftKings,Under +45.5,1.9500
2026-09-27T14:04:27+00:00,1f3cfd315a24d1a7dd5859a8e6b88e18,Jacksonville Jaguars vs New England Patriots,totals,46.0,BetUS,Over +46,1.9100
2026-09-27T14:04:27+00:00,1f3cfd315a24d1a7dd5859a8e6b88e18,Jacksonville Jaguars vs New England Patriots,totals,46.0,BetUS,Under +46,1.9100
2026-09-27T14:04:27+00:00,1f3cfd315a24d1a7dd5859a8e6b88e18,Jacksonville Jaguars vs New England Patriots,totals,45.5,FanDuel,Over +45.5,1.8300
2026-09-27T14:04:27+00:00,1f3cfd315a24d1a7dd5859a8e6b88e18,Jacksonville Jaguars vs New England Patriots,totals,45.5,FanDuel,Under +45.5,1.9800
2026-09-27T14:04:27+00:00,1f3cfd315a24d1a7dd5859a8e6b88e18,Jacksonville Jaguars vs New England Patriots,totals,45.5,BetRivers,Over +45.5,1.8900
2026-09-27T14:04:27+00:00,1f3cfd315a24d1a7dd5859a8e6b88e18,Jacksonville Jaguars vs New England Patriots,totals,45.5,BetRivers,Under +45.5,1.9200
2026-09-27T14:04:27+00:00,1f3cfd315a24d1a7dd5859a8e6b88e18,Jacksonville Jaguars vs New England Patriots,totals,46.0,LowVig.ag,Over +46,1.9300
2026-09-27T14:04:27+00:00,1f3cfd315a24d1a7dd5859a8e6b88e18,Jacksonville Jaguars vs New England Patriots,totals,46.0,LowVig.ag,Under +46,1.9300
2026-09-27T14:04:27+00:00,1f3cfd315a24d1a7dd5859a8e6b88e18,Jacksonville Jaguars vs New England Patriots,totals,46.0,BetOnline.ag,Over +46,1.9100
2026-09-27T14:04:27+00:00,1f3cfd315a24d1a7dd5859a8e6b88e18,Jacksonville Jaguars vs New England Patriots,totals,46.0,BetOnline.ag,Under +46,1.9100
2026-09-27T14:04:27+00:00,1f3cfd315a24d1a7dd5859a8e6b88e18,Jacksonville Jaguars vs New England Patriots,totals,46.0,MyBookie.ag,Over +46,1.9100
2026-09-27T14:04:27+00:00,1f3cfd315a24d1a7dd5859a8e6b88e18,Jacksonville Jaguars vs New England Patriots,totals,46.0,MyBookie.ag,Under +46,1.9100
2026-09-27T14:04:27+00:00,1f3cfd315a24d1a7dd5859a8e6b88e18,Jacksonville Jaguars vs New England Patriots,totals,46.0,BetMGM,Over +46,1.9300
2026-09-27T14:04:27+00:00,1f3cfd315a24d1a7dd5859a8e6b88e18,Jacksonville Jaguars vs New England Patriots,totals,46.0,BetMGM,Under +46,1.9100
2026-09-27T14:04:27+00:00,1f3cfd315a24d1a7dd5859a8e6b88e18,Jacksonville Jaguars vs New England Patriots,totals,46.0,Bovada,Over +46,1.9500
2026-09-27T14:04:27+00:00,1f3cfd315a24d1a7dd5859a8e6b88e18,Jacksonville Jaguars vs New England Patriots,totals,46.0,Bovada,Under +46,1.8700
2026-09-27T14:04:27+00:00,0339a0e41bcee12820eb3e64bb5fadb4,Miami Dolphins vs Kansas City Chiefs,h2h,,DraftKings,Kansas City Chiefs,1.1900
2026-09-27T14:04:27+00:00,0339a0e41bcee12820eb3e64bb5fadb4,Miami Dolphins vs Kansas City Chiefs,h2h,,DraftKings,Miami Dolphins,5.0000
2026-09-27T14:04:27+00:00,0339a0e41bcee12820eb3e64bb5fadb4,Miami Dolphins vs Kansas City Chiefs,h2h,,BetUS,Kansas City Chiefs,1.1500
2026-09-27T14:04:27+00:00,0339a0e41bcee12820eb3e64bb5fadb4,Miami Dolphins vs Kansas City Chiefs,h2h,,BetUS,Miami Dolphins,5.7500
2026-09-27T14:04:27+00:00,0339a0e41bcee12820eb3e64bb5fadb4,Miami Dolphins vs Kansas City Chiefs,h2h,,FanDuel,Kansas City Chiefs,1.1700
2026-09-27T14:04:27+00:00,0339a0e41bcee12820eb3e64bb5fadb4,Miami Dolphins vs Kansas City Chiefs,h2h,,FanDuel,Miami Dolphins,5.5000
2026-09-27T14:04:27+00:00,0339a0e41bcee12820eb3e64bb5fadb4,Miami Dolphins vs Kansas City Chiefs,h2h,,BetRivers,Kansas City Chiefs,1.1400
2026-09-27T14:04:27+00:00,0339a0e41bcee12820eb3e64bb5fadb4,Miami Dolphins vs Kansas City Chiefs,h2h,,BetRivers,Miami Dolphins,6.0000
2026-09-27T14:04:27+00:00,0339a0e41bcee12820eb3e64bb5fadb4,Miami Dolphins vs Kansas City Chiefs,h2h,,LowVig.ag,Kansas City Chiefs,1.1700
2026-09-27T14:04:27+00:00,0339a0e41bcee12820eb3e64bb5fadb4,Miami Dolphins vs Kansas City Chiefs,h2h,,LowVig.ag,Miami Dolphins,5.4900
2026-09-27T14:04:27+00:00,0339a0e41bcee12820eb3e64bb5fadb4,Miami Dolphins vs Kansas City Chiefs,h2h,,BetOnline.ag,Kansas City Chiefs,1.1700
2026-09-27T14:04:27+00:00,0339a0e41bcee12820eb3e64bb5fadb4,Miami Dolphins vs Kansas City Chiefs,h2h,,BetOnline.ag,Miami Dolphins,5.4900
2026-09-27T14:04:27+00:00,0339a0e41bcee12820eb3e64bb5fadb4,Miami Dolphins vs Kansas City Chiefs,h2h,,MyBookie.ag,Kansas City Chiefs,1.1600
2026-09-27T14:04:27+00:00,0339a0e41bcee12820eb3e64bb5fadb4,Miami Dolphins vs Kansas City Chiefs,h2h,,MyBookie.ag,Miami Dolphins,5.5500
2026-09-27T14:04:27+00:00,0339a0e41bcee12820eb3e64bb5fadb4,Miami Dolphins vs Kansas City Chiefs,h2h,,BetMGM,Kansas City Chiefs,1.1700
2026-09-27T14:04:27+00:00,0339a0e41bcee12820eb3e64bb5fadb4,Miami Dolphins vs Kansas City Chiefs,h2h,,BetMGM,Miami Dolphins,5.2500
2026-09-27T14:04:27+00:00,0339a0e41bcee12820eb3e64bb5fadb4,Miami Dolphins vs Kansas City Chiefs,h2h,,Bovada,Kansas City Chiefs,1.1700
2026-09-27T14:04:27+00:00,0339a0e41bcee12820eb3e64bb5fadb4,Miami Dolphins vs Kansas City Chiefs,h2h,,Bovada,Miami Dolphins,5.2500
2026-09-27T14:04:27+00:00,0339a0e41bcee12820eb3e64bb5fadb4,Miami Dolphins vs Kansas City Chiefs,spreads,-9.5,DraftKings,Kansas City Chiefs -9.5,1.8900
2026-09-27T14:04:27+00:00,0339a0e41bcee12820eb3e64bb5fadb4,Miami Dolphins vs Kansas City Chiefs,spreads,9.5,DraftKings,Miami Dolphins +9.5,1.9300
2026-09-27T14:04:27+00:00,0339a0e41bcee12820eb3e64bb5fadb4,Miami Dolphins vs Kansas City Chiefs,spreads,-9.5,BetUS,Kansas City Chiefs -9.5,1.9100
2026-09-27T14:04:27+00:00,0339a0e41bcee12820eb3e64bb5fadb4,Miami Dolphins vs Kansas City Chiefs,spreads,9.5,BetUS,Miami Dolphins +9.5,1.9100
2026-09-27T14:04:27+00:00,0339a0e41bcee12820eb3e64bb5fadb4,Miami Dolphins vs Kansas City Chiefs,spreads,-10.5,FanDuel,Kansas City Chiefs -10.5,2.0000
2026-09-27T14:04:27+00:00,0339a0e41bcee12820eb3e64bb5fadb4,Miami Dolphins vs Kansas City Chiefs,spreads,10.5,FanDuel,Miami Dolphins +10.5,1.8200
2026-09-27T14:04:27+00:00,0339a0e41bcee12820eb3e64bb5fadb4,Miami Dolphins vs Kansas City Chiefs,spreads,-9.5,BetRivers,Kansas City Chiefs -9.5,1.8700
2026-09-27T14:04:27+00:00,0339a0e41bcee12820eb3e64bb5fadb4,Miami Dolphins vs Kansas City Chiefs,spreads,9.5,BetRivers,Miami Dolphins +9.5,1.9400
2026-09-27T14:04:27+00:00,0339a0e41bcee12820eb3e64bb5fadb4,Miami Dolphins vs Kansas City Chiefs,spreads,-10.0,LowVig.ag,Kansas City Chiefs -10,2.0400
2026-09-27T14:04:27+00:00,0339a0e41bcee12820eb3e64bb5fadb4,Miami Dolphins vs Kansas City Chiefs,spreads,10.0,LowVig.ag,Miami Dolphins +10,1.8700
2026-09-27T14:04:27+00:00,0339a0e41bcee12820eb3e64bb5fadb4,Miami Dolphins vs Kansas City Chiefs,spreads,-10.0,BetOnline.ag,Kansas City Chiefs -10,1.9900
2026-09-27T14:04:27+00:00,0339a0e41bcee12820eb3e64bb5fadb4,Miami Dolphins vs Kansas City Chiefs,spreads,10.0,BetOnline.ag,Miami Dolphins +10,1.8400
2026-09-27T14:04:27+00:00,0339a0e41bcee12820eb3e64bb5fadb4,Miami Dolphins vs Kansas City Chiefs,spreads,-10.0,MyBookie.ag,Kansas City Chiefs -10,1.9100
2026-09-27T14:04:27+00:00,0339a0e41bcee12820eb3e64bb5fadb4,Miami Dolphins vs Kansas City Chiefs,spreads,10.0,MyBookie.ag,Miami Dolphins +10,1.9100
2026-09-27T14:04:27+00:00,0339a0e41bcee12820eb3e64bb5fadb4,Miami Dolphins vs Kansas City Chiefs,spreads,-9.5,BetMGM,Kansas City Chiefs -9.5,1.9100
2026-09-27T14:04:27+00:00,0339a0e41bcee12820eb3e64bb5fadb4,Miami Dolphins vs Kansas City Chiefs,spreads,9.5,BetMGM,Miami Dolphins +9.5,1.9300
2026-09-27T14:04:27+00:00,0339a0e41bcee12820eb3e64bb5fadb4,Miami Dolphins vs Kansas City Chiefs,spreads,-9.5,Bovada,Kansas City Chiefs -9.5,1.9100
2026-09-27T14:04:27+00:00,0339a0e41bcee12820eb3e64bb5fadb4,Miami Dolphins vs Kansas City Chiefs,spreads,9.5,Bovada,Miami Dolphins +9.5,1.9100
2026-09-27T14:04:27+00:00,0339a0e41bcee12820eb3e64bb5fadb4,Miami Dolphins vs Kansas City Chiefs,totals,45.5,DraftKings,Over +45.5,1.9500
2026-09-27T14:04:27+00:00,0339a0e41bcee12820eb3e64bb5fadb4,Miami Dolphins vs Kansas City Chiefs,totals,45.5,DraftKings,Under +45.5,1.8700
2026-09-27T14:04:27+00:00,0339a0e41bcee12820eb3e64bb5fadb4,Miami Dolphins vs Kansas City Chiefs,totals,45.0,BetUS,Over +45,1.9100
2026-09-27T14:04:27+00:00,0339a0e41bcee12820eb3e64bb5fadb4,Miami Dolphins vs Kansas City Chiefs,totals,45.0,BetUS,Under +45,1.9100
2026-09-27T14:04:27+00:00,0339a0e41bcee12820eb3e64bb5fadb4,Miami Dolphins vs Kansas City Chiefs,totals,45.5,FanDuel,Over +45.5,1.9500
2026-09-27T14:04:27+00:00,0339a0e41bcee12820eb3e64bb5fadb4,Miami Dolphins vs Kansas City Chiefs,totals,45.5,FanDuel,Under +45.5,1.8700
2026-09-27T14:04:27+00:00,0339a0e41bcee12820eb3e64bb5fadb4,Miami Dolphins vs Kansas City Chiefs,totals,45.0,BetRivers,Over +45,1.8800
2026-09-27T14:04:27+00:00,0339a0e41bcee12820eb3e64bb5fadb4,Miami Dolphins vs Kansas City Chiefs,totals,45.0,BetRivers,Under +45,1.9300
2026-09-27T14:04:27+00:00,0339a0e41bcee12820eb3e64bb5fadb4,Miami Dolphins vs Kansas City Chiefs,totals,45.0,LowVig.ag,Over +45,1.9300
2026-09-27T14:04:27+00:00,0339a0e41bcee12820eb3e64bb5fadb4,Miami Dolphins vs Kansas City Chiefs,totals,45.0,LowVig.ag,Under +45,1.9300
2026-09-27T14:04:27+00:00,0339a0e41bcee12820eb3e64bb5fadb4,Miami Dolphins vs Kansas City Chiefs,totals,45.0,BetOnline.ag,Over +45,1.9100
2026-09-27T14:04:27+00:00,0339a0e41bcee12820eb3e64bb5fadb4,Miami Dolphins vs Kansas City Chiefs,totals,45.0,BetOnline.ag,Under +45,1.9100
2026-09-27T14:04:27+00:00,0339a0e41bcee12820eb3e64bb5fadb4,Miami Dolphins vs Kansas City Chiefs,totals,45.0,MyBookie.ag,Over +45,1.9100
2026-09-27T14:04:27+00:00,0339a0e41bcee12820eb3e64bb5fadb4,Miami Dolphins vs Kansas City Chiefs,totals,45.0,MyBookie.ag,Under +45,1.9100
2026-09-27T14:04:27+00:00,0339a0e41bcee12820eb3e64bb5fadb4,Miami Dolphins vs Kansas City Chiefs,totals,45.5,BetMGM,Over +45.5,1.9100
2026-09-27T14:04:27+00:00,0339a0e41bcee12820eb3e64bb5fadb4,Miami Dolphins vs Kansas City Chiefs,totals,45.5,BetMGM,Under +45.5,1.9300
2026-09-27T14:04:27+00:00,0339a0e41bcee12820eb3e64bb5fadb4,Miami Dolphins vs Kansas City Chiefs,totals,45.0,Bovada,Over +45,1.8700
2026-09-27T14:04:27+00:00,0339a0e41bcee12820eb3e64bb5fadb4,Miami Dolphins vs Kansas City Chiefs,totals,45.0,Bovada,Under +45,1.9500
2026-09-27T14:04:27+00:00,555afd4a27aaa392662881cffa8f2eef,New York Giants vs Tennessee Titans,h2h,,DraftKings,New York Giants,1.7700
2026-09-27T14:04:27+00:00,555afd4a27aaa392662881cffa8f2eef,New York Giants vs Tennessee Titans,h2h,,DraftKings,Tennessee Titans,2.1000
2026-09-27T14:04:27+00:00,555afd4a27aaa392662881cffa8f2eef,New York Giants vs Tennessee Titans,h2h,,BetUS,New York Giants,1.7400
2026-09-27T14:04:27+00:00,555afd4a27aaa392662881cffa8f2eef,New York Giants vs Tennessee Titans,h2h,,BetUS,Tennessee Titans,2.1500
2026-09-27T14:04:27+00:00,555afd4a27aaa392662881cffa8f2eef,New York Giants vs Tennessee Titans,h2h,,FanDuel,New York Giants,1.7200
2026-09-27T14:04:27+00:00,555afd4a27aaa392662881cffa8f2eef,New York Giants vs Tennessee Titans,h2h,,FanDuel,Tennessee Titans,2.1800
2026-09-27T14:04:27+00:00,555afd4a27aaa392662881cffa8f2eef,New York Giants vs Tennessee Titans,h2h,,BetRivers,New York Giants,1.7100
2026-09-27T14:04:27+00:00,555afd4a27aaa392662881cffa8f2eef,New York Giants vs Tennessee Titans,h2h,,BetRivers,Tennessee Titans,2.1700
2026-09-27T14:04:27+00:00,555afd4a27aaa392662881cffa8f2eef,New York Giants vs Tennessee Titans,h2h,,LowVig.ag,New York Giants,1.7800
2026-09-27T14:04:27+00:00,555afd4a27aaa392662881cffa8f2eef,New York Giants vs Tennessee Titans,h2h,,LowVig.ag,Tennessee Titans,2.0900
2026-09-27T14:04:27+00:00,555afd4a27aaa392662881cffa8f2eef,New York Giants vs Tennessee Titans,h2h,,BetOnline.ag,New York Giants,1.7800
2026-09-27T14:04:27+00:00,555afd4a27aaa392662881cffa8f2eef,New York Giants vs Tennessee Titans,h2h,,BetOnline.ag,Tennessee Titans,2.0900
2026-09-27T14:04:27+00:00,555afd4a27aaa392662881cffa8f2eef,New York Giants vs Tennessee Titans,h2h,,MyBookie.ag,New York Giants,1.7500
2026-09-27T14:04:27+00:00,555afd4a27aaa392662881cffa8f2eef,New York Giants vs Tennessee Titans,h2h,,MyBookie.ag,Tennessee Titans,2.1300
2026-09-27T14:04:27+00:00,555afd4a27aaa392662881cffa8f2eef,New York Giants vs Tennessee Titans,h2h,,BetMGM,New York Giants,1.7100
2026-09-27T14:04:27+00:00,555afd4a27aaa392662881cffa8f2eef,New York Giants vs Tennessee Titans,h2h,,BetMGM,Tennessee Titans,2.1500
2026-09-27T14:04:27+00:00,555afd4a27aaa392662881cffa8f2eef,New York Giants vs Tennessee Titans,h2h,,Bovada,New York Giants,1.7400
2026-09-27T14:04:27+00:00,555afd4a27aaa392662881cffa8f2eef,New York Giants vs Tennessee Titans,h2h,,Bovada,Tennessee Titans,2.1500
2026-09-27T14:04:27+00:00,555afd4a27aaa392662881cffa8f2eef,New York Giants vs Tennessee Titans,spreads,-2.5,DraftKings,New York Giants -2.5,1.9100
2026-09-27T14:04:27+00:00,555afd4a27aaa392662881cffa8f2eef,New York Giants vs Tennessee Titans,spreads,2.5,DraftKings,Tennessee Titans +2.5,1.9100
2026-09-27T14:04:27+00:00,555afd4a27aaa392662881cffa8f2eef,New York Giants vs Tennessee Titans,spreads,-2.0,BetUS,New York Giants -2,1.8700
2026-09-27T14:04:27+00:00,555afd4a27aaa392662881cffa8f2eef,New York Giants vs Tennessee Titans,spreads,2.0,BetUS,Tennessee Titans +2,1.9500
2026-09-27T14:04:27+00:00,555afd4a27aaa392662881cffa8f2eef,New York Giants vs Tennessee Titans,spreads,-2.5,FanDuel,New York Giants -2.5,1.9100
2026-09-27T14:04:27+00:00,555afd4a27aaa392662881cffa8f2eef,New York Giants vs Tennessee Titans,spreads,2.5,FanDuel,Tennessee Titans +2.5,1.9100
2026-09-27T14:04:27+00:00,555afd4a27aaa392662881cffa8f2eef,New York Giants vs Tennessee Titans,spreads,-2.5,BetRivers,New York Giants -2.5,1.9100
2026-09-27T14:04:27+00:00,555afd4a27aaa392662881cffa8f2eef,New York Giants vs Tennessee Titans,spreads,2.5,BetRivers,Tennessee Titans +2.5,1.9100
2026-09-27T14:04:27+00:00,555afd4a27aaa392662881cffa8f2eef,New York Giants vs Tennessee Titans,spreads,-2.5,LowVig.ag,New York Giants -2.5,1.9900
2026-09-27T14:04:27+00:00,555afd4a27aaa392662881cffa8f2eef,New York Giants vs Tennessee Titans,spreads,2.5,LowVig.ag,Tennessee Titans +2.5,1.9200
2026-09-27T14:04:27+00:00,555afd4a27aaa392662881cffa8f2eef,New York Giants vs Tennessee Titans,spreads,-2.5,BetOnline.ag,New York Giants -2.5,1.9500
2026-09-27T14:04:27+00:00,555afd4a27aaa392662881cffa8f2eef,New York Giants vs Tennessee Titans,spreads,2.5,BetOnline.ag,Tennessee Titans +2.5,1.8700
2026-09-27T14:04:27+00:00,555afd4a27aaa392662881cffa8f2eef,New York Giants vs Tennessee Titans,spreads,-2.5,MyBookie.ag,New York Giants -2.5,1.9100
2026-09-27T14:04:27+00:00,555afd4a27aaa392662881cffa8f2eef,New York Giants vs Tennessee Titans,spreads,2.5,MyBookie.ag,Tennessee Titans +2.5,1.9100
2026-09-27T14:04:27+00:00,555afd4a27aaa392662881cffa8f2eef,New York Giants vs Tennessee Titans,spreads,-2.5,BetMGM,New York Giants -2.5,1.8900
2026-09-27T14:04:27+00:00,555afd4a27aaa392662881cffa8f2eef,New York Giants vs Tennessee Titans,spreads,2.5,BetMGM,Tennessee Titans +2.5,1.9500
2026-09-27T14:04:27+00:00,555afd4a27aaa392662881cffa8f2eef,New York Giants vs Tennessee Titans,spreads,-2.5,Bovada,New York Giants -2.5,1.9100
2026-09-27T14:04:27+00:00,555afd4a27aaa392662881cffa8f2eef,New York Giants vs Tennessee Titans,spreads,2.5,Bovada,Tennessee Titans +2.5,1.9100
2026-09-27T14:04:27+00:00,555afd4a27aaa392662881cffa8f2eef,New York Giants vs Tennessee Titans,totals,37.5,DraftKings,Over +37.5,1.9100
2026-09-27T14:04:27+00:00,555afd4a27aaa392662881cffa8f2eef,New York Giants vs Tennessee Titans,totals,37.5,DraftKings,Under +37.5,1.9100
2026-09-27T14:04:27+00:00,555afd4a27aaa392662881cffa8f2eef,New York Giants vs Tennessee Titans,totals,37.5,BetUS,Over +37.5,1.9100
2026-09-27T14:04:27+00:00,555afd4a27aaa392662881cffa8f2eef,New York Giants vs Tennessee Titans,totals,37.5,BetUS,Under +37.5,1.9100
2026-09-27T14:04:27+00:00,555afd4a27aaa392662881cffa8f2eef,New York Giants vs Tennessee Titans,totals,37.5,FanDuel,Over +37.5,1.8700
2026-09-27T14:04:27+00:00,555afd4a27aaa392662881cffa8f2eef,New York Giants vs Tennessee Titans,totals,37.5,FanDuel,Under +37.5,1.9500
2026-09-27T14:04:27+00:00,555afd4a27aaa392662881cffa8f2eef,New York Giants vs Tennessee Titans,totals,37.5,BetRivers,Over +37.5,1.8800
2026-09-27T14:04:27+00:00,555afd4a27aaa392662881cffa8f2eef,New York Giants vs Tennessee Titans,totals,37.5,BetRivers,Under +37.5,1.9300
2026-09-27T14:04:27+00:00,555afd4a27aaa392662881cffa8f2eef,New York Giants vs Tennessee Titans,totals,37.5,LowVig.ag,Over +37.5,1.9300
2026-09-27T14:04:27+00:00,555afd4a27aaa392662881cffa8f2eef,New York Giants vs Tennessee Titans,totals,37.5,LowVig.ag,Under +37.5,1.9300
2026-09-27T14:04:27+00:00,555afd4a27aaa392662881cffa8f2eef,New York Giants vs Tennessee Titans,totals,37.5,BetOnline.ag,Over +37.5,1.9100
2026-09-27T14:04:27+00:00,555afd4a27aaa392662881cffa8f2eef,New York Giants vs Tennessee Titans,totals,37.5,BetOnline.ag,Under +37.5,1.9100
2026-09-27T14:04:27+00:00,555afd4a27aaa392662881cffa8f2eef,New York Giants vs Tennessee Titans,totals,37.5,MyBookie.ag,Over +37.5,1.9100
2026-09-27T14:04:27+00:00,555afd4a27aaa392662881cffa8f2eef,New York Giants vs Tennessee Titans,totals,37.5,MyBookie.ag,Under +37.5,1.9100
2026-09-27T14:04:27+00:00,555afd4a27aaa392662881cffa8f2eef,New York Giants vs Tennessee Titans,totals,37.5,BetMGM,Over +37.5,1.9300
2026-09-27T14:04:27+00:00,555afd4a27aaa392662881cffa8f2eef,New York Giants vs Tennessee Titans,totals,37.5,BetMGM,Under +37.5,1.9100
2026-09-27T14:04:27+00:00,555afd4a27aaa392662881cffa8f2eef,New York Giants vs Tennessee Titans,totals,38.0,Bovada,Over +38,1.9100
2026-09-27T14:04:27+00:00,555afd4a27aaa392662881cffa8f2eef,New York Giants vs Tennessee Titans,totals,38.0,Bovada,Under +38,1.9100
2026-09-27T14:04:27+00:00,2a529c108305ffa049d8b6cfdbaa4d36,Washington Commanders vs Seattle Seahawks,h2h,,DraftKings,Seattle Seahawks,1.2400
2026-09-27T14:04:27+00:00,2a529c108305ffa049d8b6cfdbaa4d36,Washington Commanders vs Seattle Seahawks,h2h,,DraftKings,Washington Commanders,4.2000
2026-09-27T14:04:27+00:00,2a529c108305ffa049d8b6cfdbaa4d36,Washington Commanders vs Seattle Seahawks,h2h,,BetUS,Seattle Seahawks,1.2500
2026-09-27T14:04:27+00:00,2a529c108305ffa049d8b6cfdbaa4d36,Washington Commanders vs Seattle Seahawks,h2h,,BetUS,Washington Commanders,4.1700
2026-09-27T14:04:27+00:00,2a529c108305ffa049d8b6cfdbaa4d36,Washington Commanders vs Seattle Seahawks,h2h,,FanDuel,Seattle Seahawks,1.2200
2026-09-27T14:04:27+00:00,2a529c108305ffa049d8b6cfdbaa4d36,Washington Commanders vs Seattle Seahawks,h2h,,FanDuel,Washington Commanders,4.5000
2026-09-27T14:04:27+00:00,2a529c108305ffa049d8b6cfdbaa4d36,Washington Commanders vs Seattle Seahawks,h2h,,BetRivers,Seattle Seahawks,1.2500
2026-09-27T14:04:27+00:00,2a529c108305ffa049d8b6cfdbaa4d36,Washington Commanders vs Seattle Seahawks,h2h,,BetRivers,Washington Commanders,4.1000
2026-09-27T14:04:27+00:00,2a529c108305ffa049d8b6cfdbaa4d36,Washington Commanders vs Seattle Seahawks,h2h,,LowVig.ag,Seattle Seahawks,1.2400
2026-09-27T14:04:27+00:00,2a529c108305ffa049d8b6cfdbaa4d36,Washington Commanders vs Seattle Seahawks,h2h,,LowVig.ag,Washington Commanders,4.2700
2026-09-27T14:04:27+00:00,2a529c108305ffa049d8b6cfdbaa4d36,Washington Commanders vs Seattle Seahawks,h2h,,BetOnline.ag,Seattle Seahawks,1.2400
2026-09-27T14:04:27+00:00,2a529c108305ffa049d8b6cfdbaa4d36,Washington Commanders vs Seattle Seahawks,h2h,,BetOnline.ag,Washington Commanders,4.2700
2026-09-27T14:04:27+00:00,2a529c108305ffa049d8b6cfdbaa4d36,Washington Commanders vs Seattle Seahawks,h2h,,MyBookie.ag,Seattle Seahawks,1.2500
2026-09-27T14:04:27+00:00,2a529c108305ffa049d8b6cfdbaa4d36,Washington Commanders vs Seattle Seahawks,h2h,,MyBookie.ag,Washington Commanders,4.2000
2026-09-27T14:04:27+00:00,2a529c108305ffa049d8b6cfdbaa4d36,Washington Commanders vs Seattle Seahawks,h2h,,BetMGM,Seattle Seahawks,1.2400
2026-09-27T14:04:27+00:00,2a529c108305ffa049d8b6cfdbaa4d36,Washington Commanders vs Seattle Seahawks,h2h,,BetMGM,Washington Commanders,4.3300
2026-09-27T14:04:27+00:00,2a529c108305ffa049d8b6cfdbaa4d36,Washington Commanders vs Seattle Seahawks,h2h,,Bovada,Seattle Seahawks,1.2400
2026-09-27T14:04:27+00:00,2a529c108305ffa049d8b6cfdbaa4d36,Washington Commanders vs Seattle Seahawks,h2h,,Bovada,Washington Commanders,4.1000
2026-09-27T14:04:27+00:00,2a529c108305ffa049d8b6cfdbaa4d36,Washington Commanders vs Seattle Seahawks,spreads,-8.5,DraftKings,Seattle Seahawks -8.5,1.9500
2026-09-27T14:04:27+00:00,2a529c108305ffa049d8b6cfdbaa4d36,Washington Commanders vs Seattle Seahawks,spreads,8.5,DraftKings,Washington Commanders +8.5,1.8700
2026-09-27T14:04:27+00:00,2a529c108305ffa049d8b6cfdbaa4d36,Washington Commanders vs Seattle Seahawks,spreads,-9.0,BetUS,Seattle Seahawks -9,1.9500
2026-09-27T14:04:27+00:00,2a529c108305ffa049d8b6cfdbaa4d36,Washington Commanders vs Seattle Seahawks,spreads,9.0,BetUS,Washington Commanders +9,1.8700
2026-09-27T14:04:27+00:00,2a529c108305ffa049d8b6cfdbaa4d36,Washington Commanders vs Seattle Seahawks,spreads,-8.5,FanDuel,Seattle Seahawks -8.5,1.9100
2026-09-27T14:04:27+00:00,2a529c108305ffa049d8b6cfdbaa4d36,Washington Commanders vs Seattle Seahawks,spreads,8.5,FanDuel,Washington Commanders +8.5,1.9100
2026-09-27T14:04:27+00:00,2a529c108305ffa049d8b6cfdbaa4d36,Washington Commanders vs Seattle Seahawks,spreads,-8.0,BetRivers,Seattle Seahawks -8,1.8900
2026-09-27T14:04:27+00:00,2a529c108305ffa049d8b6cfdbaa4d36,Washington Commanders vs Seattle Seahawks,spreads,8.0,BetRivers,Washington Commanders +8,1.9200
2026-09-27T14:04:27+00:00,2a529c108305ffa049d8b6cfdbaa4d36,Washington Commanders vs Seattle Seahawks,spreads,-9.0,LowVig.ag,Seattle Seahawks -9,2.0300
2026-09-27T14:04:27+00:00,2a529c108305ffa049d8b6cfdbaa4d36,Washington Commanders vs Seattle Seahawks,spreads,9.0,LowVig.ag,Washington Commanders +9,1.8800
2026-09-27T14:04:27+00:00,2a529c108305ffa049d8b6cfdbaa4d36,Washington Commanders vs Seattle Seahawks,spreads,-9.0,BetOnline.ag,Seattle Seahawks -9,1.9500
2026-09-27T14:04:27+00:00,2a529c108305ffa049d8b6cfdbaa4d36,Washington Commanders vs Seattle Seahawks,spreads,9.0,BetOnline.ag,Washington Commanders +9,1.8700
2026-09-27T14:04:27+00:00,2a529c108305ffa049d8b6cfdbaa4d36,Washington Commanders vs Seattle Seahawks,spreads,-8.5,MyBookie.ag,Seattle Seahawks -8.5,1.9100
2026-09-27T14:04:27+00:00,2a529c108305ffa049d8b6cfdbaa4d36,Washington Commanders vs Seattle Seahawks,spreads,8.5,MyBookie.ag,Washington Commanders +8.5,1.9100
2026-09-27T14:04:27+00:00,2a529c108305ffa049d8b6cfdbaa4d36,Washington Commanders vs Seattle Seahawks,spreads,-8.5,BetMGM,Seattle Seahawks -8.5,1.9500
2026-09-27T14:04:27+00:00,2a529c108305ffa049d8b6cfdbaa4d36,Washington Commanders vs Seattle Seahawks,spreads,8.5,BetMGM,Washington Commanders +8.5,1.9500
2026-09-27T14:04:27+00:00,2a529c108305ffa049d8b6cfdbaa4d36,Washington Commanders vs Seattle Seahawks,spreads,-8.5,Bovada,Seattle Seahawks -8.5,1.9100
2026-09-27T14:04:27+00:00,2a529c108305ffa049d8b6cfdbaa4d36,Washington Commanders vs Seattle Seahawks,spreads,8.5,Bovada,Washington Commanders +8.5,1.9100
2026-09-27T14:04:27+00:00,2a529c108305ffa049d8b6cfdbaa4d36,Washington Commanders vs Seattle Seahawks,totals,40.5,DraftKings,Over +40.5,1.9800
2026-09-27T14:04:27+00:00,2a529c108305ffa049d8b6cfdbaa4d36,Washington Commanders vs Seattle Seahawks,totals,40.5,DraftKings,Under +40.5,1.8500
2026-09-27T14:04:27+00:00,2a529c108305ffa049d8b6cfdbaa4d36,Washington Commanders vs Seattle Seahawks,totals,40.0,BetUS,Over +40,1.9100
2026-09-27T14:04:27+00:00,2a529c108305ffa049d8b6cfdbaa4d36,Washington Commanders vs Seattle Seahawks,totals,40.0,BetUS,Under +40,1.9100
2026-09-27T14:04:27+00:00,2a529c108305ffa049d8b6cfdbaa4d36,Washington Commanders vs Seattle Seahawks,totals,40.5,FanDuel,Over +40.5,1.9100
2026-09-27T14:04:27+00:00,2a529c108305ffa049d8b6cfdbaa4d36,Washington Commanders vs Seattle Seahawks,totals,40.5,FanDuel,Under +40.5,1.9100
2026-09-27T14:04:27+00:00,2a529c108305ffa049d8b6cfdbaa4d36,Washington Commanders vs Seattle Seahawks,totals,40.0,BetRivers,Over +40,1.8800
2026-09-27T14:04:27+00:00,2a529c108305ffa049d8b6cfdbaa4d36,Washington Commanders vs Seattle Seahawks,totals,40.0,BetRivers,Under +40,1.9300
2026-09-27T14:04:27+00:00,2a529c108305ffa049d8b6cfdbaa4d36,Washington Commanders vs Seattle Seahawks,totals,40.0,LowVig.ag,Over +40,1.9100
2026-09-27T14:04:27+00:00,2a529c108305ffa049d8b6cfdbaa4d36,Washington Commanders vs Seattle Seahawks,totals,40.0,LowVig.ag,Under +40,1.9600
2026-09-27T14:04:27+00:00,2a529c108305ffa049d8b6cfdbaa4d36,Washington Commanders vs Seattle Seahawks,totals,40.0,BetOnline.ag,Over +40,1.8800
2026-09-27T14:04:27+00:00,2a529c108305ffa049d8b6cfdbaa4d36,Washington Commanders vs Seattle Seahawks,totals,40.0,BetOnline.ag,Under +40,1.9300
2026-09-27T14:04:27+00:00,2a529c108305ffa049d8b6cfdbaa4d36,Washington Commanders vs Seattle Seahawks,totals,40.0,MyBookie.ag,Over +40,1.9100
2026-09-27T14:04:27+00:00,2a529c108305ffa049d8b6cfdbaa4d36,Washington Commanders vs Seattle Seahawks,totals,40.0,MyBookie.ag,Under +40,1.9100
2026-09-27T14:04:27+00:00,2a529c108305ffa049d8b6cfdbaa4d36,Washington Commanders vs Seattle Seahawks,totals,40.0,BetMGM,Over +40,1.8300
2026-09-27T14:04:27+00:00,2a529c108305ffa049d8b6cfdbaa4d36,Washington Commanders vs Seattle Seahawks,totals,40.0,BetMGM,Under +40,1.9100
2026-09-27T14:04:27+00:00,2a529c108305ffa049d8b6cfdbaa4d36,Washington Commanders vs Seattle Seahawks,totals,40.0,Bovada,Over +40,1.8700
2026-09-27T14:04:27+00:00,2a529c108305ffa049d8b6cfdbaa4d36,Washington Commanders vs Seattle Seahawks,totals,40.0,Bovada,Under +40,1.9500
2026-09-27T14:04:27+00:00,9d2b09e0f9b6dd5ce0d985894f4f98fa,San Francisco 49ers vs Arizona Cardinals,h2h,,DraftKings,Arizona Cardinals,4.1000
2026-09-27T14:04:27+00:00,9d2b09e0f9b6dd5ce0d985894f4f98fa,San Francisco 49ers vs Arizona Cardinals,h2h,,DraftKings,San Francisco 49ers,1.2500
2026-09-27T14:04:27+00:00,9d2b09e0f9b6dd5ce0d985894f4f98fa,San Francisco 49ers vs Arizona Cardinals,h2h,,BetUS,Arizona Cardinals,3.9500
2026-09-27T14:04:27+00:00,9d2b09e0f9b6dd5ce0d985894f4f98fa,San Francisco 49ers vs Arizona Cardinals,h2h,,BetUS,San Francisco 49ers,1.2700
2026-09-27T14:04:27+00:00,9d2b09e0f9b6dd5ce0d985894f4f98fa,San Francisco 49ers vs Arizona Cardinals,h2h,,FanDuel,Arizona Cardinals,4.3000
2026-09-27T14:04:27+00:00,9d2b09e0f9b6dd5ce0d985894f4f98fa,San Francisco 49ers vs Arizona Cardinals,h2h,,FanDuel,San Francisco 49ers,1.2400
2026-09-27T14:04:27+00:00,9d2b09e0f9b6dd5ce0d985894f4f98fa,San Francisco 49ers vs Arizona Cardinals,h2h,,BetRivers,Arizona Cardinals,4.3500
2026-09-27T14:04:27+00:00,9d2b09e0f9b6dd5ce0d985894f4f98fa,San Francisco 49ers vs Arizona Cardinals,h2h,,BetRivers,San Francisco 49ers,1.2200
2026-09-27T14:04:27+00:00,9d2b09e0f9b6dd5ce0d985894f4f98fa,San Francisco 49ers vs Arizona Cardinals,h2h,,LowVig.ag,Arizona Cardinals,3.9600
2026-09-27T14:04:27+00:00,9d2b09e0f9b6dd5ce0d985894f4f98fa,San Francisco 49ers vs Arizona Cardinals,h2h,,LowVig.ag,San Francisco 49ers,1.2700
2026-09-27T14:04:27+00:00,9d2b09e0f9b6dd5ce0d985894f4f98fa,San Francisco 49ers vs Arizona Cardinals,h2h,,BetOnline.ag,Arizona Cardinals,3.9600
2026-09-27T14:04:27+00:00,9d2b09e0f9b6dd5ce0d985894f4f98fa,San Francisco 49ers vs Arizona Cardinals,h2h,,BetOnline.ag,San Francisco 49ers,1.2700
2026-09-27T14:04:27+00:00,9d2b09e0f9b6dd5ce0d985894f4f98fa,San Francisco 49ers vs Arizona Cardinals,h2h,,MyBookie.ag,Arizona Cardinals,4.0200
2026-09-27T14:04:27+00:00,9d2b09e0f9b6dd5ce0d985894f4f98fa,San Francisco 49ers vs Arizona Cardinals,h2h,,MyBookie.ag,San Francisco 49ers,1.2700
2026-09-27T14:04:27+00:00,9d2b09e0f9b6dd5ce0d985894f4f98fa,San Francisco 49ers vs Arizona Cardinals,h2h,,BetMGM,Arizona Cardinals,4.1000
2026-09-27T14:04:27+00:00,9d2b09e0f9b6dd5ce0d985894f4f98fa,San Francisco 49ers vs Arizona Cardinals,h2h,,BetMGM,San Francisco 49ers,1.2700
2026-09-27T14:04:27+00:00,9d2b09e0f9b6dd5ce0d985894f4f98fa,San Francisco 49ers vs Arizona Cardinals,h2h,,Bovada,Arizona Cardinals,3.8500
2026-09-27T14:04:27+00:00,9d2b09e0f9b6dd5ce0d985894f4f98fa,San Francisco 49ers vs Arizona Cardinals,h2h,,Bovada,San Francisco 49ers,1.2700
2026-09-27T14:04:27+00:00,9d2b09e0f9b6dd5ce0d985894f4f98fa,San Francisco 49ers vs Arizona Cardinals,spreads,7.5,DraftKings,Arizona Cardinals +7.5,1.8900
2026-09-27T14:04:27+00:00,9d2b09e0f9b6dd5ce0d985894f4f98fa,San Francisco 49ers vs Arizona Cardinals,spreads,-7.5,DraftKings,San Francisco 49ers -7.5,1.9300
2026-09-27T14:04:27+00:00,9d2b09e0f9b6dd5ce0d985894f4f98fa,San Francisco 49ers vs Arizona Cardinals,spreads,7.5,BetUS,Arizona Cardinals +7.5,1.8700
2026-09-27T14:04:27+00:00,9d2b09e0f9b6dd5ce0d985894f4f98fa,San Francisco 49ers vs Arizona Cardinals,spreads,-7.5,BetUS,San Francisco 49ers -7.5,1.9500
2026-09-27T14:04:27+00:00,9d2b09e0f9b6dd5ce0d985894f4f98fa,San Francisco 49ers vs Arizona Cardinals,spreads,7.5,FanDuel,Arizona Cardinals +7.5,1.9100
2026-09-27T14:04:27+00:00,9d2b09e0f9b6dd5ce0d985894f4f98fa,San Francisco 49ers vs Arizona Cardinals,spreads,-7.5,FanDuel,San Francisco 49ers -7.5,1.9100
2026-09-27T14:04:27+00:00,9d2b09e0f9b6dd5ce0d985894f4f98fa,San Francisco 49ers vs Arizona Cardinals,spreads,7.5,BetRivers,Arizona Cardinals +7.5,1.9300
2026-09-27T14:04:27+00:00,9d2b09e0f9b6dd5ce0d985894f4f98fa,San Francisco 49ers vs Arizona Cardinals,spreads,-7.5,BetRivers,San Francisco 49ers -7.5,1.8800
2026-09-27T14:04:27+00:00,9d2b09e0f9b6dd5ce0d985894f4f98fa,San Francisco 49ers vs Arizona Cardinals,spreads,7.5,LowVig.ag,Arizona Cardinals +7.5,1.9300
2026-09-27T14:04:27+00:00,9d2b09e0f9b6dd5ce0d985894f4f98fa,San Francisco 49ers vs Arizona Cardinals,spreads,-7.5,LowVig.ag,San Francisco 49ers -7.5,1.9800
2026-09-27T14:04:27+00:00,9d2b09e0f9b6dd5ce0d985894f4f98fa,San Francisco 49ers vs Arizona Cardinals,spreads,7.5,BetOnline.ag,Arizona Cardinals +7.5,1.8800
2026-09-27T14:04:27+00:00,9d2b09e0f9b6dd5ce0d985894f4f98fa,San Francisco 49ers vs Arizona Cardinals,spreads,-7.5,BetOnline.ag,San Francisco 49ers -7.5,1.9300
2026-09-27T14:04:27+00:00,9d2b09e0f9b6dd5ce0d985894f4f98fa,San Francisco 49ers vs Arizona Cardinals,spreads,7.5,MyBookie.ag,Arizona Cardinals +7.5,1.9100
2026-09-27T14:04:27+00:00,9d2b09e0f9b6dd5ce0d985894f4f98fa,San Francisco 49ers vs Arizona Cardinals,spreads,-7.5,MyBookie.ag,San Francisco 49ers -7.5,1.9100
2026-09-27T14:04:27+00:00,9d2b09e0f9b6dd5ce0d985894f4f98fa,San Francisco 49ers vs Arizona Cardinals,spreads,7.5,BetMGM,Arizona Cardinals +7.5,1.9100
2026-09-27T14:04:27+00:00,9d2b09e0f9b6dd5ce0d985894f4f98fa,San Francisco 49ers vs Arizona Cardinals,spreads,-7.5,BetMGM,San Francisco 49ers -7.5,1.9300
2026-09-27T14:04:27+00:00,9d2b09e0f9b6dd5ce0d985894f4f98fa,San Francisco 49ers vs Arizona Cardinals,spreads,7.5,Bovada,Arizona Cardinals +7.5,1.8700
2026-09-27T14:04:27+00:00,9d2b09e0f9b6dd5ce0d985894f4f98fa,San Francisco 49ers vs Arizona Cardinals,spreads,-7.5,Bovada,San Francisco 49ers -7.5,1.9500
2026-09-27T14:04:27+00:00,9d2b09e0f9b6dd5ce0d985894f4f98fa,San Francisco 49ers vs Arizona Cardinals,totals,48.5,DraftKings,Over +48.5,1.9500
2026-09-27T14:04:27+00:00,9d2b09e0f9b6dd5ce0d985894f4f98fa,San Francisco 49ers vs Arizona Cardinals,totals,48.5,DraftKings,Under +48.5,1.8700
2026-09-27T14:04:27+00:00,9d2b09e0f9b6dd5ce0d985894f4f98fa,San Francisco 49ers vs Arizona Cardinals,totals,48.0,BetUS,Over +48,1.9100
2026-09-27T14:04:27+00:00,9d2b09e0f9b6dd5ce0d985894f4f98fa,San Francisco 49ers vs Arizona Cardinals,totals,48.0,BetUS,Under +48,1.9100
2026-09-27T14:04:27+00:00,9d2b09e0f9b6dd5ce0d985894f4f98fa,San Francisco 49ers vs Arizona Cardinals,totals,47.5,FanDuel,Over +47.5,1.8300
2026-09-27T14:04:27+00:00,9d2b09e0f9b6dd5ce0d985894f4f98fa,San Francisco 49ers vs Arizona Cardinals,totals,47.5,FanDuel,Under +47.5,1.9800
2026-09-27T14:04:27+00:00,9d2b09e0f9b6dd5ce0d985894f4f98fa,San Francisco 49ers vs Arizona Cardinals,totals,47.5,BetRivers,Over +47.5,1.8800
2026-09-27T14:04:27+00:00,9d2b09e0f9b6dd5ce0d985894f4f98fa,San Francisco 49ers vs Arizona Cardinals,totals,47.5,BetRivers,Under +47.5,1.9300
2026-09-27T14:04:27+00:00,9d2b09e0f9b6dd5ce0d985894f4f98fa,San Francisco 49ers vs Arizona Cardinals,totals,48.0,LowVig.ag,Over +48,1.9100
2026-09-27T14:04:27+00:00,9d2b09e0f9b6dd5ce0d985894f4f98fa,San Francisco 49ers vs Arizona Cardinals,totals,48.0,LowVig.ag,Under +48,1.9600
2026-09-27T14:04:27+00:00,9d2b09e0f9b6dd5ce0d985894f4f98fa,San Francisco 49ers vs Arizona Cardinals,totals,48.0,BetOnline.ag,Over +48,1.8800
2026-09-27T14:04:27+00:00,9d2b09e0f9b6dd5ce0d985894f4f98fa,San Francisco 49ers vs Arizona Cardinals,totals,48.0,BetOnline.ag,Under +48,1.9300
2026-09-27T14:04:27+00:00,9d2b09e0f9b6dd5ce0d985894f4f98fa,San Francisco 49ers vs Arizona Cardinals,totals,48.0,MyBookie.ag,Over +48,1.9100
2026-09-27T14:04:27+00:00,9d2b09e0f9b6dd5ce0d985894f4f98fa,San Francisco 49ers vs Arizona Cardinals,totals,48.0,MyBookie.ag,Under +48,1.9100
2026-09-27T14:04:27+00:00,9d2b09e0f9b6dd5ce0d985894f4f98fa,San Francisco 49ers vs Arizona Cardinals,totals,48.0,BetMGM,Over +48,1.9300
2026-09-27T14:04:27+00:00,9d2b09e0f9b6dd5ce0d985894f4f98fa,San Francisco 49ers vs Arizona Cardinals,totals,48.0,BetMGM,Under +48,1.9100
2026-09-27T14:04:27+00:00,9d2b09e0f9b6dd5ce0d985894f4f98fa,San Francisco 49ers vs Arizona Cardinals,totals,48.0,Bovada,Over +48,1.8700
2026-09-27T14:04:27+00:00,9d2b09e0f9b6dd5ce0d985894f4f98fa,San Francisco 49ers vs Arizona Cardinals,totals,48.0,Bovada,Under +48,1.9500
2026-09-27T14:04:27+00:00,f1724dead3eab61546033032fc782375,Tampa Bay Buccaneers vs Minnesota Vikings,h2h,,DraftKings,Minnesota Vikings,1.8700
2026-09-27T14:04:27+00:00,f1724dead3eab61546033032fc782375,Tampa Bay Buccaneers vs Minnesota Vikings,h2h,,DraftKings,Tampa Bay Buccaneers,1.9500
2026-09-27T14:04:27+00:00,f1724dead3eab61546033032fc782375,Tampa Bay Buccaneers vs Minnesota Vikings,h2h,,FanDuel,Minnesota Vikings,1.8600
2026-09-27T14:04:27+00:00,f1724dead3eab61546033032fc782375,Tampa Bay Buccaneers vs Minnesota Vikings,h2h,,FanDuel,Tampa Bay Buccaneers,1.9800
2026-09-27T14:04:27+00:00,f1724dead3eab61546033032fc782375,Tampa Bay Buccaneers vs Minnesota Vikings,h2h,,BetRivers,Minnesota Vikings,1.8300
2026-09-27T14:04:27+00:00,f1724dead3eab61546033032fc782375,Tampa Bay Buccaneers vs Minnesota Vikings,h2h,,BetRivers,Tampa Bay Buccaneers,2.0000
2026-09-27T14:04:27+00:00,f1724dead3eab61546033032fc782375,Tampa Bay Buccaneers vs Minnesota Vikings,h2h,,LowVig.ag,Minnesota Vikings,1.9000
2026-09-27T14:04:27+00:00,f1724dead3eab61546033032fc782375,Tampa Bay Buccaneers vs Minnesota Vikings,h2h,,LowVig.ag,Tampa Bay Buccaneers,1.9200
2026-09-27T14:04:27+00:00,f1724dead3eab61546033032fc782375,Tampa Bay Buccaneers vs Minnesota Vikings,h2h,,BetOnline.ag,Minnesota Vikings,1.9000
2026-09-27T14:04:27+00:00,f1724dead3eab61546033032fc782375,Tampa Bay Buccaneers vs Minnesota Vikings,h2h,,BetOnline.ag,Tampa Bay Buccaneers,1.9200
2026-09-27T14:04:27+00:00,f1724dead3eab61546033032fc782375,Tampa Bay Buccaneers vs Minnesota Vikings,h2h,,MyBookie.ag,Minnesota Vikings,1.8900
2026-09-27T14:04:27+00:00,f1724dead3eab61546033032fc782375,Tampa Bay Buccaneers vs Minnesota Vikings,h2h,,MyBookie.ag,Tampa Bay Buccaneers,1.9500
2026-09-27T14:04:27+00:00,f1724dead3eab61546033032fc782375,Tampa Bay Buccaneers vs Minnesota Vikings,h2h,,BetMGM,Minnesota Vikings,1.8900
2026-09-27T14:04:27+00:00,f1724dead3eab61546033032fc782375,Tampa Bay Buccaneers vs Minnesota Vikings,h2h,,BetMGM,Tampa Bay Buccaneers,1.9500
2026-09-27T14:04:27+00:00,f1724dead3eab61546033032fc782375,Tampa Bay Buccaneers vs Minnesota Vikings,h2h,,Bovada,Minnesota Vikings,1.8700
2026-09-27T14:04:27+00:00,f1724dead3eab61546033032fc782375,Tampa Bay Buccaneers vs Minnesota Vikings,h2h,,Bovada,Tampa Bay Buccaneers,1.9500
2026-09-27T14:04:27+00:00,f1724dead3eab61546033032fc782375,Tampa Bay Buccaneers vs Minnesota Vikings,spreads,-1.5,DraftKings,Minnesota Vikings -1.5,2.0000
2026-09-27T14:04:27+00:00,f1724dead3eab61546033032fc782375,Tampa Bay Buccaneers vs Minnesota Vikings,spreads,1.5,DraftKings,Tampa Bay Buccaneers +1.5,1.8300
2026-09-27T14:04:27+00:00,f1724dead3eab61546033032fc782375,Tampa Bay Buccaneers vs Minnesota Vikings,spreads,0.0,BetUS,Minnesota Vikings +0,1.9100
2026-09-27T14:04:27+00:00,f1724dead3eab61546033032fc782375,Tampa Bay Buccaneers vs Minnesota Vikings,spreads,0.0,BetUS,Tampa Bay Buccaneers +0,1.9100
2026-09-27T14:04:27+00:00,f1724dead3eab61546033032fc782375,Tampa Bay Buccaneers vs Minnesota Vikings,spreads,-1.5,FanDuel,Minnesota Vikings -1.5,1.9600
2026-09-27T14:04:27+00:00,f1724dead3eab61546033032fc782375,Tampa Bay Buccaneers vs Minnesota Vikings,spreads,1.5,FanDuel,Tampa Bay Buccaneers +1.5,1.8500
2026-09-27T14:04:27+00:00,f1724dead3eab61546033032fc782375,Tampa Bay Buccaneers vs Minnesota Vikings,spreads,-1.5,BetRivers,Minnesota Vikings -1.5,1.9300
2026-09-27T14:04:27+00:00,f1724dead3eab61546033032fc782375,Tampa Bay Buccaneers vs Minnesota Vikings,spreads,1.5,BetRivers,Tampa Bay Buccaneers +1.5,1.8800
2026-09-27T14:04:27+00:00,f1724dead3eab61546033032fc782375,Tampa Bay Buccaneers vs Minnesota Vikings,spreads,-1.0,LowVig.ag,Minnesota Vikings -1,1.9800
2026-09-27T14:04:27+00:00,f1724dead3eab61546033032fc782375,Tampa Bay Buccaneers vs Minnesota Vikings,spreads,1.0,LowVig.ag,Tampa Bay Buccaneers +1,1.9300
2026-09-27T14:04:27+00:00,f1724dead3eab61546033032fc782375,Tampa Bay Buccaneers vs Minnesota Vikings,spreads,-1.0,BetOnline.ag,Minnesota Vikings -1,1.9500
2026-09-27T14:04:27+00:00,f1724dead3eab61546033032fc782375,Tampa Bay Buccaneers vs Minnesota Vikings,spreads,1.0,BetOnline.ag,Tampa Bay Buccaneers +1,1.8700
2026-09-27T14:04:27+00:00,f1724dead3eab61546033032fc782375,Tampa Bay Buccaneers vs Minnesota Vikings,spreads,-1.0,MyBookie.ag,Minnesota Vikings -1,1.9100
2026-09-27T14:04:27+00:00,f1724dead3eab61546033032fc782375,Tampa Bay Buccaneers vs Minnesota Vikings,spreads,1.0,MyBookie.ag,Tampa Bay Buccaneers +1,1.9100
2026-09-27T14:04:27+00:00,f1724dead3eab61546033032fc782375,Tampa Bay Buccaneers vs Minnesota Vikings,spreads,-1.0,BetMGM,Minnesota Vikings -1,1.9500
2026-09-27T14:04:27+00:00,f1724dead3eab61546033032fc782375,Tampa Bay Buccaneers vs Minnesota Vikings,spreads,1.0,BetMGM,Tampa Bay Buccaneers +1,1.8900
2026-09-27T14:04:27+00:00,f1724dead3eab61546033032fc782375,Tampa Bay Buccaneers vs Minnesota Vikings,spreads,-1.0,Bovada,Minnesota Vikings -1,1.9100
2026-09-27T14:04:27+00:00,f1724dead3eab61546033032fc782375,Tampa Bay Buccaneers vs Minnesota Vikings,spreads,1.0,Bovada,Tampa Bay Buccaneers +1,1.9100
2026-09-27T14:04:27+00:00,f1724dead3eab61546033032fc782375,Tampa Bay Buccaneers vs Minnesota Vikings,totals,42.5,DraftKings,Over +42.5,1.9500
2026-09-27T14:04:27+00:00,f1724dead3eab61546033032fc782375,Tampa Bay Buccaneers vs Minnesota Vikings,totals,42.5,DraftKings,Under +42.5,1.8700
2026-09-27T14:04:27+00:00,f1724dead3eab61546033032fc782375,Tampa Bay Buccaneers vs Minnesota Vikings,totals,42.5,BetUS,Over +42.5,1.9500
2026-09-27T14:04:27+00:00,f1724dead3eab61546033032fc782375,Tampa Bay Buccaneers vs Minnesota Vikings,totals,42.5,BetUS,Under +42.5,1.8700
2026-09-27T14:04:27+00:00,f1724dead3eab61546033032fc782375,Tampa Bay Buccaneers vs Minnesota Vikings,totals,42.5,FanDuel,Over +42.5,1.8700
2026-09-27T14:04:27+00:00,f1724dead3eab61546033032fc782375,Tampa Bay Buccaneers vs Minnesota Vikings,totals,42.5,FanDuel,Under +42.5,1.9500
2026-09-27T14:04:27+00:00,f1724dead3eab61546033032fc782375,Tampa Bay Buccaneers vs Minnesota Vikings,totals,42.5,BetRivers,Over +42.5,1.8900
2026-09-27T14:04:27+00:00,f1724dead3eab61546033032fc782375,Tampa Bay Buccaneers vs Minnesota Vikings,totals,42.5,BetRivers,Under +42.5,1.9200
2026-09-27T14:04:27+00:00,f1724dead3eab61546033032fc782375,Tampa Bay Buccaneers vs Minnesota Vikings,totals,42.5,LowVig.ag,Over +42.5,1.9600
2026-09-27T14:04:27+00:00,f1724dead3eab61546033032fc782375,Tampa Bay Buccaneers vs Minnesota Vikings,totals,42.5,LowVig.ag,Under +42.5,1.9100
2026-09-27T14:04:27+00:00,f1724dead3eab61546033032fc782375,Tampa Bay Buccaneers vs Minnesota Vikings,totals,42.5,BetOnline.ag,Over +42.5,1.9300
2026-09-27T14:04:27+00:00,f1724dead3eab61546033032fc782375,Tampa Bay Buccaneers vs Minnesota Vikings,totals,42.5,BetOnline.ag,Under +42.5,1.8800
2026-09-27T14:04:27+00:00,f1724dead3eab61546033032fc782375,Tampa Bay Buccaneers vs Minnesota Vikings,totals,42.5,MyBookie.ag,Over +42.5,1.9100
2026-09-27T14:04:27+00:00,f1724dead3eab61546033032fc782375,Tampa Bay Buccaneers vs Minnesota Vikings,totals,42.5,MyBookie.ag,Under +42.5,1.9100
2026-09-27T14:04:27+00:00,f1724dead3eab61546033032fc782375,Tampa Bay Buccaneers vs Minnesota Vikings,totals,42.5,BetMGM,Over +42.5,1.9300
2026-09-27T14:04:27+00:00,f1724dead3eab61546033032fc782375,Tampa Bay Buccaneers vs Minnesota Vikings,totals,42.5,BetMGM,Under +42.5,1.9100
2026-09-27T14:04:27+00:00,f1724dead3eab61546033032fc782375,Tampa Bay Buccaneers vs Minnesota Vikings,totals,42.5,Bovada,Over +42.5,1.9500
2026-09-27T14:04:27+00:00,f1724dead3eab61546033032fc782375,Tampa Bay Buccaneers vs Minnesota Vikings,totals,42.5,Bovada,Under +42.5,1.8700
2026-09-27T14:04:27+00:00,84cfca14efc21363fd605508404cf1ff,Dallas Cowboys vs Baltimore Ravens,h2h,,DraftKings,Baltimore Ravens,1.6200
2026-09-27T14:04:27+00:00,84cfca14efc21363fd605508404cf1ff,Dallas Cowboys vs Baltimore Ravens,h2h,,DraftKings,Dallas Cowboys,2.3600
2026-09-27T14:04:27+00:00,84cfca14efc21363fd605508404cf1ff,Dallas Cowboys vs Baltimore Ravens,h2h,,FanDuel,Baltimore Ravens,1.5700
2026-09-27T14:04:27+00:00,84cfca14efc21363fd605508404cf1ff,Dallas Cowboys vs Baltimore Ravens,h2h,,FanDuel,Dallas Cowboys,2.4800
2026-09-27T14:04:27+00:00,84cfca14efc21363fd605508404cf1ff,Dallas Cowboys vs Baltimore Ravens,h2h,,BetMGM,Baltimore Ravens,1.5700
2026-09-27T14:04:27+00:00,84cfca14efc21363fd605508404cf1ff,Dallas Cowboys vs Baltimore Ravens,h2h,,BetMGM,Dallas Cowboys,2.4500
2026-09-27T14:04:27+00:00,84cfca14efc21363fd605508404cf1ff,Dallas Cowboys vs Baltimore Ravens,h2h,,Bovada,Baltimore Ravens,1.5700
2026-09-27T14:04:27+00:00,84cfca14efc21363fd605508404cf1ff,Dallas Cowboys vs Baltimore Ravens,h2h,,Bovada,Dallas Cowboys,2.5000
2026-09-27T14:04:27+00:00,84cfca14efc21363fd605508404cf1ff,Dallas Cowboys vs Baltimore Ravens,h2h,,BetRivers,Baltimore Ravens,1.5700
2026-09-27T14:04:27+00:00,84cfca14efc21363fd605508404cf1ff,Dallas Cowboys vs Baltimore Ravens,h2h,,BetRivers,Dallas Cowboys,2.4000
2026-09-27T14:04:27+00:00,84cfca14efc21363fd605508404cf1ff,Dallas Cowboys vs Baltimore Ravens,h2h,,BetUS,Baltimore Ravens,1.5600
2026-09-27T14:04:27+00:00,84cfca14efc21363fd605508404cf1ff,Dallas Cowboys vs Baltimore Ravens,h2h,,BetUS,Dallas Cowboys,2.5500
2026-09-27T14:04:27+00:00,84cfca14efc21363fd605508404cf1ff,Dallas Cowboys vs Baltimore Ravens,h2h,,MyBookie.ag,Baltimore Ravens,1.5700
2026-09-27T14:04:27+00:00,84cfca14efc21363fd605508404cf1ff,Dallas Cowboys vs Baltimore Ravens,h2h,,MyBookie.ag,Dallas Cowboys,2.4700
2026-09-27T14:04:27+00:00,84cfca14efc21363fd605508404cf1ff,Dallas Cowboys vs Baltimore Ravens,h2h,,LowVig.ag,Baltimore Ravens,1.5700
2026-09-27T14:04:27+00:00,84cfca14efc21363fd605508404cf1ff,Dallas Cowboys vs Baltimore Ravens,h2h,,LowVig.ag,Dallas Cowboys,2.5300
2026-09-27T14:04:27+00:00,84cfca14efc21363fd605508404cf1ff,Dallas Cowboys vs Baltimore Ravens,h2h,,BetOnline.ag,Baltimore Ravens,1.5700
2026-09-27T14:04:27+00:00,84cfca14efc21363fd605508404cf1ff,Dallas Cowboys vs Baltimore Ravens,h2h,,BetOnline.ag,Dallas Cowboys,2.5300
2026-09-27T14:04:27+00:00,84cfca14efc21363fd605508404cf1ff,Dallas Cowboys vs Baltimore Ravens,spreads,-3.0,DraftKings,Baltimore Ravens -3,1.8500
2026-09-27T14:04:27+00:00,84cfca14efc21363fd605508404cf1ff,Dallas Cowboys vs Baltimore Ravens,spreads,3.0,DraftKings,Dallas Cowboys +3,1.9800
2026-09-27T14:04:27+00:00,84cfca14efc21363fd605508404cf1ff,Dallas Cowboys vs Baltimore Ravens,spreads,-3.5,FanDuel,Baltimore Ravens -3.5,1.9800
2026-09-27T14:04:27+00:00,84cfca14efc21363fd605508404cf1ff,Dallas Cowboys vs Baltimore Ravens,spreads,3.5,FanDuel,Dallas Cowboys +3.5,1.8300
2026-09-27T14:04:27+00:00,84cfca14efc21363fd605508404cf1ff,Dallas Cowboys vs Baltimore Ravens,spreads,-3.0,BetMGM,Baltimore Ravens -3,1.8000
2026-09-27T14:04:27+00:00,84cfca14efc21363fd605508404cf1ff,Dallas Cowboys vs Baltimore Ravens,spreads,3.0,BetMGM,Dallas Cowboys +3,1.9500
2026-09-27T14:04:27+00:00,84cfca14efc21363fd605508404cf1ff,Dallas Cowboys vs Baltimore Ravens,spreads,-3.0,Bovada,Baltimore Ravens -3,1.8300
2026-09-27T14:04:27+00:00,84cfca14efc21363fd605508404cf1ff,Dallas Cowboys vs Baltimore Ravens,spreads,3.0,Bovada,Dallas Cowboys +3,2.0000
2026-09-27T14:04:27+00:00,84cfca14efc21363fd605508404cf1ff,Dallas Cowboys vs Baltimore Ravens,spreads,-3.5,BetRivers,Baltimore Ravens -3.5,1.9600
2026-09-27T14:04:27+00:00,84cfca14efc21363fd605508404cf1ff,Dallas Cowboys vs Baltimore Ravens,spreads,3.5,BetRivers,Dallas Cowboys +3.5,1.8500
2026-09-27T14:04:27+00:00,84cfca14efc21363fd605508404cf1ff,Dallas Cowboys vs Baltimore Ravens,spreads,-3.0,BetUS,Baltimore Ravens -3,1.8300
2026-09-27T14:04:27+00:00,84cfca14efc21363fd605508404cf1ff,Dallas Cowboys vs Baltimore Ravens,spreads,3.0,BetUS,Dallas Cowboys +3,2.0000
2026-09-27T14:04:27+00:00,84cfca14efc21363fd605508404cf1ff,Dallas Cowboys vs Baltimore Ravens,spreads,-3.5,MyBookie.ag,Baltimore Ravens -3.5,2.0000
2026-09-27T14:04:27+00:00,84cfca14efc21363fd605508404cf1ff,Dallas Cowboys vs Baltimore Ravens,spreads,3.5,MyBookie.ag,Dallas Cowboys +3.5,1.8300
2026-09-27T14:04:27+00:00,84cfca14efc21363fd605508404cf1ff,Dallas Cowboys vs Baltimore Ravens,spreads,-3.0,LowVig.ag,Baltimore Ravens -3,1.8600
2026-09-27T14:04:27+00:00,84cfca14efc21363fd605508404cf1ff,Dallas Cowboys vs Baltimore Ravens,spreads,3.0,LowVig.ag,Dallas Cowboys +3,2.0500
2026-09-27T14:04:27+00:00,84cfca14efc21363fd605508404cf1ff,Dallas Cowboys vs Baltimore Ravens,spreads,-3.0,BetOnline.ag,Baltimore Ravens -3,1.8300
2026-09-27T14:04:27+00:00,84cfca14efc21363fd605508404cf1ff,Dallas Cowboys vs Baltimore Ravens,spreads,3.0,BetOnline.ag,Dallas Cowboys +3,2.0000
2026-09-27T14:04:27+00:00,84cfca14efc21363fd605508404cf1ff,Dallas Cowboys vs Baltimore Ravens,totals,53.5,DraftKings,Over +53.5,1.9300
2026-09-27T14:04:27+00:00,84cfca14efc21363fd605508404cf1ff,Dallas Cowboys vs Baltimore Ravens,totals,53.5,DraftKings,Under +53.5,1.8900
2026-09-27T14:04:27+00:00,84cfca14efc21363fd605508404cf1ff,Dallas Cowboys vs Baltimore Ravens,totals,52.5,FanDuel,Over +52.5,1.8800
2026-09-27T14:04:27+00:00,84cfca14efc21363fd605508404cf1ff,Dallas Cowboys vs Baltimore Ravens,totals,52.5,FanDuel,Under +52.5,1.9400
2026-09-27T14:04:27+00:00,84cfca14efc21363fd605508404cf1ff,Dallas Cowboys vs Baltimore Ravens,totals,53.5,BetMGM,Over +53.5,1.9300
2026-09-27T14:04:27+00:00,84cfca14efc21363fd605508404cf1ff,Dallas Cowboys vs Baltimore Ravens,totals,53.5,BetMGM,Under +53.5,1.9100
2026-09-27T14:04:27+00:00,84cfca14efc21363fd605508404cf1ff,Dallas Cowboys vs Baltimore Ravens,totals,53.5,Bovada,Over +53.5,1.9500
2026-09-27T14:04:27+00:00,84cfca14efc21363fd605508404cf1ff,Dallas Cowboys vs Baltimore Ravens,totals,53.5,Bovada,Under +53.5,1.8700
2026-09-27T14:04:27+00:00,84cfca14efc21363fd605508404cf1ff,Dallas Cowboys vs Baltimore Ravens,totals,53.0,BetRivers,Over +53,1.9300
2026-09-27T14:04:27+00:00,84cfca14efc21363fd605508404cf1ff,Dallas Cowboys vs Baltimore Ravens,totals,53.0,BetRivers,Under +53,1.8800
2026-09-27T14:04:27+00:00,84cfca14efc21363fd605508404cf1ff,Dallas Cowboys vs Baltimore Ravens,totals,53.5,BetUS,Over +53.5,1.9100
2026-09-27T14:04:27+00:00,84cfca14efc21363fd605508404cf1ff,Dallas Cowboys vs Baltimore Ravens,totals,53.5,BetUS,Under +53.5,1.9100
2026-09-27T14:04:27+00:00,84cfca14efc21363fd605508404cf1ff,Dallas Cowboys vs Baltimore Ravens,totals,53.5,MyBookie.ag,Over +53.5,1.9100
2026-09-27T14:04:27+00:00,84cfca14efc21363fd605508404cf1ff,Dallas Cowboys vs Baltimore Ravens,totals,53.5,MyBookie.ag,Under +53.5,1.9100
2026-09-27T14:04:27+00:00,84cfca14efc21363fd605508404cf1ff,Dallas Cowboys vs Baltimore Ravens,totals,53.5,LowVig.ag,Over +53.5,1.9500
2026-09-27T14:04:27+00:00,84cfca14efc21363fd605508404cf1ff,Dallas Cowboys vs Baltimore Ravens,totals,53.5,LowVig.ag,Under +53.5,1.9200
2026-09-27T14:04:27+00:00,84cfca14efc21363fd605508404cf1ff,Dallas Cowboys vs Baltimore Ravens,totals,53.5,BetOnline.ag,Over +53.5,1.9300
2026-09-27T14:04:27+00:00,84cfca14efc21363fd605508404cf1ff,Dallas Cowboys vs Baltimore Ravens,totals,53.5,BetOnline.ag,Under +53.5,1.8900
2026-09-27T14:04:27+00:00,2e523fcb0497aa689473e290eb2b97de,New Orleans Saints vs Las Vegas Raiders,h2h,,DraftKings,Las Vegas Raiders,2.6400
2026-09-27T14:04:27+00:00,2e523fcb0497aa689473e290eb2b97de,New Orleans Saints vs Las Vegas Raiders,h2h,,DraftKings,New Orleans Saints,1.5100
2026-09-27T14:04:27+00:00,2e523fcb0497aa689473e290eb2b97de,New Orleans Saints vs Las Vegas Raiders,h2h,,BetUS,Las Vegas Raiders,2.5500
2026-09-27T14:04:27+00:00,2e523fcb0497aa689473e290eb2b97de,New Orleans Saints vs Las Vegas Raiders,h2h,,BetUS,New Orleans Saints,1.5600
2026-09-27T14:04:27+00:00,2e523fcb0497aa689473e290eb2b97de,New Orleans Saints vs Las Vegas Raiders,h2h,,FanDuel,Las Vegas Raiders,2.5000
2026-09-27T14:04:27+00:00,2e523fcb0497aa689473e290eb2b97de,New Orleans Saints vs Las Vegas Raiders,h2h,,FanDuel,New Orleans Saints,1.5600
2026-09-27T14:04:27+00:00,2e523fcb0497aa689473e290eb2b97de,New Orleans Saints vs Las Vegas Raiders,h2h,,BetRivers,Las Vegas Raiders,2.4500
2026-09-27T14:04:27+00:00,2e523fcb0497aa689473e290eb2b97de,New Orleans Saints vs Las Vegas Raiders,h2h,,BetRivers,New Orleans Saints,1.5600
2026-09-27T14:04:27+00:00,2e523fcb0497aa689473e290eb2b97de,New Orleans Saints vs Las Vegas Raiders,h2h,,LowVig.ag,Las Vegas Raiders,2.5800
2026-09-27T14:04:27+00:00,2e523fcb0497aa689473e290eb2b97de,New Orleans Saints vs Las Vegas Raiders,h2h,,LowVig.ag,New Orleans Saints,1.5500
2026-09-27T14:04:27+00:00,2e523fcb0497aa689473e290eb2b97de,New Orleans Saints vs Las Vegas Raiders,h2h,,BetOnline.ag,Las Vegas Raiders,2.5800
2026-09-27T14:04:27+00:00,2e523fcb0497aa689473e290eb2b97de,New Orleans Saints vs Las Vegas Raiders,h2h,,BetOnline.ag,New Orleans Saints,1.5500
2026-09-27T14:04:27+00:00,2e523fcb0497aa689473e290eb2b97de,New Orleans Saints vs Las Vegas Raiders,h2h,,MyBookie.ag,Las Vegas Raiders,2.5500
2026-09-27T14:04:27+00:00,2e523fcb0497aa689473e290eb2b97de,New Orleans Saints vs Las Vegas Raiders,h2h,,MyBookie.ag,New Orleans Saints,1.5500
2026-09-27T14:04:27+00:00,2e523fcb0497aa689473e290eb2b97de,New Orleans Saints vs Las Vegas Raiders,h2h,,BetMGM,Las Vegas Raiders,2.5000
2026-09-27T14:04:27+00:00,2e523fcb0497aa689473e290eb2b97de,New Orleans Saints vs Las Vegas Raiders,h2h,,BetMGM,New Orleans Saints,1.5400
2026-09-27T14:04:27+00:00,2e523fcb0497aa689473e290eb2b97de,New Orleans Saints vs Las Vegas Raiders,h2h,,Bovada,Las Vegas Raiders,2.5500
2026-09-27T14:04:27+00:00,2e523fcb0497aa689473e290eb2b97de,New Orleans Saints vs Las Vegas Raiders,h2h,,Bovada,New Orleans Saints,1.5600
2026-09-27T14:04:27+00:00,2e523fcb0497aa689473e290eb2b97de,New Orleans Saints vs Las Vegas Raiders,spreads,3.5,DraftKings,Las Vegas Raiders +3.5,1.8500
2026-09-27T14:04:27+00:00,2e523fcb0497aa689473e290eb2b97de,New Orleans Saints vs Las Vegas Raiders,spreads,-3.5,DraftKings,New Orleans Saints -3.5,1.9800
2026-09-27T14:04:27+00:00,2e523fcb0497aa689473e290eb2b97de,New Orleans Saints vs Las Vegas Raiders,spreads,3.5,BetUS,Las Vegas Raiders +3.5,1.8700
2026-09-27T14:04:27+00:00,2e523fcb0497aa689473e290eb2b97de,New Orleans Saints vs Las Vegas Raiders,spreads,-3.5,BetUS,New Orleans Saints -3.5,1.9500
2026-09-27T14:04:27+00:00,2e523fcb0497aa689473e290eb2b97de,New Orleans Saints vs Las Vegas Raiders,spreads,3.0,FanDuel,Las Vegas Raiders +3,1.9800
2026-09-27T14:04:27+00:00,2e523fcb0497aa689473e290eb2b97de,New Orleans Saints vs Las Vegas Raiders,spreads,-3.0,FanDuel,New Orleans Saints -3,1.8300
2026-09-27T14:04:27+00:00,2e523fcb0497aa689473e290eb2b97de,New Orleans Saints vs Las Vegas Raiders,spreads,3.0,BetRivers,Las Vegas Raiders +3,1.9600
2026-09-27T14:04:27+00:00,2e523fcb0497aa689473e290eb2b97de,New Orleans Saints vs Las Vegas Raiders,spreads,-3.0,BetRivers,New Orleans Saints -3,1.8500
2026-09-27T14:04:27+00:00,2e523fcb0497aa689473e290eb2b97de,New Orleans Saints vs Las Vegas Raiders,spreads,3.5,LowVig.ag,Las Vegas Raiders +3.5,1.9100
2026-09-27T14:04:27+00:00,2e523fcb0497aa689473e290eb2b97de,New Orleans Saints vs Las Vegas Raiders,spreads,-3.5,LowVig.ag,New Orleans Saints -3.5,2.0000
2026-09-27T14:04:27+00:00,2e523fcb0497aa689473e290eb2b97de,New Orleans Saints vs Las Vegas Raiders,spreads,3.5,BetOnline.ag,Las Vegas Raiders +3.5,1.8700
2026-09-27T14:04:27+00:00,2e523fcb0497aa689473e290eb2b97de,New Orleans Saints vs Las Vegas Raiders,spreads,-3.5,BetOnline.ag,New Orleans Saints -3.5,1.9500
2026-09-27T14:04:27+00:00,2e523fcb0497aa689473e290eb2b97de,New Orleans Saints vs Las Vegas Raiders,spreads,3.5,MyBookie.ag,Las Vegas Raiders +3.5,1.8300
2026-09-27T14:04:27+00:00,2e523fcb0497aa689473e290eb2b97de,New Orleans Saints vs Las Vegas Raiders,spreads,-3.5,MyBookie.ag,New Orleans Saints -3.5,2.0000
2026-09-27T14:04:27+00:00,2e523fcb0497aa689473e290eb2b97de,New Orleans Saints vs Las Vegas Raiders,spreads,3.5,BetMGM,Las Vegas Raiders +3.5,1.8500
2026-09-27T14:04:27+00:00,2e523fcb0497aa689473e290eb2b97de,New Orleans Saints vs Las Vegas Raiders,spreads,-3.5,BetMGM,New Orleans Saints -3.5,1.9800
2026-09-27T14:04:27+00:00,2e523fcb0497aa689473e290eb2b97de,New Orleans Saints vs Las Vegas Raiders,spreads,3.5,Bovada,Las Vegas Raiders +3.5,1.8300
2026-09-27T14:04:27+00:00,2e523fcb0497aa689473e290eb2b97de,New Orleans Saints vs Las Vegas Raiders,spreads,-3.5,Bovada,New Orleans Saints -3.5,2.0000
2026-09-27T14:04:27+00:00,2e523fcb0497aa689473e290eb2b97de,New Orleans Saints vs Las Vegas Raiders,totals,43.5,DraftKings,Over +43.5,1.8500
2026-09-27T14:04:27+00:00,2e523fcb0497aa689473e290eb2b97de,New Orleans Saints vs Las Vegas Raiders,totals,43.5,DraftKings,Under +43.5,1.9800
2026-09-27T14:04:27+00:00,2e523fcb0497aa689473e290eb2b97de,New Orleans Saints vs Las Vegas Raiders,totals,43.5,BetUS,Over +43.5,1.8900
2026-09-27T14:04:27+00:00,2e523fcb0497aa689473e290eb2b97de,New Orleans Saints vs Las Vegas Raiders,totals,43.5,BetUS,Under +43.5,1.9300
2026-09-27T14:04:27+00:00,2e523fcb0497aa689473e290eb2b97de,New Orleans Saints vs Las Vegas Raiders,totals,43.5,FanDuel,Over +43.5,1.8700
2026-09-27T14:04:27+00:00,2e523fcb0497aa689473e290eb2b97de,New Orleans Saints vs Las Vegas Raiders,totals,43.5,FanDuel,Under +43.5,1.9500
2026-09-27T14:04:27+00:00,2e523fcb0497aa689473e290eb2b97de,New Orleans Saints vs Las Vegas Raiders,totals,44.0,BetRivers,Over +44,1.9200
2026-09-27T14:04:27+00:00,2e523fcb0497aa689473e290eb2b97de,New Orleans Saints vs Las Vegas Raiders,totals,44.0,BetRivers,Under +44,1.8900
2026-09-27T14:04:27+00:00,2e523fcb0497aa689473e290eb2b97de,New Orleans Saints vs Las Vegas Raiders,totals,43.5,LowVig.ag,Over +43.5,1.9200
2026-09-27T14:04:27+00:00,2e523fcb0497aa689473e290eb2b97de,New Orleans Saints vs Las Vegas Raiders,totals,43.5,LowVig.ag,Under +43.5,1.9500
2026-09-27T14:04:27+00:00,2e523fcb0497aa689473e290eb2b97de,New Orleans Saints vs Las Vegas Raiders,totals,43.5,BetOnline.ag,Over +43.5,1.8900
2026-09-27T14:04:27+00:00,2e523fcb0497aa689473e290eb2b97de,New Orleans Saints vs Las Vegas Raiders,totals,43.5,BetOnline.ag,Under +43.5,1.9300
2026-09-27T14:04:27+00:00,2e523fcb0497aa689473e290eb2b97de,New Orleans Saints vs Las Vegas Raiders,totals,44.0,MyBookie.ag,Over +44,1.9100
2026-09-27T14:04:27+00:00,2e523fcb0497aa689473e290eb2b97de,New Orleans Saints vs Las Vegas Raiders,totals,44.0,MyBookie.ag,Under +44,1.9100
2026-09-27T14:04:27+00:00,2e523fcb0497aa689473e290eb2b97de,New Orleans Saints vs Las Vegas Raiders,totals,43.5,BetMGM,Over +43.5,1.9100
2026-09-27T14:04:27+00:00,2e523fcb0497aa689473e290eb2b97de,New Orleans Saints vs Las Vegas Raiders,totals,43.5,BetMGM,Under +43.5,1.9300
2026-09-27T14:04:27+00:00,2e523fcb0497aa689473e290eb2b97de,New Orleans Saints vs Las Vegas Raiders,totals,43.5,Bovada,Over +43.5,1.9100
2026-09-27T14:04:27+00:00,2e523fcb0497aa689473e290eb2b97de,New Orleans Saints vs Las Vegas Raiders,totals,43.5,Bovada,Under +43.5,1.9100
2026-09-27T14:04:27+00:00,3bfd8bfb4b8e9a365a0877879b73b16b,Denver Broncos vs Los Angeles Rams,h2h,,DraftKings,Denver Broncos,2.1000
2026-09-27T14:04:27+00:00,3bfd8bfb4b8e9a365a0877879b73b16b,Denver Broncos vs Los Angeles Rams,h2h,,DraftKings,Los Angeles Rams,1.7700
2026-09-27T14:04:27+00:00,3bfd8bfb4b8e9a365a0877879b73b16b,Denver Broncos vs Los Angeles Rams,h2h,,BetUS,Denver Broncos,2.1000
2026-09-27T14:04:27+00:00,3bfd8bfb4b8e9a365a0877879b73b16b,Denver Broncos vs Los Angeles Rams,h2h,,BetUS,Los Angeles Rams,1.7700
2026-09-27T14:04:27+00:00,3bfd8bfb4b8e9a365a0877879b73b16b,Denver Broncos vs Los Angeles Rams,h2h,,FanDuel,Denver Broncos,2.0800
2026-09-27T14:04:27+00:00,3bfd8bfb4b8e9a365a0877879b73b16b,Denver Broncos vs Los Angeles Rams,h2h,,FanDuel,Los Angeles Rams,1.7900
2026-09-27T14:04:27+00:00,3bfd8bfb4b8e9a365a0877879b73b16b,Denver Broncos vs Los Angeles Rams,h2h,,BetRivers,Denver Broncos,2.0700
2026-09-27T14:04:27+00:00,3bfd8bfb4b8e9a365a0877879b73b16b,Denver Broncos vs Los Angeles Rams,h2h,,BetRivers,Los Angeles Rams,1.7800
2026-09-27T14:04:27+00:00,3bfd8bfb4b8e9a365a0877879b73b16b,Denver Broncos vs Los Angeles Rams,h2h,,LowVig.ag,Denver Broncos,2.0700
2026-09-27T14:04:27+00:00,3bfd8bfb4b8e9a365a0877879b73b16b,Denver Broncos vs Los Angeles Rams,h2h,,LowVig.ag,Los Angeles Rams,1.7900
2026-09-27T14:04:27+00:00,3bfd8bfb4b8e9a365a0877879b73b16b,Denver Broncos vs Los Angeles Rams,h2h,,BetOnline.ag,Denver Broncos,2.0700
2026-09-27T14:04:27+00:00,3bfd8bfb4b8e9a365a0877879b73b16b,Denver Broncos vs Los Angeles Rams,h2h,,BetOnline.ag,Los Angeles Rams,1.7900
2026-09-27T14:04:27+00:00,3bfd8bfb4b8e9a365a0877879b73b16b,Denver Broncos vs Los Angeles Rams,h2h,,MyBookie.ag,Denver Broncos,2.0100
2026-09-27T14:04:27+00:00,3bfd8bfb4b8e9a365a0877879b73b16b,Denver Broncos vs Los Angeles Rams,h2h,,MyBookie.ag,Los Angeles Rams,1.8500
2026-09-27T14:04:27+00:00,3bfd8bfb4b8e9a365a0877879b73b16b,Denver Broncos vs Los Angeles Rams,h2h,,BetMGM,Denver Broncos,2.0500
2026-09-27T14:04:27+00:00,3bfd8bfb4b8e9a365a0877879b73b16b,Denver Broncos vs Los Angeles Rams,h2h,,BetMGM,Los Angeles Rams,1.8000
2026-09-27T14:04:27+00:00,3bfd8bfb4b8e9a365a0877879b73b16b,Denver Broncos vs Los Angeles Rams,h2h,,Bovada,Denver Broncos,2.1000
2026-09-27T14:04:27+00:00,3bfd8bfb4b8e9a365a0877879b73b16b,Denver Broncos vs Los Angeles Rams,h2h,,Bovada,Los Angeles Rams,1.7700
2026-09-27T14:04:27+00:00,3bfd8bfb4b8e9a365a0877879b73b16b,Denver Broncos vs Los Angeles Rams,spreads,1.5,DraftKings,Denver Broncos +1.5,1.9300
2026-09-27T14:04:27+00:00,3bfd8bfb4b8e9a365a0877879b73b16b,Denver Broncos vs Los Angeles Rams,spreads,-1.5,DraftKings,Los Angeles Rams -1.5,1.8900
2026-09-27T14:04:27+00:00,3bfd8bfb4b8e9a365a0877879b73b16b,Denver Broncos vs Los Angeles Rams,spreads,1.0,BetUS,Denver Broncos +1,2.0000
2026-09-27T14:04:27+00:00,3bfd8bfb4b8e9a365a0877879b73b16b,Denver Broncos vs Los Angeles Rams,spreads,-1.0,BetUS,Los Angeles Rams -1,1.8300
2026-09-27T14:04:27+00:00,3bfd8bfb4b8e9a365a0877879b73b16b,Denver Broncos vs Los Angeles Rams,spreads,2.5,FanDuel,Denver Broncos +2.5,1.8500
2026-09-27T14:04:27+00:00,3bfd8bfb4b8e9a365a0877879b73b16b,Denver Broncos vs Los Angeles Rams,spreads,-2.5,FanDuel,Los Angeles Rams -2.5,1.9600
2026-09-27T14:04:27+00:00,3bfd8bfb4b8e9a365a0877879b73b16b,Denver Broncos vs Los Angeles Rams,spreads,2.0,BetRivers,Denver Broncos +2,1.8900
2026-09-27T14:04:27+00:00,3bfd8bfb4b8e9a365a0877879b73b16b,Denver Broncos vs Los Angeles Rams,spreads,-2.0,BetRivers,Los Angeles Rams -2,1.9200
2026-09-27T14:04:27+00:00,3bfd8bfb4b8e9a365a0877879b73b16b,Denver Broncos vs Los Angeles Rams,spreads,1.5,LowVig.ag,Denver Broncos +1.5,1.9900
2026-09-27T14:04:27+00:00,3bfd8bfb4b8e9a365a0877879b73b16b,Denver Broncos vs Los Angeles Rams,spreads,-1.5,LowVig.ag,Los Angeles Rams -1.5,1.9200
2026-09-27T14:04:27+00:00,3bfd8bfb4b8e9a365a0877879b73b16b,Denver Broncos vs Los Angeles Rams,spreads,1.5,BetOnline.ag,Denver Broncos +1.5,1.9500
2026-09-27T14:04:27+00:00,3bfd8bfb4b8e9a365a0877879b73b16b,Denver Broncos vs Los Angeles Rams,spreads,-1.5,BetOnline.ag,Los Angeles Rams -1.5,1.8700
2026-09-27T14:04:27+00:00,3bfd8bfb4b8e9a365a0877879b73b16b,Denver Broncos vs Los Angeles Rams,spreads,1.5,MyBookie.ag,Denver Broncos +1.5,1.9100
2026-09-27T14:04:27+00:00,3bfd8bfb4b8e9a365a0877879b73b16b,Denver Broncos vs Los Angeles Rams,spreads,-1.5,MyBookie.ag,Los Angeles Rams -1.5,1.9100
2026-09-27T14:04:27+00:00,3bfd8bfb4b8e9a365a0877879b73b16b,Denver Broncos vs Los Angeles Rams,spreads,1.5,BetMGM,Denver Broncos +1.5,1.9300
2026-09-27T14:04:27+00:00,3bfd8bfb4b8e9a365a0877879b73b16b,Denver Broncos vs Los Angeles Rams,spreads,-1.5,BetMGM,Los Angeles Rams -1.5,1.9100
2026-09-27T14:04:27+00:00,3bfd8bfb4b8e9a365a0877879b73b16b,Denver Broncos vs Los Angeles Rams,spreads,2.0,Bovada,Denver Broncos +2,1.9100
2026-09-27T14:04:27+00:00,3bfd8bfb4b8e9a365a0877879b73b16b,Denver Broncos vs Los Angeles Rams,spreads,-2.0,Bovada,Los Angeles Rams -2,1.9100
2026-09-27T14:04:27+00:00,3bfd8bfb4b8e9a365a0877879b73b16b,Denver Broncos vs Los Angeles Rams,totals,43.5,DraftKings,Over +43.5,1.8500
2026-09-27T14:04:27+00:00,3bfd8bfb4b8e9a365a0877879b73b16b,Denver Broncos vs Los Angeles Rams,totals,43.5,DraftKings,Under +43.5,1.9800
2026-09-27T14:04:27+00:00,3bfd8bfb4b8e9a365a0877879b73b16b,Denver Broncos vs Los Angeles Rams,totals,44.0,BetUS,Over +44,1.9100
2026-09-27T14:04:27+00:00,3bfd8bfb4b8e9a365a0877879b73b16b,Denver Broncos vs Los Angeles Rams,totals,44.0,BetUS,Under +44,1.9100
2026-09-27T14:04:27+00:00,3bfd8bfb4b8e9a365a0877879b73b16b,Denver Broncos vs Los Angeles Rams,totals,44.5,FanDuel,Over +44.5,1.9500
2026-09-27T14:04:27+00:00,3bfd8bfb4b8e9a365a0877879b73b16b,Denver Broncos vs Los Angeles Rams,totals,44.5,FanDuel,Under +44.5,1.8700
2026-09-27T14:04:27+00:00,3bfd8bfb4b8e9a365a0877879b73b16b,Denver Broncos vs Los Angeles Rams,totals,44.0,BetRivers,Over +44,1.8800
2026-09-27T14:04:27+00:00,3bfd8bfb4b8e9a365a0877879b73b16b,Denver Broncos vs Los Angeles Rams,totals,44.0,BetRivers,Under +44,1.9300
2026-09-27T14:04:27+00:00,3bfd8bfb4b8e9a365a0877879b73b16b,Denver Broncos vs Los Angeles Rams,totals,44.0,LowVig.ag,Over +44,1.9300
2026-09-27T14:04:27+00:00,3bfd8bfb4b8e9a365a0877879b73b16b,Denver Broncos vs Los Angeles Rams,totals,44.0,LowVig.ag,Under +44,1.9300
2026-09-27T14:04:27+00:00,3bfd8bfb4b8e9a365a0877879b73b16b,Denver Broncos vs Los Angeles Rams,totals,44.0,BetOnline.ag,Over +44,1.9100
2026-09-27T14:04:27+00:00,3bfd8bfb4b8e9a365a0877879b73b16b,Denver Broncos vs Los Angeles Rams,totals,44.0,BetOnline.ag,Under +44,1.9100
2026-09-27T14:04:27+00:00,3bfd8bfb4b8e9a365a0877879b73b16b,Denver Broncos vs Los Angeles Rams,totals,44.0,MyBookie.ag,Over +44,1.9100
2026-09-27T14:04:27+00:00,3bfd8bfb4b8e9a365a0877879b73b16b,Denver Broncos vs Los Angeles Rams,totals,44.0,MyBookie.ag,Under +44,1.9100
2026-09-27T14:04:27+00:00,3bfd8bfb4b8e9a365a0877879b73b16b,Denver Broncos vs Los Angeles Rams,totals,44.0,BetMGM,Over +44,1.9100
2026-09-27T14:04:27+00:00,3bfd8bfb4b8e9a365a0877879b73b16b,Denver Broncos vs Los Angeles Rams,totals,44.0,BetMGM,Under +44,1.9300
2026-09-27T14:04:27+00:00,3bfd8bfb4b8e9a365a0877879b73b16b,Denver Broncos vs Los Angeles Rams,totals,44.0,Bovada,Over +44,1.9100
2026-09-27T14:04:27+00:00,3bfd8bfb4b8e9a365a0877879b73b16b,Denver Broncos vs Los Angeles Rams,totals,44.0,Bovada,Under +44,1.9100
2026-09-27T14:04:27+00:00,32dee807f2122f1d1eb09fb8652f39c5,Pumas vs Atlético San Luis,h2h,,BetRivers,Atlético San Luis,3.5500
2026-09-27T14:04:27+00:00,32dee807f2122f1d1eb09fb8652f39c5,Pumas vs Atlético San Luis,h2h,,BetRivers,Pumas,1.9100
2026-09-27T14:04:27+00:00,32dee807f2122f1d1eb09fb8652f39c5,Pumas vs Atlético San Luis,h2h,,BetRivers,Draw,3.5500
2026-09-27T14:04:27+00:00,32dee807f2122f1d1eb09fb8652f39c5,Pumas vs Atlético San Luis,h2h,,FanDuel,Atlético San Luis,3.4000
2026-09-27T14:04:27+00:00,32dee807f2122f1d1eb09fb8652f39c5,Pumas vs Atlético San Luis,h2h,,FanDuel,Pumas,2.0000
2026-09-27T14:04:27+00:00,32dee807f2122f1d1eb09fb8652f39c5,Pumas vs Atlético San Luis,h2h,,FanDuel,Draw,3.7000
2026-09-27T14:04:27+00:00,32dee807f2122f1d1eb09fb8652f39c5,Pumas vs Atlético San Luis,h2h,,DraftKings,Atlético San Luis,3.4500
2026-09-27T14:04:27+00:00,32dee807f2122f1d1eb09fb8652f39c5,Pumas vs Atlético San Luis,h2h,,DraftKings,Pumas,2.0000
2026-09-27T14:04:27+00:00,32dee807f2122f1d1eb09fb8652f39c5,Pumas vs Atlético San Luis,h2h,,DraftKings,Draw,3.6500
2026-09-27T14:04:27+00:00,32dee807f2122f1d1eb09fb8652f39c5,Pumas vs Atlético San Luis,h2h,,BetUS,Atlético San Luis,3.5000
2026-09-27T14:04:27+00:00,32dee807f2122f1d1eb09fb8652f39c5,Pumas vs Atlético San Luis,h2h,,BetUS,Pumas,1.9500
2026-09-27T14:04:27+00:00,32dee807f2122f1d1eb09fb8652f39c5,Pumas vs Atlético San Luis,h2h,,BetUS,Draw,3.6000
2026-09-27T14:04:27+00:00,32dee807f2122f1d1eb09fb8652f39c5,Pumas vs Atlético San Luis,h2h,,BetOnline.ag,Atlético San Luis,3.5000
2026-09-27T14:04:27+00:00,32dee807f2122f1d1eb09fb8652f39c5,Pumas vs Atlético San Luis,h2h,,BetOnline.ag,Pumas,2.0800
2026-09-27T14:04:27+00:00,32dee807f2122f1d1eb09fb8652f39c5,Pumas vs Atlético San Luis,h2h,,BetOnline.ag,Draw,3.7300
2026-09-27T14:04:27+00:00,32dee807f2122f1d1eb09fb8652f39c5,Pumas vs Atlético San Luis,h2h,,LowVig.ag,Atlético San Luis,3.5000
2026-09-27T14:04:27+00:00,32dee807f2122f1d1eb09fb8652f39c5,Pumas vs Atlético San Luis,h2h,,LowVig.ag,Pumas,2.0800
2026-09-27T14:04:27+00:00,32dee807f2122f1d1eb09fb8652f39c5,Pumas vs Atlético San Luis,h2h,,LowVig.ag,Draw,3.7300
2026-09-27T14:04:27+00:00,32dee807f2122f1d1eb09fb8652f39c5,Pumas vs Atlético San Luis,h2h,,BetMGM,Atlético San Luis,3.3000
2026-09-27T14:04:27+00:00,32dee807f2122f1d1eb09fb8652f39c5,Pumas vs Atlético San Luis,h2h,,BetMGM,Pumas,2.0500
2026-09-27T14:04:27+00:00,32dee807f2122f1d1eb09fb8652f39c5,Pumas vs Atlético San Luis,h2h,,BetMGM,Draw,3.5000
2026-09-27T14:04:27+00:00,32dee807f2122f1d1eb09fb8652f39c5,Pumas vs Atlético San Luis,totals,2.5,BetRivers,Over +2.5,1.6600
2026-09-27T14:04:27+00:00,32dee807f2122f1d1eb09fb8652f39c5,Pumas vs Atlético San Luis,totals,2.5,BetRivers,Under +2.5,2.0800
2026-09-27T14:04:27+00:00,32dee807f2122f1d1eb09fb8652f39c5,Pumas vs Atlético San Luis,totals,2.5,BetUS,Over +2.5,1.7400
2026-09-27T14:04:27+00:00,32dee807f2122f1d1eb09fb8652f39c5,Pumas vs Atlético San Luis,totals,2.5,BetUS,Under +2.5,2.0500
2026-09-27T14:04:27+00:00,32dee807f2122f1d1eb09fb8652f39c5,Pumas vs Atlético San Luis,totals,2.5,BetOnline.ag,Over +2.5,1.7400
2026-09-27T14:04:27+00:00,32dee807f2122f1d1eb09fb8652f39c5,Pumas vs Atlético San Luis,totals,2.5,BetOnline.ag,Under +2.5,2.0600
2026-09-27T14:04:27+00:00,32dee807f2122f1d1eb09fb8652f39c5,Pumas vs Atlético San Luis,totals,2.5,LowVig.ag,Over +2.5,1.7400
2026-09-27T14:04:27+00:00,32dee807f2122f1d1eb09fb8652f39c5,Pumas vs Atlético San Luis,totals,2.5,LowVig.ag,Under +2.5,2.0600
2026-09-27T14:04:27+00:00,32dee807f2122f1d1eb09fb8652f39c5,Pumas vs Atlético San Luis,totals,2.5,BetMGM,Over +2.5,1.6900
2026-09-27T14:04:27+00:00,32dee807f2122f1d1eb09fb8652f39c5,Pumas vs Atlético San Luis,totals,2.5,BetMGM,Under +2.5,2.0000
2026-09-27T14:04:27+00:00,32dee807f2122f1d1eb09fb8652f39c5,Pumas vs Atlético San Luis,spreads,0.5,BetUS,Atlético San Luis +0.5,1.7700
2026-09-27T14:04:27+00:00,32dee807f2122f1d1eb09fb8652f39c5,Pumas vs Atlético San Luis,spreads,-0.5,BetUS,Pumas -0.5,2.0000
2026-09-27T14:04:27+00:00,32dee807f2122f1d1eb09fb8652f39c5,Pumas vs Atlético San Luis,spreads,0.5,BetOnline.ag,Atlético San Luis +0.5,1.7500
2026-09-27T14:04:27+00:00,32dee807f2122f1d1eb09fb8652f39c5,Pumas vs Atlético San Luis,spreads,-0.5,BetOnline.ag,Pumas -0.5,2.0800
2026-09-27T14:04:27+00:00,32dee807f2122f1d1eb09fb8652f39c5,Pumas vs Atlético San Luis,spreads,0.5,LowVig.ag,Atlético San Luis +0.5,1.7500
2026-09-27T14:04:27+00:00,32dee807f2122f1d1eb09fb8652f39c5,Pumas vs Atlético San Luis,spreads,-0.5,LowVig.ag,Pumas -0.5,2.0800
2026-09-27T14:04:27+00:00,ff6c63cbb206a7a97ec67150d4ce7f5d,León vs FC Juárez,h2h,,BetRivers,FC Juárez,5.0000
2026-09-27T14:04:27+00:00,ff6c63cbb206a7a97ec67150d4ce7f5d,León vs FC Juárez,h2h,,BetRivers,León,1.5500
2026-09-27T14:04:27+00:00,ff6c63cbb206a7a97ec67150d4ce7f5d,León vs FC Juárez,h2h,,BetRivers,Draw,4.1000
2026-09-27T14:04:27+00:00,ff6c63cbb206a7a97ec67150d4ce7f5d,León vs FC Juárez,h2h,,FanDuel,FC Juárez,5.5000
2026-09-27T14:04:27+00:00,ff6c63cbb206a7a97ec67150d4ce7f5d,León vs FC Juárez,h2h,,FanDuel,León,1.5300
2026-09-27T14:04:27+00:00,ff6c63cbb206a7a97ec67150d4ce7f5d,León vs FC Juárez,h2h,,FanDuel,Draw,4.4000
2026-09-27T14:04:27+00:00,ff6c63cbb206a7a97ec67150d4ce7f5d,León vs FC Juárez,h2h,,DraftKings,FC Juárez,5.5000
2026-09-27T14:04:27+00:00,ff6c63cbb206a7a97ec67150d4ce7f5d,León vs FC Juárez,h2h,,DraftKings,León,1.5600
2026-09-27T14:04:27+00:00,ff6c63cbb206a7a97ec67150d4ce7f5d,León vs FC Juárez,h2h,,DraftKings,Draw,4.3000
2026-09-27T14:04:27+00:00,ff6c63cbb206a7a97ec67150d4ce7f5d,León vs FC Juárez,h2h,,BetUS,FC Juárez,5.8000
2026-09-27T14:04:27+00:00,ff6c63cbb206a7a97ec67150d4ce7f5d,León vs FC Juárez,h2h,,BetUS,León,1.5900
2026-09-27T14:04:27+00:00,ff6c63cbb206a7a97ec67150d4ce7f5d,León vs FC Juárez,h2h,,BetUS,Draw,4.3000
2026-09-27T14:04:27+00:00,ff6c63cbb206a7a97ec67150d4ce7f5d,León vs FC Juárez,h2h,,BetOnline.ag,FC Juárez,5.8000
2026-09-27T14:04:27+00:00,ff6c63cbb206a7a97ec67150d4ce7f5d,León vs FC Juárez,h2h,,BetOnline.ag,León,1.5900
2026-09-27T14:04:27+00:00,ff6c63cbb206a7a97ec67150d4ce7f5d,León vs FC Juárez,h2h,,BetOnline.ag,Draw,4.3000
2026-09-27T14:04:27+00:00,ff6c63cbb206a7a97ec67150d4ce7f5d,León vs FC Juárez,h2h,,LowVig.ag,FC Juárez,5.8000
2026-09-27T14:04:27+00:00,ff6c63cbb206a7a97ec67150d4ce7f5d,León vs FC Juárez,h2h,,LowVig.ag,León,1.5900
2026-09-27T14:04:27+00:00,ff6c63cbb206a7a97ec67150d4ce7f5d,León vs FC Juárez,h2h,,LowVig.ag,Draw,4.3000
2026-09-27T14:04:27+00:00,ff6c63cbb206a7a97ec67150d4ce7f5d,León vs FC Juárez,h2h,,BetMGM,FC Juárez,5.2500
2026-09-27T14:04:27+00:00,ff6c63cbb206a7a97ec67150d4ce7f5d,León vs FC Juárez,h2h,,BetMGM,León,1.5400
2026-09-27T14:04:27+00:00,ff6c63cbb206a7a97ec67150d4ce7f5d,León vs FC Juárez,h2h,,BetMGM,Draw,4.2000
2026-09-27T14:04:27+00:00,ff6c63cbb206a7a97ec67150d4ce7f5d,León vs FC Juárez,totals,2.5,BetRivers,Over +2.5,1.5400
2026-09-27T14:04:27+00:00,ff6c63cbb206a7a97ec67150d4ce7f5d,León vs FC Juárez,totals,2.5,BetRivers,Under +2.5,2.3000
2026-09-27T14:04:27+00:00,ff6c63cbb206a7a97ec67150d4ce7f5d,León vs FC Juárez,totals,3.0,BetUS,Over +3,1.9100
2026-09-27T14:04:27+00:00,ff6c63cbb206a7a97ec67150d4ce7f5d,León vs FC Juárez,totals,3.0,BetUS,Under +3,1.8300
2026-09-27T14:04:27+00:00,ff6c63cbb206a7a97ec67150d4ce7f5d,León vs FC Juárez,totals,3.0,BetOnline.ag,Over +3,1.9400
2026-09-27T14:04:27+00:00,ff6c63cbb206a7a97ec67150d4ce7f5d,León vs FC Juárez,totals,3.0,BetOnline.ag,Under +3,1.8200
2026-09-27T14:04:27+00:00,ff6c63cbb206a7a97ec67150d4ce7f5d,León vs FC Juárez,totals,3.0,LowVig.ag,Over +3,1.9400
2026-09-27T14:04:27+00:00,ff6c63cbb206a7a97ec67150d4ce7f5d,León vs FC Juárez,totals,3.0,LowVig.ag,Under +3,1.8200
2026-09-27T14:04:27+00:00,ff6c63cbb206a7a97ec67150d4ce7f5d,León vs FC Juárez,totals,2.5,BetMGM,Over +2.5,1.5700
2026-09-27T14:04:27+00:00,ff6c63cbb206a7a97ec67150d4ce7f5d,León vs FC Juárez,totals,2.5,BetMGM,Under +2.5,2.2500
2026-09-27T14:04:27+00:00,ff6c63cbb206a7a97ec67150d4ce7f5d,León vs FC Juárez,spreads,1.0,BetUS,FC Juárez +1,1.9100
2026-09-27T14:04:27+00:00,ff6c63cbb206a7a97ec67150d4ce7f5d,León vs FC Juárez,spreads,-1.0,BetUS,León -1,1.8300
2026-09-27T14:04:27+00:00,ff6c63cbb206a7a97ec67150d4ce7f5d,León vs FC Juárez,spreads,1.0,BetOnline.ag,FC Juárez +1,1.9100
2026-09-27T14:04:27+00:00,ff6c63cbb206a7a97ec67150d4ce7f5d,León vs FC Juárez,spreads,-1.0,BetOnline.ag,León -1,1.8800
2026-09-27T14:04:27+00:00,ff6c63cbb206a7a97ec67150d4ce7f5d,León vs FC Juárez,spreads,1.0,LowVig.ag,FC Juárez +1,1.9100
2026-09-27T14:04:27+00:00,ff6c63cbb206a7a97ec67150d4ce7f5d,León vs FC Juárez,spreads,-1.0,LowVig.ag,León -1,1.8800
2026-09-27T14:04:27+00:00,84024442d39419a738d8c2382d3ff73e,Necaxa vs América,h2h,,BetRivers,América,1.8500
2026-09-27T14:04:27+00:00,84024442d39419a738d8c2382d3ff73e,Necaxa vs América,h2h,,BetRivers,Necaxa,3.7000
2026-09-27T14:04:27+00:00,84024442d39419a738d8c2382d3ff73e,Necaxa vs América,h2h,,BetRivers,Draw,3.5500
2026-09-27T14:04:27+00:00,84024442d39419a738d8c2382d3ff73e,Necaxa vs América,h2h,,FanDuel,América,1.9500
2026-09-27T14:04:27+00:00,84024442d39419a738d8c2382d3ff73e,Necaxa vs América,h2h,,FanDuel,Necaxa,3.5000
2026-09-27T14:04:27+00:00,84024442d39419a738d8c2382d3ff73e,Necaxa vs América,h2h,,FanDuel,Draw,3.7000
2026-09-27T14:04:27+00:00,84024442d39419a738d8c2382d3ff73e,Necaxa vs América,h2h,,DraftKings,América,2.0000
2026-09-27T14:04:27+00:00,84024442d39419a738d8c2382d3ff73e,Necaxa vs América,h2h,,DraftKings,Necaxa,3.4500
2026-09-27T14:04:27+00:00,84024442d39419a738d8c2382d3ff73e,Necaxa vs América,h2h,,DraftKings,Draw,3.7000
2026-09-27T14:04:27+00:00,84024442d39419a738d8c2382d3ff73e,Necaxa vs América,h2h,,BetUS,América,1.9500
2026-09-27T14:04:27+00:00,84024442d39419a738d8c2382d3ff73e,Necaxa vs América,h2h,,BetUS,Necaxa,3.5500
2026-09-27T14:04:27+00:00,84024442d39419a738d8c2382d3ff73e,Necaxa vs América,h2h,,BetUS,Draw,3.6500
2026-09-27T14:04:27+00:00,84024442d39419a738d8c2382d3ff73e,Necaxa vs América,h2h,,LowVig.ag,América,2.0100
2026-09-27T14:04:27+00:00,84024442d39419a738d8c2382d3ff73e,Necaxa vs América,h2h,,LowVig.ag,Necaxa,3.6000
2026-09-27T14:04:27+00:00,84024442d39419a738d8c2382d3ff73e,Necaxa vs América,h2h,,LowVig.ag,Draw,3.8500
2026-09-27T14:04:27+00:00,84024442d39419a738d8c2382d3ff73e,Necaxa vs América,h2h,,BetOnline.ag,América,2.0100
2026-09-27T14:04:27+00:00,84024442d39419a738d8c2382d3ff73e,Necaxa vs América,h2h,,BetOnline.ag,Necaxa,3.6000
2026-09-27T14:04:27+00:00,84024442d39419a738d8c2382d3ff73e,Necaxa vs América,h2h,,BetOnline.ag,Draw,3.8500
2026-09-27T14:04:27+00:00,84024442d39419a738d8c2382d3ff73e,Necaxa vs América,h2h,,BetMGM,América,1.9800
2026-09-27T14:04:27+00:00,84024442d39419a738d8c2382d3ff73e,Necaxa vs América,h2h,,BetMGM,Necaxa,3.5000
2026-09-27T14:04:27+00:00,84024442d39419a738d8c2382d3ff73e,Necaxa vs América,h2h,,BetMGM,Draw,3.6000
2026-09-27T14:04:27+00:00,84024442d39419a738d8c2382d3ff73e,Necaxa vs América,totals,2.5,BetRivers,Over +2.5,1.6500
2026-09-27T14:04:27+00:00,84024442d39419a738d8c2382d3ff73e,Necaxa vs América,totals,2.5,BetRivers,Under +2.5,2.1000
2026-09-27T14:04:27+00:00,84024442d39419a738d8c2382d3ff73e,Necaxa vs América,totals,3.0,BetUS,Over +3,2.1000
2026-09-27T14:04:27+00:00,84024442d39419a738d8c2382d3ff73e,Necaxa vs América,totals,3.0,BetUS,Under +3,1.7100
2026-09-27T14:04:27+00:00,84024442d39419a738d8c2382d3ff73e,Necaxa vs América,totals,3.0,LowVig.ag,Over +3,2.0800
2026-09-27T14:04:27+00:00,84024442d39419a738d8c2382d3ff73e,Necaxa vs América,totals,3.0,LowVig.ag,Under +3,1.7000
2026-09-27T14:04:27+00:00,84024442d39419a738d8c2382d3ff73e,Necaxa vs América,totals,3.0,BetOnline.ag,Over +3,2.0800
2026-09-27T14:04:27+00:00,84024442d39419a738d8c2382d3ff73e,Necaxa vs América,totals,3.0,BetOnline.ag,Under +3,1.7000
2026-09-27T14:04:27+00:00,84024442d39419a738d8c2382d3ff73e,Necaxa vs América,totals,2.5,BetMGM,Over +2.5,1.6500
2026-09-27T14:04:27+00:00,84024442d39419a738d8c2382d3ff73e,Necaxa vs América,totals,2.5,BetMGM,Under +2.5,2.0500
2026-09-27T14:04:27+00:00,84024442d39419a738d8c2382d3ff73e,Necaxa vs América,spreads,-0.5,BetUS,América -0.5,1.9500
2026-09-27T14:04:27+00:00,84024442d39419a738d8c2382d3ff73e,Necaxa vs América,spreads,0.5,BetUS,Necaxa +0.5,1.8000
2026-09-27T14:04:27+00:00,84024442d39419a738d8c2382d3ff73e,Necaxa vs América,spreads,-0.5,LowVig.ag,América -0.5,2.0100
2026-09-27T14:04:27+00:00,84024442d39419a738d8c2382d3ff73e,Necaxa vs América,spreads,0.5,LowVig.ag,Necaxa +0.5,1.8100
2026-09-27T14:04:27+00:00,84024442d39419a738d8c2382d3ff73e,Necaxa vs América,spreads,-0.5,BetOnline.ag,América -0.5,2.0100
2026-09-27T14:04:27+00:00,84024442d39419a738d8c2382d3ff73e,Necaxa vs América,spreads,0.5,BetOnline.ag,Necaxa +0.5,1.8100
2026-09-27T14:04:27+00:00,b3136965b6a29690033e3b2989bc8ad7,Columbus Crew SC vs Inter Miami CF,h2h,,MyBookie.ag,Columbus Crew SC,2.7400
2026-09-27T14:04:27+00:00,b3136965b6a29690033e3b2989bc8ad7,Columbus Crew SC vs Inter Miami CF,h2h,,MyBookie.ag,Inter Miami CF,2.2800
2026-09-27T14:04:27+00:00,b3136965b6a29690033e3b2989bc8ad7,Columbus Crew SC vs Inter Miami CF,h2h,,MyBookie.ag,Draw,3.9000
2026-09-27T14:04:27+00:00,b3136965b6a29690033e3b2989bc8ad7,Columbus Crew SC vs Inter Miami CF,h2h,,FanDuel,Columbus Crew SC,2.8000
2026-09-27T14:04:27+00:00,b3136965b6a29690033e3b2989bc8ad7,Columbus Crew SC vs Inter Miami CF,h2h,,FanDuel,Inter Miami CF,2.1500
2026-09-27T14:04:27+00:00,b3136965b6a29690033e3b2989bc8ad7,Columbus Crew SC vs Inter Miami CF,h2h,,FanDuel,Draw,4.0000
2026-09-27T14:04:27+00:00,b3136965b6a29690033e3b2989bc8ad7,Columbus Crew SC vs Inter Miami CF,h2h,,BetMGM,Columbus Crew SC,2.7500
2026-09-27T14:04:27+00:00,b3136965b6a29690033e3b2989bc8ad7,Columbus Crew SC vs Inter Miami CF,h2h,,BetMGM,Inter Miami CF,2.2000
2026-09-27T14:04:27+00:00,b3136965b6a29690033e3b2989bc8ad7,Columbus Crew SC vs Inter Miami CF,h2h,,BetMGM,Draw,3.8000
2026-09-27T14:04:27+00:00,b3136965b6a29690033e3b2989bc8ad7,Columbus Crew SC vs Inter Miami CF,h2h,,BetRivers,Columbus Crew SC,2.8000
2026-09-27T14:04:27+00:00,b3136965b6a29690033e3b2989bc8ad7,Columbus Crew SC vs Inter Miami CF,h2h,,BetRivers,Inter Miami CF,2.2000
2026-09-27T14:04:27+00:00,b3136965b6a29690033e3b2989bc8ad7,Columbus Crew SC vs Inter Miami CF,h2h,,BetRivers,Draw,3.8500
2026-09-27T14:04:27+00:00,b3136965b6a29690033e3b2989bc8ad7,Columbus Crew SC vs Inter Miami CF,h2h,,DraftKings,Columbus Crew SC,2.7000
2026-09-27T14:04:27+00:00,b3136965b6a29690033e3b2989bc8ad7,Columbus Crew SC vs Inter Miami CF,h2h,,DraftKings,Inter Miami CF,2.2000
2026-09-27T14:04:27+00:00,b3136965b6a29690033e3b2989bc8ad7,Columbus Crew SC vs Inter Miami CF,h2h,,DraftKings,Draw,3.8500
2026-09-27T14:04:27+00:00,b3136965b6a29690033e3b2989bc8ad7,Columbus Crew SC vs Inter Miami CF,h2h,,Bovada,Columbus Crew SC,2.7200
2026-09-27T14:04:27+00:00,b3136965b6a29690033e3b2989bc8ad7,Columbus Crew SC vs Inter Miami CF,h2h,,Bovada,Inter Miami CF,2.2600
2026-09-27T14:04:27+00:00,b3136965b6a29690033e3b2989bc8ad7,Columbus Crew SC vs Inter Miami CF,h2h,,Bovada,Draw,3.9500
2026-09-27T14:04:27+00:00,b3136965b6a29690033e3b2989bc8ad7,Columbus Crew SC vs Inter Miami CF,h2h,,BetUS,Columbus Crew SC,2.7500
2026-09-27T14:04:27+00:00,b3136965b6a29690033e3b2989bc8ad7,Columbus Crew SC vs Inter Miami CF,h2h,,BetUS,Inter Miami CF,2.2500
2026-09-27T14:04:27+00:00,b3136965b6a29690033e3b2989bc8ad7,Columbus Crew SC vs Inter Miami CF,h2h,,BetUS,Draw,3.9500
2026-09-27T14:04:27+00:00,b3136965b6a29690033e3b2989bc8ad7,Columbus Crew SC vs Inter Miami CF,spreads,0.0,MyBookie.ag,Columbus Crew SC +0,2.0500
2026-09-27T14:04:27+00:00,b3136965b6a29690033e3b2989bc8ad7,Columbus Crew SC vs Inter Miami CF,spreads,0.0,MyBookie.ag,Inter Miami CF +0,1.7100
2026-09-27T14:04:27+00:00,b3136965b6a29690033e3b2989bc8ad7,Columbus Crew SC vs Inter Miami CF,spreads,0.25,Bovada,Columbus Crew SC +0.25,1.8200
2026-09-27T14:04:27+00:00,b3136965b6a29690033e3b2989bc8ad7,Columbus Crew SC vs Inter Miami CF,spreads,-0.25,Bovada,Inter Miami CF -0.25,2.0200
2026-09-27T14:04:27+00:00,b3136965b6a29690033e3b2989bc8ad7,Columbus Crew SC vs Inter Miami CF,spreads,0.25,LowVig.ag,Columbus Crew SC +0.25,1.8500
2026-09-27T14:04:27+00:00,b3136965b6a29690033e3b2989bc8ad7,Columbus Crew SC vs Inter Miami CF,spreads,-0.25,LowVig.ag,Inter Miami CF -0.25,1.9700
2026-09-27T14:04:27+00:00,b3136965b6a29690033e3b2989bc8ad7,Columbus Crew SC vs Inter Miami CF,spreads,0.25,BetOnline.ag,Columbus Crew SC +0.25,1.8500
2026-09-27T14:04:27+00:00,b3136965b6a29690033e3b2989bc8ad7,Columbus Crew SC vs Inter Miami CF,spreads,-0.25,BetOnline.ag,Inter Miami CF -0.25,1.9700
2026-09-27T14:04:27+00:00,b3136965b6a29690033e3b2989bc8ad7,Columbus Crew SC vs Inter Miami CF,spreads,0.0,BetUS,Columbus Crew SC +0,2.0500
2026-09-27T14:04:27+00:00,b3136965b6a29690033e3b2989bc8ad7,Columbus Crew SC vs Inter Miami CF,spreads,0.0,BetUS,Inter Miami CF +0,1.7400
2026-09-27T14:04:27+00:00,b3136965b6a29690033e3b2989bc8ad7,Columbus Crew SC vs Inter Miami CF,totals,3.5,MyBookie.ag,Over +3.5,1.9800
2026-09-27T14:04:27+00:00,b3136965b6a29690033e3b2989bc8ad7,Columbus Crew SC vs Inter Miami CF,totals,3.5,MyBookie.ag,Under +3.5,1.7700
2026-09-27T14:04:27+00:00,b3136965b6a29690033e3b2989bc8ad7,Columbus Crew SC vs Inter Miami CF,totals,3.5,BetMGM,Over +3.5,1.9100
2026-09-27T14:04:27+00:00,b3136965b6a29690033e3b2989bc8ad7,Columbus Crew SC vs Inter Miami CF,totals,3.5,BetMGM,Under +3.5,1.7700
2026-09-27T14:04:27+00:00,b3136965b6a29690033e3b2989bc8ad7,Columbus Crew SC vs Inter Miami CF,totals,3.5,BetRivers,Over +3.5,1.8800
2026-09-27T14:04:27+00:00,b3136965b6a29690033e3b2989bc8ad7,Columbus Crew SC vs Inter Miami CF,totals,3.5,BetRivers,Under +3.5,1.8800
2026-09-27T14:04:27+00:00,b3136965b6a29690033e3b2989bc8ad7,Columbus Crew SC vs Inter Miami CF,totals,3.25,Bovada,Over +3.25,1.8300
2026-09-27T14:04:27+00:00,b3136965b6a29690033e3b2989bc8ad7,Columbus Crew SC vs Inter Miami CF,totals,3.25,Bovada,Under +3.25,2.0000
2026-09-27T14:04:27+00:00,b3136965b6a29690033e3b2989bc8ad7,Columbus Crew SC vs Inter Miami CF,totals,3.25,LowVig.ag,Over +3.25,1.8500
2026-09-27T14:04:27+00:00,b3136965b6a29690033e3b2989bc8ad7,Columbus Crew SC vs Inter Miami CF,totals,3.25,LowVig.ag,Under +3.25,1.9300
2026-09-27T14:04:27+00:00,b3136965b6a29690033e3b2989bc8ad7,Columbus Crew SC vs Inter Miami CF,totals,3.25,BetOnline.ag,Over +3.25,1.8500
2026-09-27T14:04:27+00:00,b3136965b6a29690033e3b2989bc8ad7,Columbus Crew SC vs Inter Miami CF,totals,3.25,BetOnline.ag,Under +3.25,1.9300
2026-09-27T14:04:27+00:00,b3136965b6a29690033e3b2989bc8ad7,Columbus Crew SC vs Inter Miami CF,totals,3.5,BetUS,Over +3.5,2.0000
2026-09-27T14:04:27+00:00,b3136965b6a29690033e3b2989bc8ad7,Columbus Crew SC vs Inter Miami CF,totals,3.5,BetUS,Under +3.5,1.7700
2026-09-27T14:04:27+00:00,9468e8e2c54974a99a73c0b25040178b,Gibraltar vs Andorra,h2h,,FanDuel,Andorra,2.4000
2026-09-27T14:04:27+00:00,9468e8e2c54974a99a73c0b25040178b,Gibraltar vs Andorra,h2h,,FanDuel,Gibraltar,3.7000
2026-09-27T14:04:27+00:00,9468e8e2c54974a99a73c0b25040178b,Gibraltar vs Andorra,h2h,,FanDuel,Draw,2.6000
2026-09-27T14:04:27+00:00,9468e8e2c54974a99a73c0b25040178b,Gibraltar vs Andorra,h2h,,BetRivers,Andorra,2.4300
2026-09-27T14:04:27+00:00,9468e8e2c54974a99a73c0b25040178b,Gibraltar vs Andorra,h2h,,BetRivers,Gibraltar,3.7500
2026-09-27T14:04:27+00:00,9468e8e2c54974a99a73c0b25040178b,Gibraltar vs Andorra,h2h,,BetRivers,Draw,2.5500
2026-09-27T14:04:27+00:00,9468e8e2c54974a99a73c0b25040178b,Gibraltar vs Andorra,h2h,,DraftKings,Andorra,2.4000
2026-09-27T14:04:27+00:00,9468e8e2c54974a99a73c0b25040178b,Gibraltar vs Andorra,h2h,,DraftKings,Gibraltar,3.7000
2026-09-27T14:04:27+00:00,9468e8e2c54974a99a73c0b25040178b,Gibraltar vs Andorra,h2h,,DraftKings,Draw,2.5500
2026-09-27T14:04:27+00:00,9468e8e2c54974a99a73c0b25040178b,Gibraltar vs Andorra,h2h,,Bovada,Andorra,2.4300
2026-09-27T14:04:27+00:00,9468e8e2c54974a99a73c0b25040178b,Gibraltar vs Andorra,h2h,,Bovada,Gibraltar,3.7000
2026-09-27T14:04:27+00:00,9468e8e2c54974a99a73c0b25040178b,Gibraltar vs Andorra,h2h,,Bovada,Draw,2.5000
2026-09-27T14:04:27+00:00,9468e8e2c54974a99a73c0b25040178b,Gibraltar vs Andorra,totals,1.5,BetRivers,Over +1.5,1.7800
2026-09-27T14:04:27+00:00,9468e8e2c54974a99a73c0b25040178b,Gibraltar vs Andorra,totals,1.5,BetRivers,Under +1.5,1.9600
2026-09-27T14:04:27+00:00,9468e8e2c54974a99a73c0b25040178b,Gibraltar vs Andorra,totals,1.5,Bovada,Over +1.5,1.9100
2026-09-27T14:04:27+00:00,9468e8e2c54974a99a73c0b25040178b,Gibraltar vs Andorra,totals,1.5,Bovada,Under +1.5,1.9100
2026-09-27T14:04:27+00:00,9468e8e2c54974a99a73c0b25040178b,Gibraltar vs Andorra,spreads,-0.25,Bovada,Andorra -0.25,2.0500
2026-09-27T14:04:27+00:00,9468e8e2c54974a99a73c0b25040178b,Gibraltar vs Andorra,spreads,0.25,Bovada,Gibraltar +0.25,1.8000
2026-09-27T14:04:27+00:00,c0d45a56952f736fdeda96b0aa3f7bbe,Austria vs Kosovo,h2h,,BetRivers,Austria,1.5100
2026-09-27T14:04:27+00:00,c0d45a56952f736fdeda96b0aa3f7bbe,Austria vs Kosovo,h2h,,BetRivers,Kosovo,5.8000
2026-09-27T14:04:27+00:00,c0d45a56952f736fdeda96b0aa3f7bbe,Austria vs Kosovo,h2h,,BetRivers,Draw,4.0000
2026-09-27T14:04:27+00:00,c0d45a56952f736fdeda96b0aa3f7bbe,Austria vs Kosovo,h2h,,FanDuel,Austria,1.5400
2026-09-27T14:04:27+00:00,c0d45a56952f736fdeda96b0aa3f7bbe,Austria vs Kosovo,h2h,,FanDuel,Kosovo,6.0000
2026-09-27T14:04:27+00:00,c0d45a56952f736fdeda96b0aa3f7bbe,Austria vs Kosovo,h2h,,FanDuel,Draw,3.9000
2026-09-27T14:04:27+00:00,c0d45a56952f736fdeda96b0aa3f7bbe,Austria vs Kosovo,h2h,,DraftKings,Austria,1.5600
2026-09-27T14:04:27+00:00,c0d45a56952f736fdeda96b0aa3f7bbe,Austria vs Kosovo,h2h,,DraftKings,Kosovo,5.5000
2026-09-27T14:04:27+00:00,c0d45a56952f736fdeda96b0aa3f7bbe,Austria vs Kosovo,h2h,,DraftKings,Draw,3.9000
2026-09-27T14:04:27+00:00,c0d45a56952f736fdeda96b0aa3f7bbe,Austria vs Kosovo,h2h,,Bovada,Austria,1.5700
2026-09-27T14:04:27+00:00,c0d45a56952f736fdeda96b0aa3f7bbe,Austria vs Kosovo,h2h,,Bovada,Kosovo,5.6000
2026-09-27T14:04:27+00:00,c0d45a56952f736fdeda96b0aa3f7bbe,Austria vs Kosovo,h2h,,Bovada,Draw,3.9500
2026-09-27T14:04:27+00:00,c0d45a56952f736fdeda96b0aa3f7bbe,Austria vs Kosovo,totals,2.5,BetRivers,Over +2.5,1.8100
2026-09-27T14:04:27+00:00,c0d45a56952f736fdeda96b0aa3f7bbe,Austria vs Kosovo,totals,2.5,BetRivers,Under +2.5,1.9300
2026-09-27T14:04:27+00:00,c0d45a56952f736fdeda96b0aa3f7bbe,Austria vs Kosovo,totals,2.5,Bovada,Over +2.5,1.9800
2026-09-27T14:04:27+00:00,c0d45a56952f736fdeda96b0aa3f7bbe,Austria vs Kosovo,totals,2.5,Bovada,Under +2.5,1.8500
2026-09-27T14:04:27+00:00,c0d45a56952f736fdeda96b0aa3f7bbe,Austria vs Kosovo,spreads,-1.0,Bovada,Austria -1,2.0500
2026-09-27T14:04:27+00:00,c0d45a56952f736fdeda96b0aa3f7bbe,Austria vs Kosovo,spreads,1.0,Bovada,Kosovo +1,1.8000
2026-09-27T14:04:27+00:00,663bf315127df32b389f73d7b570955a,Denmark vs Wales,h2h,,FanDuel,Denmark,1.3300
2026-09-27T14:04:27+00:00,663bf315127df32b389f73d7b570955a,Denmark vs Wales,h2h,,FanDuel,Wales,8.0000
2026-09-27T14:04:27+00:00,663bf315127df32b389f73d7b570955a,Denmark vs Wales,h2h,,FanDuel,Draw,5.0000
2026-09-27T14:04:27+00:00,663bf315127df32b389f73d7b570955a,Denmark vs Wales,h2h,,BetRivers,Denmark,1.3400
2026-09-27T14:04:27+00:00,663bf315127df32b389f73d7b570955a,Denmark vs Wales,h2h,,BetRivers,Wales,8.0000
2026-09-27T14:04:27+00:00,663bf315127df32b389f73d7b570955a,Denmark vs Wales,h2h,,BetRivers,Draw,4.9000
2026-09-27T14:04:27+00:00,663bf315127df32b389f73d7b570955a,Denmark vs Wales,h2h,,DraftKings,Denmark,1.3700
2026-09-27T14:04:27+00:00,663bf315127df32b389f73d7b570955a,Denmark vs Wales,h2h,,DraftKings,Wales,7.0000
2026-09-27T14:04:27+00:00,663bf315127df32b389f73d7b570955a,Denmark vs Wales,h2h,,DraftKings,Draw,4.7000
2026-09-27T14:04:27+00:00,663bf315127df32b389f73d7b570955a,Denmark vs Wales,h2h,,Bovada,Denmark,1.3700
2026-09-27T14:04:27+00:00,663bf315127df32b389f73d7b570955a,Denmark vs Wales,h2h,,Bovada,Wales,7.2500
2026-09-27T14:04:27+00:00,663bf315127df32b389f73d7b570955a,Denmark vs Wales,h2h,,Bovada,Draw,5.0000
2026-09-27T14:04:27+00:00,663bf315127df32b389f73d7b570955a,Denmark vs Wales,totals,2.5,BetRivers,Over +2.5,1.5700
2026-09-27T14:04:27+00:00,663bf315127df32b389f73d7b570955a,Denmark vs Wales,totals,2.5,BetRivers,Under +2.5,2.2800
2026-09-27T14:04:27+00:00,663bf315127df32b389f73d7b570955a,Denmark vs Wales,totals,3.0,Bovada,Over +3,1.9800
2026-09-27T14:04:27+00:00,663bf315127df32b389f73d7b570955a,Denmark vs Wales,totals,3.0,Bovada,Under +3,1.8500
2026-09-27T14:04:27+00:00,663bf315127df32b389f73d7b570955a,Denmark vs Wales,spreads,-1.25,Bovada,Denmark -1.25,1.8300
2026-09-27T14:04:27+00:00,663bf315127df32b389f73d7b570955a,Denmark vs Wales,spreads,1.25,Bovada,Wales +1.25,2.0000
2026-09-27T14:04:27+00:00,677958752613df2bf54dcb7a1cbf4d92,Serbia vs Netherlands,h2h,,FanDuel,Netherlands,1.3800
2026-09-27T14:04:27+00:00,677958752613df2bf54dcb7a1cbf4d92,Serbia vs Netherlands,h2h,,FanDuel,Serbia,7.0000
2026-09-27T14:04:27+00:00,677958752613df2bf54dcb7a1cbf4d92,Serbia vs Netherlands,h2h,,FanDuel,Draw,4.8000
2026-09-27T14:04:27+00:00,677958752613df2bf54dcb7a1cbf4d92,Serbia vs Netherlands,h2h,,BetRivers,Netherlands,1.3600
2026-09-27T14:04:27+00:00,677958752613df2bf54dcb7a1cbf4d92,Serbia vs Netherlands,h2h,,BetRivers,Serbia,7.5000
2026-09-27T14:04:27+00:00,677958752613df2bf54dcb7a1cbf4d92,Serbia vs Netherlands,h2h,,BetRivers,Draw,4.8000
2026-09-27T14:04:27+00:00,677958752613df2bf54dcb7a1cbf4d92,Serbia vs Netherlands,h2h,,DraftKings,Netherlands,1.4200
2026-09-27T14:04:27+00:00,677958752613df2bf54dcb7a1cbf4d92,Serbia vs Netherlands,h2h,,DraftKings,Serbia,6.0000
2026-09-27T14:04:27+00:00,677958752613df2bf54dcb7a1cbf4d92,Serbia vs Netherlands,h2h,,DraftKings,Draw,4.7000
2026-09-27T14:04:27+00:00,677958752613df2bf54dcb7a1cbf4d92,Serbia vs Netherlands,h2h,,Bovada,Netherlands,1.4300
2026-09-27T14:04:27+00:00,677958752613df2bf54dcb7a1cbf4d92,Serbia vs Netherlands,h2h,,Bovada,Serbia,6.2500
2026-09-27T14:04:27+00:00,677958752613df2bf54dcb7a1cbf4d92,Serbia vs Netherlands,h2h,,Bovada,Draw,4.9000
2026-09-27T14:04:27+00:00,677958752613df2bf54dcb7a1cbf4d92,Serbia vs Netherlands,totals,3.5,BetRivers,Over +3.5,2.1700
2026-09-27T14:04:27+00:00,677958752613df2bf54dcb7a1cbf4d92,Serbia vs Netherlands,totals,3.5,BetRivers,Under +3.5,1.6400
2026-09-27T14:04:27+00:00,677958752613df2bf54dcb7a1cbf4d92,Serbia vs Netherlands,totals,3.25,Bovada,Over +3.25,2.0500
2026-09-27T14:04:27+00:00,677958752613df2bf54dcb7a1cbf4d92,Serbia vs Netherlands,totals,3.25,Bovada,Under +3.25,1.8000
2026-09-27T14:04:27+00:00,677958752613df2bf54dcb7a1cbf4d92,Serbia vs Netherlands,spreads,-1.25,Bovada,Netherlands -1.25,1.9100
2026-09-27T14:04:27+00:00,677958752613df2bf54dcb7a1cbf4d92,Serbia vs Netherlands,spreads,1.25,Bovada,Serbia +1.25,1.9100
2026-09-27T14:04:27+00:00,dc64003d7ab95aed0bd0f9d5a9f67a1f,Germany vs Greece,h2h,,FanDuel,Germany,1.3800
2026-09-27T14:04:27+00:00,dc64003d7ab95aed0bd0f9d5a9f67a1f,Germany vs Greece,h2h,,FanDuel,Greece,7.0000
2026-09-27T14:04:27+00:00,dc64003d7ab95aed0bd0f9d5a9f67a1f,Germany vs Greece,h2h,,FanDuel,Draw,4.7000
2026-09-27T14:04:27+00:00,dc64003d7ab95aed0bd0f9d5a9f67a1f,Germany vs Greece,h2h,,BetRivers,Germany,1.3800
2026-09-27T14:04:27+00:00,dc64003d7ab95aed0bd0f9d5a9f67a1f,Germany vs Greece,h2h,,BetRivers,Greece,6.7500
2026-09-27T14:04:27+00:00,dc64003d7ab95aed0bd0f9d5a9f67a1f,Germany vs Greece,h2h,,BetRivers,Draw,4.7500
2026-09-27T14:04:27+00:00,dc64003d7ab95aed0bd0f9d5a9f67a1f,Germany vs Greece,h2h,,DraftKings,Germany,1.4300
2026-09-27T14:04:27+00:00,dc64003d7ab95aed0bd0f9d5a9f67a1f,Germany vs Greece,h2h,,DraftKings,Greece,6.0000
2026-09-27T14:04:27+00:00,dc64003d7ab95aed0bd0f9d5a9f67a1f,Germany vs Greece,h2h,,DraftKings,Draw,4.5000
2026-09-27T14:04:27+00:00,dc64003d7ab95aed0bd0f9d5a9f67a1f,Germany vs Greece,h2h,,Bovada,Germany,1.4400
2026-09-27T14:04:27+00:00,dc64003d7ab95aed0bd0f9d5a9f67a1f,Germany vs Greece,h2h,,Bovada,Greece,6.5000
2026-09-27T14:04:27+00:00,dc64003d7ab95aed0bd0f9d5a9f67a1f,Germany vs Greece,h2h,,Bovada,Draw,4.6000
2026-09-27T14:04:27+00:00,dc64003d7ab95aed0bd0f9d5a9f67a1f,Germany vs Greece,totals,3.5,BetRivers,Over +3.5,2.2500
2026-09-27T14:04:27+00:00,dc64003d7ab95aed0bd0f9d5a9f67a1f,Germany vs Greece,totals,3.5,BetRivers,Under +3.5,1.6000
2026-09-27T14:04:27+00:00,dc64003d7ab95aed0bd0f9d5a9f67a1f,Germany vs Greece,totals,3.0,Bovada,Over +3,1.8900
2026-09-27T14:04:27+00:00,dc64003d7ab95aed0bd0f9d5a9f67a1f,Germany vs Greece,totals,3.0,Bovada,Under +3,1.9300
2026-09-27T14:04:27+00:00,dc64003d7ab95aed0bd0f9d5a9f67a1f,Germany vs Greece,spreads,-1.25,Bovada,Germany -1.25,1.9800
2026-09-27T14:04:27+00:00,dc64003d7ab95aed0bd0f9d5a9f67a1f,Germany vs Greece,spreads,1.25,Bovada,Greece +1.25,1.8500
2026-09-27T14:04:27+00:00,0c6a5a6baedfe7fe967f8773f2cdd747,Israel vs Republic of Ireland,h2h,,BetRivers,Israel,2.6000
2026-09-27T14:04:27+00:00,0c6a5a6baedfe7fe967f8773f2cdd747,Israel vs Republic of Ireland,h2h,,BetRivers,Republic of Ireland,2.6300
2026-09-27T14:04:27+00:00,0c6a5a6baedfe7fe967f8773f2cdd747,Israel vs Republic of Ireland,h2h,,BetRivers,Draw,3.2000
2026-09-27T14:04:27+00:00,0c6a5a6baedfe7fe967f8773f2cdd747,Israel vs Republic of Ireland,h2h,,FanDuel,Israel,2.7000
2026-09-27T14:04:27+00:00,0c6a5a6baedfe7fe967f8773f2cdd747,Israel vs Republic of Ireland,h2h,,FanDuel,Republic of Ireland,2.6000
2026-09-27T14:04:27+00:00,0c6a5a6baedfe7fe967f8773f2cdd747,Israel vs Republic of Ireland,h2h,,FanDuel,Draw,3.1000
2026-09-27T14:04:27+00:00,0c6a5a6baedfe7fe967f8773f2cdd747,Israel vs Republic of Ireland,totals,2.5,BetRivers,Over +2.5,2.0800
2026-09-27T14:04:27+00:00,0c6a5a6baedfe7fe967f8773f2cdd747,Israel vs Republic of Ireland,totals,2.5,BetRivers,Under +2.5,1.7000
2026-09-27T14:04:27+00:00,78b06a6382b3534d4dcf9a48ad063ef1,Norway vs Portugal,h2h,,FanDuel,Norway,2.2500
2026-09-27T14:04:27+00:00,78b06a6382b3534d4dcf9a48ad063ef1,Norway vs Portugal,h2h,,FanDuel,Portugal,2.8000
2026-09-27T14:04:27+00:00,78b06a6382b3534d4dcf9a48ad063ef1,Norway vs Portugal,h2h,,FanDuel,Draw,3.8000
2026-09-27T14:04:27+00:00,78b06a6382b3534d4dcf9a48ad063ef1,Norway vs Portugal,h2h,,BetRivers,Norway,2.2300
2026-09-27T14:04:27+00:00,78b06a6382b3534d4dcf9a48ad063ef1,Norway vs Portugal,h2h,,BetRivers,Portugal,2.7500
2026-09-27T14:04:27+00:00,78b06a6382b3534d4dcf9a48ad063ef1,Norway vs Portugal,h2h,,BetRivers,Draw,3.6500
2026-09-27T14:04:27+00:00,78b06a6382b3534d4dcf9a48ad063ef1,Norway vs Portugal,h2h,,DraftKings,Norway,2.2500
2026-09-27T14:04:27+00:00,78b06a6382b3534d4dcf9a48ad063ef1,Norway vs Portugal,h2h,,DraftKings,Portugal,2.7000
2026-09-27T14:04:27+00:00,78b06a6382b3534d4dcf9a48ad063ef1,Norway vs Portugal,h2h,,DraftKings,Draw,3.7000
2026-09-27T14:04:27+00:00,78b06a6382b3534d4dcf9a48ad063ef1,Norway vs Portugal,h2h,,Bovada,Norway,2.2600
2026-09-27T14:04:27+00:00,78b06a6382b3534d4dcf9a48ad063ef1,Norway vs Portugal,h2h,,Bovada,Portugal,2.8000
2026-09-27T14:04:27+00:00,78b06a6382b3534d4dcf9a48ad063ef1,Norway vs Portugal,h2h,,Bovada,Draw,3.7500
2026-09-27T14:04:27+00:00,78b06a6382b3534d4dcf9a48ad063ef1,Norway vs Portugal,totals,3.5,BetRivers,Over +3.5,2.2000
2026-09-27T14:04:27+00:00,78b06a6382b3534d4dcf9a48ad063ef1,Norway vs Portugal,totals,3.5,BetRivers,Under +3.5,1.6300
2026-09-27T14:04:27+00:00,78b06a6382b3534d4dcf9a48ad063ef1,Norway vs Portugal,totals,3.25,Bovada,Over +3.25,1.9800
2026-09-27T14:04:27+00:00,78b06a6382b3534d4dcf9a48ad063ef1,Norway vs Portugal,totals,3.25,Bovada,Under +3.25,1.8500
2026-09-27T14:04:27+00:00,78b06a6382b3534d4dcf9a48ad063ef1,Norway vs Portugal,spreads,-0.25,Bovada,Norway -0.25,2.0000
2026-09-27T14:04:27+00:00,78b06a6382b3534d4dcf9a48ad063ef1,Norway vs Portugal,spreads,0.25,Bovada,Portugal +0.25,1.8300
2026-09-27T14:04:27+00:00,b71b08a1202472f5937397886ed5acf0,Mallorca vs Almería,h2h,,LowVig.ag,Almería,3.7000
2026-09-27T14:04:27+00:00,b71b08a1202472f5937397886ed5acf0,Mallorca vs Almería,h2h,,LowVig.ag,Mallorca,2.0400
2026-09-27T14:04:27+00:00,b71b08a1202472f5937397886ed5acf0,Mallorca vs Almería,h2h,,LowVig.ag,Draw,3.3000
2026-09-27T14:04:27+00:00,b71b08a1202472f5937397886ed5acf0,Mallorca vs Almería,h2h,,BetOnline.ag,Almería,3.7000
2026-09-27T14:04:27+00:00,b71b08a1202472f5937397886ed5acf0,Mallorca vs Almería,h2h,,BetOnline.ag,Mallorca,2.0400
2026-09-27T14:04:27+00:00,b71b08a1202472f5937397886ed5acf0,Mallorca vs Almería,h2h,,BetOnline.ag,Draw,3.3000
2026-09-27T14:04:27+00:00,b71b08a1202472f5937397886ed5acf0,Mallorca vs Almería,h2h,,FanDuel,Almería,3.8000
2026-09-27T14:04:27+00:00,b71b08a1202472f5937397886ed5acf0,Mallorca vs Almería,h2h,,FanDuel,Mallorca,2.0000
2026-09-27T14:04:27+00:00,b71b08a1202472f5937397886ed5acf0,Mallorca vs Almería,h2h,,FanDuel,Draw,3.2000
2026-09-27T14:04:27+00:00,b71b08a1202472f5937397886ed5acf0,Mallorca vs Almería,h2h,,DraftKings,Almería,3.7500
2026-09-27T14:04:27+00:00,b71b08a1202472f5937397886ed5acf0,Mallorca vs Almería,h2h,,DraftKings,Mallorca,2.0500
2026-09-27T14:04:27+00:00,b71b08a1202472f5937397886ed5acf0,Mallorca vs Almería,h2h,,DraftKings,Draw,3.3000
2026-09-27T14:04:27+00:00,b71b08a1202472f5937397886ed5acf0,Mallorca vs Almería,h2h,,Bovada,Almería,3.6500
2026-09-27T14:04:27+00:00,b71b08a1202472f5937397886ed5acf0,Mallorca vs Almería,h2h,,Bovada,Mallorca,2.0100
2026-09-27T14:04:27+00:00,b71b08a1202472f5937397886ed5acf0,Mallorca vs Almería,h2h,,Bovada,Draw,3.1500
2026-09-27T14:04:27+00:00,b71b08a1202472f5937397886ed5acf0,Mallorca vs Almería,h2h,,BetMGM,Almería,3.5000
2026-09-27T14:04:27+00:00,b71b08a1202472f5937397886ed5acf0,Mallorca vs Almería,h2h,,BetMGM,Mallorca,2.0000
2026-09-27T14:04:27+00:00,b71b08a1202472f5937397886ed5acf0,Mallorca vs Almería,h2h,,BetMGM,Draw,3.2000
2026-09-27T14:04:27+00:00,b71b08a1202472f5937397886ed5acf0,Mallorca vs Almería,spreads,0.5,LowVig.ag,Almería +0.5,1.8100
2026-09-27T14:04:27+00:00,b71b08a1202472f5937397886ed5acf0,Mallorca vs Almería,spreads,-0.5,LowVig.ag,Mallorca -0.5,2.0200
2026-09-27T14:04:27+00:00,b71b08a1202472f5937397886ed5acf0,Mallorca vs Almería,spreads,0.5,BetOnline.ag,Almería +0.5,1.8100
2026-09-27T14:04:27+00:00,b71b08a1202472f5937397886ed5acf0,Mallorca vs Almería,spreads,-0.5,BetOnline.ag,Mallorca -0.5,2.0200
2026-09-27T14:04:27+00:00,b71b08a1202472f5937397886ed5acf0,Mallorca vs Almería,spreads,0.5,Bovada,Almería +0.5,1.7800
2026-09-27T14:04:27+00:00,b71b08a1202472f5937397886ed5acf0,Mallorca vs Almería,spreads,-0.5,Bovada,Mallorca -0.5,2.0800
2026-09-27T14:04:27+00:00,b71b08a1202472f5937397886ed5acf0,Mallorca vs Almería,totals,2.5,LowVig.ag,Over +2.5,1.9800
2026-09-27T14:04:27+00:00,b71b08a1202472f5937397886ed5acf0,Mallorca vs Almería,totals,2.5,LowVig.ag,Under +2.5,1.8100
2026-09-27T14:04:27+00:00,b71b08a1202472f5937397886ed5acf0,Mallorca vs Almería,totals,2.5,BetOnline.ag,Over +2.5,1.9800
2026-09-27T14:04:27+00:00,b71b08a1202472f5937397886ed5acf0,Mallorca vs Almería,totals,2.5,BetOnline.ag,Under +2.5,1.8100
2026-09-27T14:04:27+00:00,b71b08a1202472f5937397886ed5acf0,Mallorca vs Almería,totals,2.5,Bovada,Over +2.5,2.0200
2026-09-27T14:04:27+00:00,b71b08a1202472f5937397886ed5acf0,Mallorca vs Almería,totals,2.5,Bovada,Under +2.5,1.8200
2026-09-27T14:04:27+00:00,b71b08a1202472f5937397886ed5acf0,Mallorca vs Almería,totals,2.5,BetMGM,Over +2.5,1.9300
2026-09-27T14:04:27+00:00,b71b08a1202472f5937397886ed5acf0,Mallorca vs Almería,totals,2.5,BetMGM,Under +2.5,1.7400
2026-09-27T14:04:27+00:00,6f594d0104ab33dfafdd9ad62f39e439,Burgos CF vs CD Eldense,h2h,,FanDuel,Burgos CF,2.1000
2026-09-27T14:04:27+00:00,6f594d0104ab33dfafdd9ad62f39e439,Burgos CF vs CD Eldense,h2h,,FanDuel,CD Eldense,3.7000
2026-09-27T14:04:27+00:00,6f594d0104ab33dfafdd9ad62f39e439,Burgos CF vs CD Eldense,h2h,,FanDuel,Draw,3.1000
2026-09-27T14:04:27+00:00,6f594d0104ab33dfafdd9ad62f39e439,Burgos CF vs CD Eldense,h2h,,Bovada,Burgos CF,2.0500
2026-09-27T14:04:27+00:00,6f594d0104ab33dfafdd9ad62f39e439,Burgos CF vs CD Eldense,h2h,,Bovada,CD Eldense,3.7500
2026-09-27T14:04:27+00:00,6f594d0104ab33dfafdd9ad62f39e439,Burgos CF vs CD Eldense,h2h,,Bovada,Draw,3.0000
2026-09-27T14:04:27+00:00,6f594d0104ab33dfafdd9ad62f39e439,Burgos CF vs CD Eldense,h2h,,DraftKings,Burgos CF,2.0500
2026-09-27T14:04:27+00:00,6f594d0104ab33dfafdd9ad62f39e439,Burgos CF vs CD Eldense,h2h,,DraftKings,CD Eldense,3.8000
2026-09-27T14:04:27+00:00,6f594d0104ab33dfafdd9ad62f39e439,Burgos CF vs CD Eldense,h2h,,DraftKings,Draw,3.2000
2026-09-27T14:04:27+00:00,6f594d0104ab33dfafdd9ad62f39e439,Burgos CF vs CD Eldense,h2h,,BetMGM,Burgos CF,2.0000
2026-09-27T14:04:27+00:00,6f594d0104ab33dfafdd9ad62f39e439,Burgos CF vs CD Eldense,h2h,,BetMGM,CD Eldense,3.6000
2026-09-27T14:04:27+00:00,6f594d0104ab33dfafdd9ad62f39e439,Burgos CF vs CD Eldense,h2h,,BetMGM,Draw,3.1000
2026-09-27T14:04:27+00:00,6f594d0104ab33dfafdd9ad62f39e439,Burgos CF vs CD Eldense,h2h,,LowVig.ag,Burgos CF,2.1600
2026-09-27T14:04:27+00:00,6f594d0104ab33dfafdd9ad62f39e439,Burgos CF vs CD Eldense,h2h,,LowVig.ag,CD Eldense,3.6500
2026-09-27T14:04:27+00:00,6f594d0104ab33dfafdd9ad62f39e439,Burgos CF vs CD Eldense,h2h,,LowVig.ag,Draw,3.0500
2026-09-27T14:04:27+00:00,6f594d0104ab33dfafdd9ad62f39e439,Burgos CF vs CD Eldense,h2h,,BetOnline.ag,Burgos CF,2.1600
2026-09-27T14:04:27+00:00,6f594d0104ab33dfafdd9ad62f39e439,Burgos CF vs CD Eldense,h2h,,BetOnline.ag,CD Eldense,3.6500
2026-09-27T14:04:27+00:00,6f594d0104ab33dfafdd9ad62f39e439,Burgos CF vs CD Eldense,h2h,,BetOnline.ag,Draw,3.0500
2026-09-27T14:04:27+00:00,6f594d0104ab33dfafdd9ad62f39e439,Burgos CF vs CD Eldense,spreads,-0.25,Bovada,Burgos CF -0.25,1.8000
2026-09-27T14:04:27+00:00,6f594d0104ab33dfafdd9ad62f39e439,Burgos CF vs CD Eldense,spreads,0.25,Bovada,CD Eldense +0.25,2.0500
2026-09-27T14:04:27+00:00,6f594d0104ab33dfafdd9ad62f39e439,Burgos CF vs CD Eldense,spreads,-0.5,LowVig.ag,Burgos CF -0.5,2.1400
2026-09-27T14:04:27+00:00,6f594d0104ab33dfafdd9ad62f39e439,Burgos CF vs CD Eldense,spreads,0.5,LowVig.ag,CD Eldense +0.5,1.7100
2026-09-27T14:04:27+00:00,6f594d0104ab33dfafdd9ad62f39e439,Burgos CF vs CD Eldense,spreads,-0.5,BetOnline.ag,Burgos CF -0.5,2.1400
2026-09-27T14:04:27+00:00,6f594d0104ab33dfafdd9ad62f39e439,Burgos CF vs CD Eldense,spreads,0.5,BetOnline.ag,CD Eldense +0.5,1.7100
2026-09-27T14:04:27+00:00,6f594d0104ab33dfafdd9ad62f39e439,Burgos CF vs CD Eldense,totals,2.25,Bovada,Over +2.25,2.0000
2026-09-27T14:04:27+00:00,6f594d0104ab33dfafdd9ad62f39e439,Burgos CF vs CD Eldense,totals,2.25,Bovada,Under +2.25,1.8300
2026-09-27T14:04:27+00:00,6f594d0104ab33dfafdd9ad62f39e439,Burgos CF vs CD Eldense,totals,2.5,BetMGM,Over +2.5,2.2000
2026-09-27T14:04:27+00:00,6f594d0104ab33dfafdd9ad62f39e439,Burgos CF vs CD Eldense,totals,2.5,BetMGM,Under +2.5,1.6100
2026-09-27T14:04:27+00:00,6f594d0104ab33dfafdd9ad62f39e439,Burgos CF vs CD Eldense,totals,2.25,LowVig.ag,Over +2.25,1.9900
2026-09-27T14:04:27+00:00,6f594d0104ab33dfafdd9ad62f39e439,Burgos CF vs CD Eldense,totals,2.25,LowVig.ag,Under +2.25,1.8000
2026-09-27T14:04:27+00:00,6f594d0104ab33dfafdd9ad62f39e439,Burgos CF vs CD Eldense,totals,2.25,BetOnline.ag,Over +2.25,1.9900
2026-09-27T14:04:27+00:00,6f594d0104ab33dfafdd9ad62f39e439,Burgos CF vs CD Eldense,totals,2.25,BetOnline.ag,Under +2.25,1.8000
2026-09-27T14:04:27+00:00,7ea03016aafbabcdf9d0e5579562ea77,SD Eibar vs Las Palmas,h2h,,FanDuel,Las Palmas,4.7000
2026-09-27T14:04:27+00:00,7ea03016aafbabcdf9d0e5579562ea77,SD Eibar vs Las Palmas,h2h,,FanDuel,SD Eibar,1.7400
2026-09-27T14:04:27+00:00,7ea03016aafbabcdf9d0e5579562ea77,SD Eibar vs Las Palmas,h2h,,FanDuel,Draw,3.5000
2026-09-27T14:04:27+00:00,7ea03016aafbabcdf9d0e5579562ea77,SD Eibar vs Las Palmas,h2h,,Bovada,Las Palmas,4.7000
2026-09-27T14:04:27+00:00,7ea03016aafbabcdf9d0e5579562ea77,SD Eibar vs Las Palmas,h2h,,Bovada,SD Eibar,1.7200
2026-09-27T14:04:27+00:00,7ea03016aafbabcdf9d0e5579562ea77,SD Eibar vs Las Palmas,h2h,,Bovada,Draw,3.4000
2026-09-27T14:04:27+00:00,7ea03016aafbabcdf9d0e5579562ea77,SD Eibar vs Las Palmas,h2h,,DraftKings,Las Palmas,4.5000
2026-09-27T14:04:27+00:00,7ea03016aafbabcdf9d0e5579562ea77,SD Eibar vs Las Palmas,h2h,,DraftKings,SD Eibar,1.8300
2026-09-27T14:04:27+00:00,7ea03016aafbabcdf9d0e5579562ea77,SD Eibar vs Las Palmas,h2h,,DraftKings,Draw,3.5000
2026-09-27T14:04:27+00:00,7ea03016aafbabcdf9d0e5579562ea77,SD Eibar vs Las Palmas,h2h,,BetMGM,Las Palmas,4.1000
2026-09-27T14:04:27+00:00,7ea03016aafbabcdf9d0e5579562ea77,SD Eibar vs Las Palmas,h2h,,BetMGM,SD Eibar,1.7700
2026-09-27T14:04:27+00:00,7ea03016aafbabcdf9d0e5579562ea77,SD Eibar vs Las Palmas,h2h,,BetMGM,Draw,3.4000
2026-09-27T14:04:27+00:00,7ea03016aafbabcdf9d0e5579562ea77,SD Eibar vs Las Palmas,h2h,,LowVig.ag,Las Palmas,4.5000
2026-09-27T14:04:27+00:00,7ea03016aafbabcdf9d0e5579562ea77,SD Eibar vs Las Palmas,h2h,,LowVig.ag,SD Eibar,1.8100
2026-09-27T14:04:27+00:00,7ea03016aafbabcdf9d0e5579562ea77,SD Eibar vs Las Palmas,h2h,,LowVig.ag,Draw,3.4500
2026-09-27T14:04:27+00:00,7ea03016aafbabcdf9d0e5579562ea77,SD Eibar vs Las Palmas,h2h,,BetOnline.ag,Las Palmas,4.5000
2026-09-27T14:04:27+00:00,7ea03016aafbabcdf9d0e5579562ea77,SD Eibar vs Las Palmas,h2h,,BetOnline.ag,SD Eibar,1.8100
2026-09-27T14:04:27+00:00,7ea03016aafbabcdf9d0e5579562ea77,SD Eibar vs Las Palmas,h2h,,BetOnline.ag,Draw,3.4500
2026-09-27T14:04:27+00:00,7ea03016aafbabcdf9d0e5579562ea77,SD Eibar vs Las Palmas,spreads,0.75,Bovada,Las Palmas +0.75,1.8300
2026-09-27T14:04:27+00:00,7ea03016aafbabcdf9d0e5579562ea77,SD Eibar vs Las Palmas,spreads,-0.75,Bovada,SD Eibar -0.75,2.0000
2026-09-27T14:04:27+00:00,7ea03016aafbabcdf9d0e5579562ea77,SD Eibar vs Las Palmas,spreads,0.75,LowVig.ag,Las Palmas +0.75,1.8100
2026-09-27T14:04:27+00:00,7ea03016aafbabcdf9d0e5579562ea77,SD Eibar vs Las Palmas,spreads,-0.75,LowVig.ag,SD Eibar -0.75,2.0200
2026-09-27T14:04:27+00:00,7ea03016aafbabcdf9d0e5579562ea77,SD Eibar vs Las Palmas,spreads,0.75,BetOnline.ag,Las Palmas +0.75,1.8100
2026-09-27T14:04:27+00:00,7ea03016aafbabcdf9d0e5579562ea77,SD Eibar vs Las Palmas,spreads,-0.75,BetOnline.ag,SD Eibar -0.75,2.0200
2026-09-27T14:04:27+00:00,7ea03016aafbabcdf9d0e5579562ea77,SD Eibar vs Las Palmas,totals,2.5,Bovada,Over +2.5,1.8500
2026-09-27T14:04:27+00:00,7ea03016aafbabcdf9d0e5579562ea77,SD Eibar vs Las Palmas,totals,2.5,Bovada,Under +2.5,1.9800
2026-09-27T14:04:27+00:00,7ea03016aafbabcdf9d0e5579562ea77,SD Eibar vs Las Palmas,totals,2.5,BetMGM,Over +2.5,1.8300
2026-09-27T14:04:27+00:00,7ea03016aafbabcdf9d0e5579562ea77,SD Eibar vs Las Palmas,totals,2.5,BetMGM,Under +2.5,1.8700
2026-09-27T14:04:27+00:00,7ea03016aafbabcdf9d0e5579562ea77,SD Eibar vs Las Palmas,totals,2.5,LowVig.ag,Over +2.5,1.8200
2026-09-27T14:04:27+00:00,7ea03016aafbabcdf9d0e5579562ea77,SD Eibar vs Las Palmas,totals,2.5,LowVig.ag,Under +2.5,1.9700
2026-09-27T14:04:27+00:00,7ea03016aafbabcdf9d0e5579562ea77,SD Eibar vs Las Palmas,totals,2.5,BetOnline.ag,Over +2.5,1.8200
2026-09-27T14:04:27+00:00,7ea03016aafbabcdf9d0e5579562ea77,SD Eibar vs Las Palmas,totals,2.5,BetOnline.ag,Under +2.5,1.9700
2026-09-27T14:04:27+00:00,958c29b328094997eb6114cd9aed7d39,Oviedo vs Sporting Gijón,h2h,,FanDuel,Oviedo,2.0000
2026-09-27T14:04:27+00:00,958c29b328094997eb6114cd9aed7d39,Oviedo vs Sporting Gijón,h2h,,FanDuel,Sporting Gijón,3.8000
2026-09-27T14:04:27+00:00,958c29b328094997eb6114cd9aed7d39,Oviedo vs Sporting Gijón,h2h,,FanDuel,Draw,3.1000
2026-09-27T14:04:27+00:00,958c29b328094997eb6114cd9aed7d39,Oviedo vs Sporting Gijón,h2h,,Bovada,Oviedo,2.0100
2026-09-27T14:04:27+00:00,958c29b328094997eb6114cd9aed7d39,Oviedo vs Sporting Gijón,h2h,,Bovada,Sporting Gijón,3.9500
2026-09-27T14:04:27+00:00,958c29b328094997eb6114cd9aed7d39,Oviedo vs Sporting Gijón,h2h,,Bovada,Draw,3.0000
2026-09-27T14:04:27+00:00,958c29b328094997eb6114cd9aed7d39,Oviedo vs Sporting Gijón,h2h,,DraftKings,Oviedo,2.0500
2026-09-27T14:04:27+00:00,958c29b328094997eb6114cd9aed7d39,Oviedo vs Sporting Gijón,h2h,,DraftKings,Sporting Gijón,3.9500
2026-09-27T14:04:27+00:00,958c29b328094997eb6114cd9aed7d39,Oviedo vs Sporting Gijón,h2h,,DraftKings,Draw,3.1000
2026-09-27T14:04:27+00:00,958c29b328094997eb6114cd9aed7d39,Oviedo vs Sporting Gijón,h2h,,BetMGM,Oviedo,2.0500
2026-09-27T14:04:27+00:00,958c29b328094997eb6114cd9aed7d39,Oviedo vs Sporting Gijón,h2h,,BetMGM,Sporting Gijón,3.6000
2026-09-27T14:04:27+00:00,958c29b328094997eb6114cd9aed7d39,Oviedo vs Sporting Gijón,h2h,,BetMGM,Draw,3.0000
2026-09-27T14:04:27+00:00,958c29b328094997eb6114cd9aed7d39,Oviedo vs Sporting Gijón,h2h,,BetOnline.ag,Oviedo,2.0400
2026-09-27T14:04:27+00:00,958c29b328094997eb6114cd9aed7d39,Oviedo vs Sporting Gijón,h2h,,BetOnline.ag,Sporting Gijón,4.1000
2026-09-27T14:04:27+00:00,958c29b328094997eb6114cd9aed7d39,Oviedo vs Sporting Gijón,h2h,,BetOnline.ag,Draw,3.0500
2026-09-27T14:04:27+00:00,958c29b328094997eb6114cd9aed7d39,Oviedo vs Sporting Gijón,h2h,,LowVig.ag,Oviedo,2.0400
2026-09-27T14:04:27+00:00,958c29b328094997eb6114cd9aed7d39,Oviedo vs Sporting Gijón,h2h,,LowVig.ag,Sporting Gijón,4.1000
2026-09-27T14:04:27+00:00,958c29b328094997eb6114cd9aed7d39,Oviedo vs Sporting Gijón,h2h,,LowVig.ag,Draw,3.0500
2026-09-27T14:04:27+00:00,958c29b328094997eb6114cd9aed7d39,Oviedo vs Sporting Gijón,spreads,-0.5,Bovada,Oviedo -0.5,2.0800
2026-09-27T14:04:27+00:00,958c29b328094997eb6114cd9aed7d39,Oviedo vs Sporting Gijón,spreads,0.5,Bovada,Sporting Gijón +0.5,1.7800
2026-09-27T14:04:27+00:00,958c29b328094997eb6114cd9aed7d39,Oviedo vs Sporting Gijón,spreads,-0.5,BetOnline.ag,Oviedo -0.5,2.0000
2026-09-27T14:04:27+00:00,958c29b328094997eb6114cd9aed7d39,Oviedo vs Sporting Gijón,spreads,0.5,BetOnline.ag,Sporting Gijón +0.5,1.7900
2026-09-27T14:04:27+00:00,958c29b328094997eb6114cd9aed7d39,Oviedo vs Sporting Gijón,spreads,-0.5,LowVig.ag,Oviedo -0.5,2.0000
2026-09-27T14:04:27+00:00,958c29b328094997eb6114cd9aed7d39,Oviedo vs Sporting Gijón,spreads,0.5,LowVig.ag,Sporting Gijón +0.5,1.7900
2026-09-27T14:04:27+00:00,958c29b328094997eb6114cd9aed7d39,Oviedo vs Sporting Gijón,totals,2.0,Bovada,Over +2,1.8300
2026-09-27T14:04:27+00:00,958c29b328094997eb6114cd9aed7d39,Oviedo vs Sporting Gijón,totals,2.0,Bovada,Under +2,2.0000
2026-09-27T14:04:27+00:00,958c29b328094997eb6114cd9aed7d39,Oviedo vs Sporting Gijón,totals,2.5,BetMGM,Over +2.5,2.4000
2026-09-27T14:04:27+00:00,958c29b328094997eb6114cd9aed7d39,Oviedo vs Sporting Gijón,totals,2.5,BetMGM,Under +2.5,1.5000
2026-09-27T14:04:27+00:00,958c29b328094997eb6114cd9aed7d39,Oviedo vs Sporting Gijón,totals,2.0,BetOnline.ag,Over +2,1.8400
2026-09-27T14:04:27+00:00,958c29b328094997eb6114cd9aed7d39,Oviedo vs Sporting Gijón,totals,2.0,BetOnline.ag,Under +2,1.9300
2026-09-27T14:04:27+00:00,958c29b328094997eb6114cd9aed7d39,Oviedo vs Sporting Gijón,totals,2.0,LowVig.ag,Over +2,1.8400
2026-09-27T14:04:27+00:00,958c29b328094997eb6114cd9aed7d39,Oviedo vs Sporting Gijón,totals,2.0,LowVig.ag,Under +2,1.9300
2026-09-27T14:04:27+00:00,e564826566486d54fa0130379c0100ae,Clube de Regatas Brasil vs Cuiabá,h2h,,BetRivers,Clube de Regatas Brasil,1.8900
2026-09-27T14:04:27+00:00,e564826566486d54fa0130379c0100ae,Clube de Regatas Brasil vs Cuiabá,h2h,,BetRivers,Cuiabá,3.9000
2026-09-27T14:04:27+00:00,e564826566486d54fa0130379c0100ae,Clube de Regatas Brasil vs Cuiabá,h2h,,BetRivers,Draw,3.2000
2026-09-27T14:04:27+00:00,e564826566486d54fa0130379c0100ae,Clube de Regatas Brasil vs Cuiabá,h2h,,LowVig.ag,Clube de Regatas Brasil,1.9700
2026-09-27T14:04:27+00:00,e564826566486d54fa0130379c0100ae,Clube de Regatas Brasil vs Cuiabá,h2h,,LowVig.ag,Cuiabá,4.1000
2026-09-27T14:04:27+00:00,e564826566486d54fa0130379c0100ae,Clube de Regatas Brasil vs Cuiabá,h2h,,LowVig.ag,Draw,3.3500
2026-09-27T14:04:27+00:00,e564826566486d54fa0130379c0100ae,Clube de Regatas Brasil vs Cuiabá,h2h,,BetOnline.ag,Clube de Regatas Brasil,1.9700
2026-09-27T14:04:27+00:00,e564826566486d54fa0130379c0100ae,Clube de Regatas Brasil vs Cuiabá,h2h,,BetOnline.ag,Cuiabá,4.1000
2026-09-27T14:04:27+00:00,e564826566486d54fa0130379c0100ae,Clube de Regatas Brasil vs Cuiabá,h2h,,BetOnline.ag,Draw,3.3500
2026-09-27T14:04:27+00:00,e564826566486d54fa0130379c0100ae,Clube de Regatas Brasil vs Cuiabá,h2h,,FanDuel,Clube de Regatas Brasil,1.9500
2026-09-27T14:04:27+00:00,e564826566486d54fa0130379c0100ae,Clube de Regatas Brasil vs Cuiabá,h2h,,FanDuel,Cuiabá,3.8000
2026-09-27T14:04:27+00:00,e564826566486d54fa0130379c0100ae,Clube de Regatas Brasil vs Cuiabá,h2h,,FanDuel,Draw,3.3000
2026-09-27T14:04:27+00:00,e564826566486d54fa0130379c0100ae,Clube de Regatas Brasil vs Cuiabá,h2h,,BetMGM,Clube de Regatas Brasil,1.9800
2026-09-27T14:04:27+00:00,e564826566486d54fa0130379c0100ae,Clube de Regatas Brasil vs Cuiabá,h2h,,BetMGM,Cuiabá,3.6000
2026-09-27T14:04:27+00:00,e564826566486d54fa0130379c0100ae,Clube de Regatas Brasil vs Cuiabá,h2h,,BetMGM,Draw,3.1000
2026-09-27T14:04:27+00:00,e564826566486d54fa0130379c0100ae,Clube de Regatas Brasil vs Cuiabá,h2h,,DraftKings,Clube de Regatas Brasil,1.9500
2026-09-27T14:04:27+00:00,e564826566486d54fa0130379c0100ae,Clube de Regatas Brasil vs Cuiabá,h2h,,DraftKings,Cuiabá,3.9000
2026-09-27T14:04:27+00:00,e564826566486d54fa0130379c0100ae,Clube de Regatas Brasil vs Cuiabá,h2h,,DraftKings,Draw,3.3500
2026-09-27T14:04:27+00:00,e564826566486d54fa0130379c0100ae,Clube de Regatas Brasil vs Cuiabá,h2h,,BetUS,Clube de Regatas Brasil,1.9500
2026-09-27T14:04:27+00:00,e564826566486d54fa0130379c0100ae,Clube de Regatas Brasil vs Cuiabá,h2h,,BetUS,Cuiabá,4.1000
2026-09-27T14:04:27+00:00,e564826566486d54fa0130379c0100ae,Clube de Regatas Brasil vs Cuiabá,h2h,,BetUS,Draw,3.3500
2026-09-27T14:04:27+00:00,e564826566486d54fa0130379c0100ae,Clube de Regatas Brasil vs Cuiabá,h2h,,Bovada,Clube de Regatas Brasil,1.9100
2026-09-27T14:04:27+00:00,e564826566486d54fa0130379c0100ae,Clube de Regatas Brasil vs Cuiabá,h2h,,Bovada,Cuiabá,3.9500
2026-09-27T14:04:27+00:00,e564826566486d54fa0130379c0100ae,Clube de Regatas Brasil vs Cuiabá,h2h,,Bovada,Draw,3.2500
2026-09-27T14:04:27+00:00,e564826566486d54fa0130379c0100ae,Clube de Regatas Brasil vs Cuiabá,totals,2.5,BetRivers,Over +2.5,2.1600
2026-09-27T14:04:27+00:00,e564826566486d54fa0130379c0100ae,Clube de Regatas Brasil vs Cuiabá,totals,2.5,BetRivers,Under +2.5,1.6200
2026-09-27T14:04:27+00:00,e564826566486d54fa0130379c0100ae,Clube de Regatas Brasil vs Cuiabá,totals,2.5,LowVig.ag,Over +2.5,2.1700
2026-09-27T14:04:27+00:00,e564826566486d54fa0130379c0100ae,Clube de Regatas Brasil vs Cuiabá,totals,2.5,LowVig.ag,Under +2.5,1.7000
2026-09-27T14:04:27+00:00,e564826566486d54fa0130379c0100ae,Clube de Regatas Brasil vs Cuiabá,totals,2.5,BetOnline.ag,Over +2.5,2.1700
2026-09-27T14:04:27+00:00,e564826566486d54fa0130379c0100ae,Clube de Regatas Brasil vs Cuiabá,totals,2.5,BetOnline.ag,Under +2.5,1.7000
2026-09-27T14:04:27+00:00,e564826566486d54fa0130379c0100ae,Clube de Regatas Brasil vs Cuiabá,totals,2.5,BetMGM,Over +2.5,2.1500
2026-09-27T14:04:27+00:00,e564826566486d54fa0130379c0100ae,Clube de Regatas Brasil vs Cuiabá,totals,2.5,BetMGM,Under +2.5,1.6100
2026-09-27T14:04:27+00:00,e564826566486d54fa0130379c0100ae,Clube de Regatas Brasil vs Cuiabá,totals,2.5,BetUS,Over +2.5,2.1000
2026-09-27T14:04:27+00:00,e564826566486d54fa0130379c0100ae,Clube de Regatas Brasil vs Cuiabá,totals,2.5,BetUS,Under +2.5,1.7100
2026-09-27T14:04:27+00:00,e564826566486d54fa0130379c0100ae,Clube de Regatas Brasil vs Cuiabá,totals,2.25,Bovada,Over +2.25,1.9100
2026-09-27T14:04:27+00:00,e564826566486d54fa0130379c0100ae,Clube de Regatas Brasil vs Cuiabá,totals,2.25,Bovada,Under +2.25,1.8300
2026-09-27T14:04:27+00:00,e564826566486d54fa0130379c0100ae,Clube de Regatas Brasil vs Cuiabá,spreads,-0.5,LowVig.ag,Clube de Regatas Brasil -0.5,1.9700
2026-09-27T14:04:27+00:00,e564826566486d54fa0130379c0100ae,Clube de Regatas Brasil vs Cuiabá,spreads,0.5,LowVig.ag,Cuiabá +0.5,1.8600
2026-09-27T14:04:27+00:00,e564826566486d54fa0130379c0100ae,Clube de Regatas Brasil vs Cuiabá,spreads,-0.5,BetOnline.ag,Clube de Regatas Brasil -0.5,1.9700
2026-09-27T14:04:27+00:00,e564826566486d54fa0130379c0100ae,Clube de Regatas Brasil vs Cuiabá,spreads,0.5,BetOnline.ag,Cuiabá +0.5,1.8600
2026-09-27T14:04:27+00:00,e564826566486d54fa0130379c0100ae,Clube de Regatas Brasil vs Cuiabá,spreads,-0.5,BetUS,Clube de Regatas Brasil -0.5,1.8700
2026-09-27T14:04:27+00:00,e564826566486d54fa0130379c0100ae,Clube de Regatas Brasil vs Cuiabá,spreads,0.5,BetUS,Cuiabá +0.5,1.8700
2026-09-27T14:04:27+00:00,e564826566486d54fa0130379c0100ae,Clube de Regatas Brasil vs Cuiabá,spreads,-0.5,Bovada,Clube de Regatas Brasil -0.5,1.9100
2026-09-27T14:04:27+00:00,e564826566486d54fa0130379c0100ae,Clube de Regatas Brasil vs Cuiabá,spreads,0.5,Bovada,Cuiabá +0.5,1.8300
2026-09-27T14:04:27+00:00,dbe89586d07e14e5bd482a04df66e3c0,Fortaleza vs Athletic Club (MG),h2h,,BetRivers,Athletic Club (MG),5.1000
2026-09-27T14:04:27+00:00,dbe89586d07e14e5bd482a04df66e3c0,Fortaleza vs Athletic Club (MG),h2h,,BetRivers,Fortaleza,1.6400
2026-09-27T14:04:27+00:00,dbe89586d07e14e5bd482a04df66e3c0,Fortaleza vs Athletic Club (MG),h2h,,BetRivers,Draw,3.4500
2026-09-27T14:04:27+00:00,dbe89586d07e14e5bd482a04df66e3c0,Fortaleza vs Athletic Club (MG),h2h,,FanDuel,Athletic Club (MG),5.9000
2026-09-27T14:04:27+00:00,dbe89586d07e14e5bd482a04df66e3c0,Fortaleza vs Athletic Club (MG),h2h,,FanDuel,Fortaleza,1.5700
2026-09-27T14:04:27+00:00,dbe89586d07e14e5bd482a04df66e3c0,Fortaleza vs Athletic Club (MG),h2h,,FanDuel,Draw,3.9000
2026-09-27T14:04:27+00:00,dbe89586d07e14e5bd482a04df66e3c0,Fortaleza vs Athletic Club (MG),h2h,,DraftKings,Athletic Club (MG),6.0000
2026-09-27T14:04:27+00:00,dbe89586d07e14e5bd482a04df66e3c0,Fortaleza vs Athletic Club (MG),h2h,,DraftKings,Fortaleza,1.5900
2026-09-27T14:04:27+00:00,dbe89586d07e14e5bd482a04df66e3c0,Fortaleza vs Athletic Club (MG),h2h,,DraftKings,Draw,3.9000
2026-09-27T14:04:27+00:00,dbe89586d07e14e5bd482a04df66e3c0,Fortaleza vs Athletic Club (MG),h2h,,BetMGM,Athletic Club (MG),5.2500
2026-09-27T14:04:27+00:00,dbe89586d07e14e5bd482a04df66e3c0,Fortaleza vs Athletic Club (MG),h2h,,BetMGM,Fortaleza,1.5700
2026-09-27T14:04:27+00:00,dbe89586d07e14e5bd482a04df66e3c0,Fortaleza vs Athletic Club (MG),h2h,,BetMGM,Draw,3.7000
2026-09-27T14:04:27+00:00,dbe89586d07e14e5bd482a04df66e3c0,Fortaleza vs Athletic Club (MG),h2h,,BetOnline.ag,Athletic Club (MG),6.4000
2026-09-27T14:04:27+00:00,dbe89586d07e14e5bd482a04df66e3c0,Fortaleza vs Athletic Club (MG),h2h,,BetOnline.ag,Fortaleza,1.5700
2026-09-27T14:04:27+00:00,dbe89586d07e14e5bd482a04df66e3c0,Fortaleza vs Athletic Club (MG),h2h,,BetOnline.ag,Draw,3.8800
2026-09-27T14:04:27+00:00,dbe89586d07e14e5bd482a04df66e3c0,Fortaleza vs Athletic Club (MG),h2h,,LowVig.ag,Athletic Club (MG),6.4000
2026-09-27T14:04:27+00:00,dbe89586d07e14e5bd482a04df66e3c0,Fortaleza vs Athletic Club (MG),h2h,,LowVig.ag,Fortaleza,1.5700
2026-09-27T14:04:27+00:00,dbe89586d07e14e5bd482a04df66e3c0,Fortaleza vs Athletic Club (MG),h2h,,LowVig.ag,Draw,3.8800
2026-09-27T14:04:27+00:00,dbe89586d07e14e5bd482a04df66e3c0,Fortaleza vs Athletic Club (MG),h2h,,Bovada,Athletic Club (MG),5.7500
2026-09-27T14:04:27+00:00,dbe89586d07e14e5bd482a04df66e3c0,Fortaleza vs Athletic Club (MG),h2h,,Bovada,Fortaleza,1.5600
2026-09-27T14:04:27+00:00,dbe89586d07e14e5bd482a04df66e3c0,Fortaleza vs Athletic Club (MG),h2h,,Bovada,Draw,3.7000
2026-09-27T14:04:27+00:00,dbe89586d07e14e5bd482a04df66e3c0,Fortaleza vs Athletic Club (MG),h2h,,BetUS,Athletic Club (MG),5.7500
2026-09-27T14:04:27+00:00,dbe89586d07e14e5bd482a04df66e3c0,Fortaleza vs Athletic Club (MG),h2h,,BetUS,Fortaleza,1.5600
2026-09-27T14:04:27+00:00,dbe89586d07e14e5bd482a04df66e3c0,Fortaleza vs Athletic Club (MG),h2h,,BetUS,Draw,3.7000
2026-09-27T14:04:27+00:00,dbe89586d07e14e5bd482a04df66e3c0,Fortaleza vs Athletic Club (MG),totals,2.5,BetRivers,Over +2.5,2.1200
2026-09-27T14:04:27+00:00,dbe89586d07e14e5bd482a04df66e3c0,Fortaleza vs Athletic Club (MG),totals,2.5,BetRivers,Under +2.5,1.6400
2026-09-27T14:04:27+00:00,dbe89586d07e14e5bd482a04df66e3c0,Fortaleza vs Athletic Club (MG),totals,2.5,BetMGM,Over +2.5,2.0500
2026-09-27T14:04:27+00:00,dbe89586d07e14e5bd482a04df66e3c0,Fortaleza vs Athletic Club (MG),totals,2.5,BetMGM,Under +2.5,1.6900
2026-09-27T14:04:27+00:00,dbe89586d07e14e5bd482a04df66e3c0,Fortaleza vs Athletic Club (MG),totals,2.5,BetOnline.ag,Over +2.5,2.1500
2026-09-27T14:04:27+00:00,dbe89586d07e14e5bd482a04df66e3c0,Fortaleza vs Athletic Club (MG),totals,2.5,BetOnline.ag,Under +2.5,1.7100
2026-09-27T14:04:27+00:00,dbe89586d07e14e5bd482a04df66e3c0,Fortaleza vs Athletic Club (MG),totals,2.5,LowVig.ag,Over +2.5,2.1500
2026-09-27T14:04:27+00:00,dbe89586d07e14e5bd482a04df66e3c0,Fortaleza vs Athletic Club (MG),totals,2.5,LowVig.ag,Under +2.5,1.7100
2026-09-27T14:04:27+00:00,dbe89586d07e14e5bd482a04df66e3c0,Fortaleza vs Athletic Club (MG),totals,2.25,Bovada,Over +2.25,1.8000
2026-09-27T14:04:27+00:00,dbe89586d07e14e5bd482a04df66e3c0,Fortaleza vs Athletic Club (MG),totals,2.25,Bovada,Under +2.25,1.9500
2026-09-27T14:04:27+00:00,dbe89586d07e14e5bd482a04df66e3c0,Fortaleza vs Athletic Club (MG),totals,2.25,BetUS,Over +2.25,1.8500
2026-09-27T14:04:27+00:00,dbe89586d07e14e5bd482a04df66e3c0,Fortaleza vs Athletic Club (MG),totals,2.25,BetUS,Under +2.25,1.8800
2026-09-27T14:04:27+00:00,dbe89586d07e14e5bd482a04df66e3c0,Fortaleza vs Athletic Club (MG),spreads,1.0,BetOnline.ag,Athletic Club (MG) +1,1.8300
2026-09-27T14:04:27+00:00,dbe89586d07e14e5bd482a04df66e3c0,Fortaleza vs Athletic Club (MG),spreads,-1.0,BetOnline.ag,Fortaleza -1,2.0000
2026-09-27T14:04:27+00:00,dbe89586d07e14e5bd482a04df66e3c0,Fortaleza vs Athletic Club (MG),spreads,1.0,LowVig.ag,Athletic Club (MG) +1,1.8300
2026-09-27T14:04:27+00:00,dbe89586d07e14e5bd482a04df66e3c0,Fortaleza vs Athletic Club (MG),spreads,-1.0,LowVig.ag,Fortaleza -1,2.0000
2026-09-27T14:04:27+00:00,dbe89586d07e14e5bd482a04df66e3c0,Fortaleza vs Athletic Club (MG),spreads,0.75,Bovada,Athletic Club (MG) +0.75,2.0500
2026-09-27T14:04:27+00:00,dbe89586d07e14e5bd482a04df66e3c0,Fortaleza vs Athletic Club (MG),spreads,-0.75,Bovada,Fortaleza -0.75,1.7400
