ts,evento_id,evento,mercado,punto,casa,seleccion,decimal
2026-09-25T14:05:26+00:00,a85710fa5f6fd3a6a40fe17c4907c312,Boston Red Sox vs Chicago Cubs,h2h,,FanDuel,Boston Red Sox,2.0800
2026-09-25T14:05:26+00:00,a85710fa5f6fd3a6a40fe17c4907c312,Boston Red Sox vs Chicago Cubs,h2h,,FanDuel,Chicago Cubs,1.7900
2026-09-25T14:05:26+00:00,a85710fa5f6fd3a6a40fe17c4907c312,Boston Red Sox vs Chicago Cubs,h2h,,MyBookie.ag,Boston Red Sox,2.0400
2026-09-25T14:05:26+00:00,a85710fa5f6fd3a6a40fe17c4907c312,Boston Red Sox vs Chicago Cubs,h2h,,MyBookie.ag,Chicago Cubs,1.8200
2026-09-25T14:05:26+00:00,a85710fa5f6fd3a6a40fe17c4907c312,Boston Red Sox vs Chicago Cubs,h2h,,BetOnline.ag,Boston Red Sox,2.0900
2026-09-25T14:05:26+00:00,a85710fa5f6fd3a6a40fe17c4907c312,Boston Red Sox vs Chicago Cubs,h2h,,BetOnline.ag,Chicago Cubs,1.8300
2026-09-25T14:05:26+00:00,a85710fa5f6fd3a6a40fe17c4907c312,Boston Red Sox vs Chicago Cubs,h2h,,LowVig.ag,Boston Red Sox,2.0900
2026-09-25T14:05:26+00:00,a85710fa5f6fd3a6a40fe17c4907c312,Boston Red Sox vs Chicago Cubs,h2h,,LowVig.ag,Chicago Cubs,1.8300
2026-09-25T14:05:26+00:00,a85710fa5f6fd3a6a40fe17c4907c312,Boston Red Sox vs Chicago Cubs,h2h,,Bovada,Boston Red Sox,2.0700
2026-09-25T14:05:26+00:00,a85710fa5f6fd3a6a40fe17c4907c312,Boston Red Sox vs Chicago Cubs,h2h,,Bovada,Chicago Cubs,1.7800
2026-09-25T14:05:26+00:00,a85710fa5f6fd3a6a40fe17c4907c312,Boston Red Sox vs Chicago Cubs,h2h,,BetMGM,Boston Red Sox,2.0500
2026-09-25T14:05:26+00:00,a85710fa5f6fd3a6a40fe17c4907c312,Boston Red Sox vs Chicago Cubs,h2h,,BetMGM,Chicago Cubs,1.7700
2026-09-25T14:05:26+00:00,a85710fa5f6fd3a6a40fe17c4907c312,Boston Red Sox vs Chicago Cubs,h2h,,DraftKings,Boston Red Sox,2.0400
2026-09-25T14:05:26+00:00,a85710fa5f6fd3a6a40fe17c4907c312,Boston Red Sox vs Chicago Cubs,h2h,,DraftKings,Chicago Cubs,1.8000
2026-09-25T14:05:26+00:00,a85710fa5f6fd3a6a40fe17c4907c312,Boston Red Sox vs Chicago Cubs,h2h,,BetRivers,Boston Red Sox,2.0800
2026-09-25T14:05:26+00:00,a85710fa5f6fd3a6a40fe17c4907c312,Boston Red Sox vs Chicago Cubs,h2h,,BetRivers,Chicago Cubs,1.7800
2026-09-25T14:05:26+00:00,a85710fa5f6fd3a6a40fe17c4907c312,Boston Red Sox vs Chicago Cubs,h2h,,BetUS,Boston Red Sox,2.0900
2026-09-25T14:05:26+00:00,a85710fa5f6fd3a6a40fe17c4907c312,Boston Red Sox vs Chicago Cubs,h2h,,BetUS,Chicago Cubs,1.8300
2026-09-25T14:05:26+00:00,a85710fa5f6fd3a6a40fe17c4907c312,Boston Red Sox vs Chicago Cubs,spreads,1.5,FanDuel,Boston Red Sox +1.5,1.5900
2026-09-25T14:05:26+00:00,a85710fa5f6fd3a6a40fe17c4907c312,Boston Red Sox vs Chicago Cubs,spreads,-1.5,FanDuel,Chicago Cubs -1.5,2.4000
2026-09-25T14:05:26+00:00,a85710fa5f6fd3a6a40fe17c4907c312,Boston Red Sox vs Chicago Cubs,spreads,1.5,MyBookie.ag,Boston Red Sox +1.5,1.5600
2026-09-25T14:05:26+00:00,a85710fa5f6fd3a6a40fe17c4907c312,Boston Red Sox vs Chicago Cubs,spreads,-1.5,MyBookie.ag,Chicago Cubs -1.5,2.5100
2026-09-25T14:05:26+00:00,a85710fa5f6fd3a6a40fe17c4907c312,Boston Red Sox vs Chicago Cubs,spreads,1.5,BetOnline.ag,Boston Red Sox +1.5,1.5900
2026-09-25T14:05:26+00:00,a85710fa5f6fd3a6a40fe17c4907c312,Boston Red Sox vs Chicago Cubs,spreads,-1.5,BetOnline.ag,Chicago Cubs -1.5,2.4900
2026-09-25T14:05:26+00:00,a85710fa5f6fd3a6a40fe17c4907c312,Boston Red Sox vs Chicago Cubs,spreads,1.5,LowVig.ag,Boston Red Sox +1.5,1.5900
2026-09-25T14:05:26+00:00,a85710fa5f6fd3a6a40fe17c4907c312,Boston Red Sox vs Chicago Cubs,spreads,-1.5,LowVig.ag,Chicago Cubs -1.5,2.5000
2026-09-25T14:05:26+00:00,a85710fa5f6fd3a6a40fe17c4907c312,Boston Red Sox vs Chicago Cubs,spreads,1.5,Bovada,Boston Red Sox +1.5,1.5700
2026-09-25T14:05:26+00:00,a85710fa5f6fd3a6a40fe17c4907c312,Boston Red Sox vs Chicago Cubs,spreads,-1.5,Bovada,Chicago Cubs -1.5,2.5000
2026-09-25T14:05:26+00:00,a85710fa5f6fd3a6a40fe17c4907c312,Boston Red Sox vs Chicago Cubs,spreads,1.5,BetMGM,Boston Red Sox +1.5,1.5900
2026-09-25T14:05:26+00:00,a85710fa5f6fd3a6a40fe17c4907c312,Boston Red Sox vs Chicago Cubs,spreads,-1.5,BetMGM,Chicago Cubs -1.5,2.4000
2026-09-25T14:05:26+00:00,a85710fa5f6fd3a6a40fe17c4907c312,Boston Red Sox vs Chicago Cubs,spreads,1.5,DraftKings,Boston Red Sox +1.5,1.5600
2026-09-25T14:05:26+00:00,a85710fa5f6fd3a6a40fe17c4907c312,Boston Red Sox vs Chicago Cubs,spreads,-1.5,DraftKings,Chicago Cubs -1.5,2.4600
2026-09-25T14:05:26+00:00,a85710fa5f6fd3a6a40fe17c4907c312,Boston Red Sox vs Chicago Cubs,spreads,1.5,BetRivers,Boston Red Sox +1.5,1.6100
2026-09-25T14:05:26+00:00,a85710fa5f6fd3a6a40fe17c4907c312,Boston Red Sox vs Chicago Cubs,spreads,-1.5,BetRivers,Chicago Cubs -1.5,2.3300
2026-09-25T14:05:26+00:00,a85710fa5f6fd3a6a40fe17c4907c312,Boston Red Sox vs Chicago Cubs,spreads,1.5,BetUS,Boston Red Sox +1.5,1.5900
2026-09-25T14:05:26+00:00,a85710fa5f6fd3a6a40fe17c4907c312,Boston Red Sox vs Chicago Cubs,spreads,-1.5,BetUS,Chicago Cubs -1.5,2.4800
2026-09-25T14:05:26+00:00,a85710fa5f6fd3a6a40fe17c4907c312,Boston Red Sox vs Chicago Cubs,totals,6.5,FanDuel,Over +6.5,1.9600
2026-09-25T14:05:26+00:00,a85710fa5f6fd3a6a40fe17c4907c312,Boston Red Sox vs Chicago Cubs,totals,6.5,FanDuel,Under +6.5,1.8500
2026-09-25T14:05:26+00:00,a85710fa5f6fd3a6a40fe17c4907c312,Boston Red Sox vs Chicago Cubs,totals,6.5,MyBookie.ag,Over +6.5,1.9700
2026-09-25T14:05:26+00:00,a85710fa5f6fd3a6a40fe17c4907c312,Boston Red Sox vs Chicago Cubs,totals,6.5,MyBookie.ag,Under +6.5,1.8400
2026-09-25T14:05:26+00:00,a85710fa5f6fd3a6a40fe17c4907c312,Boston Red Sox vs Chicago Cubs,totals,6.5,BetOnline.ag,Over +6.5,1.9500
2026-09-25T14:05:26+00:00,a85710fa5f6fd3a6a40fe17c4907c312,Boston Red Sox vs Chicago Cubs,totals,6.5,BetOnline.ag,Under +6.5,1.8700
2026-09-25T14:05:26+00:00,a85710fa5f6fd3a6a40fe17c4907c312,Boston Red Sox vs Chicago Cubs,totals,6.5,LowVig.ag,Over +6.5,1.9800
2026-09-25T14:05:26+00:00,a85710fa5f6fd3a6a40fe17c4907c312,Boston Red Sox vs Chicago Cubs,totals,6.5,LowVig.ag,Under +6.5,1.8800
2026-09-25T14:05:26+00:00,a85710fa5f6fd3a6a40fe17c4907c312,Boston Red Sox vs Chicago Cubs,totals,6.5,Bovada,Over +6.5,1.9500
2026-09-25T14:05:26+00:00,a85710fa5f6fd3a6a40fe17c4907c312,Boston Red Sox vs Chicago Cubs,totals,6.5,Bovada,Under +6.5,1.8700
2026-09-25T14:05:26+00:00,a85710fa5f6fd3a6a40fe17c4907c312,Boston Red Sox vs Chicago Cubs,totals,6.5,BetMGM,Over +6.5,1.9500
2026-09-25T14:05:26+00:00,a85710fa5f6fd3a6a40fe17c4907c312,Boston Red Sox vs Chicago Cubs,totals,6.5,BetMGM,Under +6.5,1.8700
2026-09-25T14:05:26+00:00,a85710fa5f6fd3a6a40fe17c4907c312,Boston Red Sox vs Chicago Cubs,totals,6.5,DraftKings,Over +6.5,1.9300
2026-09-25T14:05:26+00:00,a85710fa5f6fd3a6a40fe17c4907c312,Boston Red Sox vs Chicago Cubs,totals,6.5,DraftKings,Under +6.5,1.8900
2026-09-25T14:05:26+00:00,a85710fa5f6fd3a6a40fe17c4907c312,Boston Red Sox vs Chicago Cubs,totals,6.5,BetRivers,Over +6.5,1.8900
2026-09-25T14:05:26+00:00,a85710fa5f6fd3a6a40fe17c4907c312,Boston Red Sox vs Chicago Cubs,totals,6.5,BetRivers,Under +6.5,1.9200
2026-09-25T14:05:26+00:00,a85710fa5f6fd3a6a40fe17c4907c312,Boston Red Sox vs Chicago Cubs,totals,6.5,BetUS,Over +6.5,1.9500
2026-09-25T14:05:26+00:00,a85710fa5f6fd3a6a40fe17c4907c312,Boston Red Sox vs Chicago Cubs,totals,6.5,BetUS,Under +6.5,1.8700
2026-09-25T14:05:26+00:00,d4b069a134ec3ae75f0a644498b793c6,New York Yankees vs Baltimore Orioles,h2h,,DraftKings,Baltimore Orioles,2.0200
2026-09-25T14:05:26+00:00,d4b069a134ec3ae75f0a644498b793c6,New York Yankees vs Baltimore Orioles,h2h,,DraftKings,New York Yankees,1.8100
2026-09-25T14:05:26+00:00,d4b069a134ec3ae75f0a644498b793c6,New York Yankees vs Baltimore Orioles,h2h,,BetOnline.ag,Baltimore Orioles,2.0400
2026-09-25T14:05:26+00:00,d4b069a134ec3ae75f0a644498b793c6,New York Yankees vs Baltimore Orioles,h2h,,BetOnline.ag,New York Yankees,1.8700
2026-09-25T14:05:26+00:00,d4b069a134ec3ae75f0a644498b793c6,New York Yankees vs Baltimore Orioles,h2h,,LowVig.ag,Baltimore Orioles,2.0400
2026-09-25T14:05:26+00:00,d4b069a134ec3ae75f0a644498b793c6,New York Yankees vs Baltimore Orioles,h2h,,LowVig.ag,New York Yankees,1.8700
2026-09-25T14:05:26+00:00,d4b069a134ec3ae75f0a644498b793c6,New York Yankees vs Baltimore Orioles,h2h,,MyBookie.ag,Baltimore Orioles,2.0400
2026-09-25T14:05:26+00:00,d4b069a134ec3ae75f0a644498b793c6,New York Yankees vs Baltimore Orioles,h2h,,MyBookie.ag,New York Yankees,1.8200
2026-09-25T14:05:26+00:00,d4b069a134ec3ae75f0a644498b793c6,New York Yankees vs Baltimore Orioles,h2h,,FanDuel,Baltimore Orioles,2.0200
2026-09-25T14:05:26+00:00,d4b069a134ec3ae75f0a644498b793c6,New York Yankees vs Baltimore Orioles,h2h,,FanDuel,New York Yankees,1.8300
2026-09-25T14:05:26+00:00,d4b069a134ec3ae75f0a644498b793c6,New York Yankees vs Baltimore Orioles,h2h,,BetRivers,Baltimore Orioles,2.0500
2026-09-25T14:05:26+00:00,d4b069a134ec3ae75f0a644498b793c6,New York Yankees vs Baltimore Orioles,h2h,,BetRivers,New York Yankees,1.8100
2026-09-25T14:05:26+00:00,d4b069a134ec3ae75f0a644498b793c6,New York Yankees vs Baltimore Orioles,h2h,,Bovada,Baltimore Orioles,2.0300
2026-09-25T14:05:26+00:00,d4b069a134ec3ae75f0a644498b793c6,New York Yankees vs Baltimore Orioles,h2h,,Bovada,New York Yankees,1.8100
2026-09-25T14:05:26+00:00,d4b069a134ec3ae75f0a644498b793c6,New York Yankees vs Baltimore Orioles,h2h,,BetMGM,Baltimore Orioles,1.9800
2026-09-25T14:05:26+00:00,d4b069a134ec3ae75f0a644498b793c6,New York Yankees vs Baltimore Orioles,h2h,,BetMGM,New York Yankees,1.8500
2026-09-25T14:05:26+00:00,d4b069a134ec3ae75f0a644498b793c6,New York Yankees vs Baltimore Orioles,h2h,,BetUS,Baltimore Orioles,2.0900
2026-09-25T14:05:26+00:00,d4b069a134ec3ae75f0a644498b793c6,New York Yankees vs Baltimore Orioles,h2h,,BetUS,New York Yankees,1.8300
2026-09-25T14:05:26+00:00,d4b069a134ec3ae75f0a644498b793c6,New York Yankees vs Baltimore Orioles,spreads,1.5,DraftKings,Baltimore Orioles +1.5,1.4500
2026-09-25T14:05:26+00:00,d4b069a134ec3ae75f0a644498b793c6,New York Yankees vs Baltimore Orioles,spreads,-1.5,DraftKings,New York Yankees -1.5,2.7900
2026-09-25T14:05:26+00:00,d4b069a134ec3ae75f0a644498b793c6,New York Yankees vs Baltimore Orioles,spreads,1.5,BetOnline.ag,Baltimore Orioles +1.5,1.4400
2026-09-25T14:05:26+00:00,d4b069a134ec3ae75f0a644498b793c6,New York Yankees vs Baltimore Orioles,spreads,-1.5,BetOnline.ag,New York Yankees -1.5,2.8900
2026-09-25T14:05:26+00:00,d4b069a134ec3ae75f0a644498b793c6,New York Yankees vs Baltimore Orioles,spreads,1.5,LowVig.ag,Baltimore Orioles +1.5,1.4500
2026-09-25T14:05:26+00:00,d4b069a134ec3ae75f0a644498b793c6,New York Yankees vs Baltimore Orioles,spreads,-1.5,LowVig.ag,New York Yankees -1.5,2.9300
2026-09-25T14:05:26+00:00,d4b069a134ec3ae75f0a644498b793c6,New York Yankees vs Baltimore Orioles,spreads,1.5,MyBookie.ag,Baltimore Orioles +1.5,1.4700
2026-09-25T14:05:26+00:00,d4b069a134ec3ae75f0a644498b793c6,New York Yankees vs Baltimore Orioles,spreads,-1.5,MyBookie.ag,New York Yankees -1.5,2.7700
2026-09-25T14:05:26+00:00,d4b069a134ec3ae75f0a644498b793c6,New York Yankees vs Baltimore Orioles,spreads,-1.5,FanDuel,Baltimore Orioles -1.5,2.8800
2026-09-25T14:05:26+00:00,d4b069a134ec3ae75f0a644498b793c6,New York Yankees vs Baltimore Orioles,spreads,1.5,FanDuel,New York Yankees +1.5,1.4300
2026-09-25T14:05:26+00:00,d4b069a134ec3ae75f0a644498b793c6,New York Yankees vs Baltimore Orioles,spreads,1.5,BetRivers,Baltimore Orioles +1.5,1.4900
2026-09-25T14:05:26+00:00,d4b069a134ec3ae75f0a644498b793c6,New York Yankees vs Baltimore Orioles,spreads,-1.5,BetRivers,New York Yankees -1.5,2.6500
2026-09-25T14:05:26+00:00,d4b069a134ec3ae75f0a644498b793c6,New York Yankees vs Baltimore Orioles,spreads,1.5,Bovada,Baltimore Orioles +1.5,1.4500
2026-09-25T14:05:26+00:00,d4b069a134ec3ae75f0a644498b793c6,New York Yankees vs Baltimore Orioles,spreads,-1.5,Bovada,New York Yankees -1.5,2.8000
2026-09-25T14:05:26+00:00,d4b069a134ec3ae75f0a644498b793c6,New York Yankees vs Baltimore Orioles,spreads,-1.5,BetMGM,Baltimore Orioles -1.5,2.7000
2026-09-25T14:05:26+00:00,d4b069a134ec3ae75f0a644498b793c6,New York Yankees vs Baltimore Orioles,spreads,1.5,BetMGM,New York Yankees +1.5,1.4800
2026-09-25T14:05:26+00:00,d4b069a134ec3ae75f0a644498b793c6,New York Yankees vs Baltimore Orioles,spreads,1.5,BetUS,Baltimore Orioles +1.5,1.4400
2026-09-25T14:05:26+00:00,d4b069a134ec3ae75f0a644498b793c6,New York Yankees vs Baltimore Orioles,spreads,-1.5,BetUS,New York Yankees -1.5,2.9200
2026-09-25T14:05:26+00:00,d4b069a134ec3ae75f0a644498b793c6,New York Yankees vs Baltimore Orioles,totals,6.5,DraftKings,Over +6.5,1.7900
2026-09-25T14:05:26+00:00,d4b069a134ec3ae75f0a644498b793c6,New York Yankees vs Baltimore Orioles,totals,6.5,DraftKings,Under +6.5,2.0400
2026-09-25T14:05:26+00:00,d4b069a134ec3ae75f0a644498b793c6,New York Yankees vs Baltimore Orioles,totals,6.5,BetOnline.ag,Over +6.5,1.8000
2026-09-25T14:05:26+00:00,d4b069a134ec3ae75f0a644498b793c6,New York Yankees vs Baltimore Orioles,totals,6.5,BetOnline.ag,Under +6.5,2.0500
2026-09-25T14:05:26+00:00,d4b069a134ec3ae75f0a644498b793c6,New York Yankees vs Baltimore Orioles,totals,6.5,LowVig.ag,Over +6.5,1.8100
2026-09-25T14:05:26+00:00,d4b069a134ec3ae75f0a644498b793c6,New York Yankees vs Baltimore Orioles,totals,6.5,LowVig.ag,Under +6.5,2.0700
2026-09-25T14:05:26+00:00,d4b069a134ec3ae75f0a644498b793c6,New York Yankees vs Baltimore Orioles,totals,7.0,MyBookie.ag,Over +7,2.0100
2026-09-25T14:05:26+00:00,d4b069a134ec3ae75f0a644498b793c6,New York Yankees vs Baltimore Orioles,totals,7.0,MyBookie.ag,Under +7,1.8100
2026-09-25T14:05:26+00:00,d4b069a134ec3ae75f0a644498b793c6,New York Yankees vs Baltimore Orioles,totals,6.5,FanDuel,Over +6.5,1.8100
2026-09-25T14:05:26+00:00,d4b069a134ec3ae75f0a644498b793c6,New York Yankees vs Baltimore Orioles,totals,6.5,FanDuel,Under +6.5,2.0200
2026-09-25T14:05:26+00:00,d4b069a134ec3ae75f0a644498b793c6,New York Yankees vs Baltimore Orioles,totals,6.5,BetRivers,Over +6.5,1.8200
2026-09-25T14:05:26+00:00,d4b069a134ec3ae75f0a644498b793c6,New York Yankees vs Baltimore Orioles,totals,6.5,BetRivers,Under +6.5,2.0000
2026-09-25T14:05:26+00:00,d4b069a134ec3ae75f0a644498b793c6,New York Yankees vs Baltimore Orioles,totals,6.5,Bovada,Over +6.5,1.8000
2026-09-25T14:05:26+00:00,d4b069a134ec3ae75f0a644498b793c6,New York Yankees vs Baltimore Orioles,totals,6.5,Bovada,Under +6.5,2.0500
2026-09-25T14:05:26+00:00,d4b069a134ec3ae75f0a644498b793c6,New York Yankees vs Baltimore Orioles,totals,6.5,BetMGM,Over +6.5,1.8000
2026-09-25T14:05:26+00:00,d4b069a134ec3ae75f0a644498b793c6,New York Yankees vs Baltimore Orioles,totals,6.5,BetMGM,Under +6.5,2.0500
2026-09-25T14:05:26+00:00,d4b069a134ec3ae75f0a644498b793c6,New York Yankees vs Baltimore Orioles,totals,6.5,BetUS,Over +6.5,1.8000
2026-09-25T14:05:26+00:00,d4b069a134ec3ae75f0a644498b793c6,New York Yankees vs Baltimore Orioles,totals,6.5,BetUS,Under +6.5,2.0500
2026-09-25T14:05:26+00:00,c1c95aa0c77e6735bae6602eec2b42be,Boston Red Sox vs Chicago Cubs,h2h,,FanDuel,Boston Red Sox,1.9800
2026-09-25T14:05:26+00:00,c1c95aa0c77e6735bae6602eec2b42be,Boston Red Sox vs Chicago Cubs,h2h,,FanDuel,Chicago Cubs,1.8600
2026-09-25T14:05:26+00:00,c1c95aa0c77e6735bae6602eec2b42be,Boston Red Sox vs Chicago Cubs,h2h,,LowVig.ag,Boston Red Sox,1.9900
2026-09-25T14:05:26+00:00,c1c95aa0c77e6735bae6602eec2b42be,Boston Red Sox vs Chicago Cubs,h2h,,LowVig.ag,Chicago Cubs,1.9200
2026-09-25T14:05:26+00:00,c1c95aa0c77e6735bae6602eec2b42be,Boston Red Sox vs Chicago Cubs,h2h,,BetOnline.ag,Boston Red Sox,1.9900
2026-09-25T14:05:26+00:00,c1c95aa0c77e6735bae6602eec2b42be,Boston Red Sox vs Chicago Cubs,h2h,,BetOnline.ag,Chicago Cubs,1.9200
2026-09-25T14:05:26+00:00,c1c95aa0c77e6735bae6602eec2b42be,Boston Red Sox vs Chicago Cubs,h2h,,Bovada,Boston Red Sox,1.9300
2026-09-25T14:05:26+00:00,c1c95aa0c77e6735bae6602eec2b42be,Boston Red Sox vs Chicago Cubs,h2h,,Bovada,Chicago Cubs,1.8800
2026-09-25T14:05:26+00:00,c1c95aa0c77e6735bae6602eec2b42be,Boston Red Sox vs Chicago Cubs,h2h,,MyBookie.ag,Boston Red Sox,1.9700
2026-09-25T14:05:26+00:00,c1c95aa0c77e6735bae6602eec2b42be,Boston Red Sox vs Chicago Cubs,h2h,,MyBookie.ag,Chicago Cubs,1.8800
2026-09-25T14:05:26+00:00,c1c95aa0c77e6735bae6602eec2b42be,Boston Red Sox vs Chicago Cubs,h2h,,BetMGM,Boston Red Sox,1.9800
2026-09-25T14:05:26+00:00,c1c95aa0c77e6735bae6602eec2b42be,Boston Red Sox vs Chicago Cubs,h2h,,BetMGM,Chicago Cubs,1.8500
2026-09-25T14:05:26+00:00,c1c95aa0c77e6735bae6602eec2b42be,Boston Red Sox vs Chicago Cubs,h2h,,DraftKings,Boston Red Sox,1.9500
2026-09-25T14:05:26+00:00,c1c95aa0c77e6735bae6602eec2b42be,Boston Red Sox vs Chicago Cubs,h2h,,DraftKings,Chicago Cubs,1.8700
2026-09-25T14:05:26+00:00,c1c95aa0c77e6735bae6602eec2b42be,Boston Red Sox vs Chicago Cubs,h2h,,BetRivers,Boston Red Sox,1.9700
2026-09-25T14:05:26+00:00,c1c95aa0c77e6735bae6602eec2b42be,Boston Red Sox vs Chicago Cubs,h2h,,BetRivers,Chicago Cubs,1.8500
2026-09-25T14:05:26+00:00,c1c95aa0c77e6735bae6602eec2b42be,Boston Red Sox vs Chicago Cubs,h2h,,BetUS,Boston Red Sox,1.9900
2026-09-25T14:05:26+00:00,c1c95aa0c77e6735bae6602eec2b42be,Boston Red Sox vs Chicago Cubs,h2h,,BetUS,Chicago Cubs,1.9200
2026-09-25T14:05:26+00:00,c1c95aa0c77e6735bae6602eec2b42be,Boston Red Sox vs Chicago Cubs,spreads,1.5,FanDuel,Boston Red Sox +1.5,1.5000
2026-09-25T14:05:26+00:00,c1c95aa0c77e6735bae6602eec2b42be,Boston Red Sox vs Chicago Cubs,spreads,-1.5,FanDuel,Chicago Cubs -1.5,2.6400
2026-09-25T14:05:26+00:00,c1c95aa0c77e6735bae6602eec2b42be,Boston Red Sox vs Chicago Cubs,spreads,1.5,LowVig.ag,Boston Red Sox +1.5,1.5600
2026-09-25T14:05:26+00:00,c1c95aa0c77e6735bae6602eec2b42be,Boston Red Sox vs Chicago Cubs,spreads,-1.5,LowVig.ag,Chicago Cubs -1.5,2.5800
2026-09-25T14:05:26+00:00,c1c95aa0c77e6735bae6602eec2b42be,Boston Red Sox vs Chicago Cubs,spreads,1.5,BetOnline.ag,Boston Red Sox +1.5,1.5600
2026-09-25T14:05:26+00:00,c1c95aa0c77e6735bae6602eec2b42be,Boston Red Sox vs Chicago Cubs,spreads,-1.5,BetOnline.ag,Chicago Cubs -1.5,2.5700
2026-09-25T14:05:26+00:00,c1c95aa0c77e6735bae6602eec2b42be,Boston Red Sox vs Chicago Cubs,spreads,1.5,Bovada,Boston Red Sox +1.5,1.5100
2026-09-25T14:05:26+00:00,c1c95aa0c77e6735bae6602eec2b42be,Boston Red Sox vs Chicago Cubs,spreads,-1.5,Bovada,Chicago Cubs -1.5,2.6500
2026-09-25T14:05:26+00:00,c1c95aa0c77e6735bae6602eec2b42be,Boston Red Sox vs Chicago Cubs,spreads,1.5,MyBookie.ag,Boston Red Sox +1.5,1.5300
2026-09-25T14:05:26+00:00,c1c95aa0c77e6735bae6602eec2b42be,Boston Red Sox vs Chicago Cubs,spreads,-1.5,MyBookie.ag,Chicago Cubs -1.5,2.6000
2026-09-25T14:05:26+00:00,c1c95aa0c77e6735bae6602eec2b42be,Boston Red Sox vs Chicago Cubs,spreads,1.5,BetMGM,Boston Red Sox +1.5,1.5300
2026-09-25T14:05:26+00:00,c1c95aa0c77e6735bae6602eec2b42be,Boston Red Sox vs Chicago Cubs,spreads,-1.5,BetMGM,Chicago Cubs -1.5,2.5500
2026-09-25T14:05:26+00:00,c1c95aa0c77e6735bae6602eec2b42be,Boston Red Sox vs Chicago Cubs,spreads,1.5,DraftKings,Boston Red Sox +1.5,1.5400
2026-09-25T14:05:26+00:00,c1c95aa0c77e6735bae6602eec2b42be,Boston Red Sox vs Chicago Cubs,spreads,-1.5,DraftKings,Chicago Cubs -1.5,2.5200
2026-09-25T14:05:26+00:00,c1c95aa0c77e6735bae6602eec2b42be,Boston Red Sox vs Chicago Cubs,spreads,1.5,BetRivers,Boston Red Sox +1.5,1.5100
2026-09-25T14:05:26+00:00,c1c95aa0c77e6735bae6602eec2b42be,Boston Red Sox vs Chicago Cubs,spreads,-1.5,BetRivers,Chicago Cubs -1.5,2.5500
2026-09-25T14:05:26+00:00,c1c95aa0c77e6735bae6602eec2b42be,Boston Red Sox vs Chicago Cubs,spreads,1.5,BetUS,Boston Red Sox +1.5,1.5600
2026-09-25T14:05:26+00:00,c1c95aa0c77e6735bae6602eec2b42be,Boston Red Sox vs Chicago Cubs,spreads,-1.5,BetUS,Chicago Cubs -1.5,2.5600
2026-09-25T14:05:26+00:00,c1c95aa0c77e6735bae6602eec2b42be,Boston Red Sox vs Chicago Cubs,totals,6.5,FanDuel,Over +6.5,1.9800
2026-09-25T14:05:26+00:00,c1c95aa0c77e6735bae6602eec2b42be,Boston Red Sox vs Chicago Cubs,totals,6.5,FanDuel,Under +6.5,1.8300
2026-09-25T14:05:26+00:00,c1c95aa0c77e6735bae6602eec2b42be,Boston Red Sox vs Chicago Cubs,totals,6.0,LowVig.ag,Over +6,1.8100
2026-09-25T14:05:26+00:00,c1c95aa0c77e6735bae6602eec2b42be,Boston Red Sox vs Chicago Cubs,totals,6.0,LowVig.ag,Under +6,2.0700
2026-09-25T14:05:26+00:00,c1c95aa0c77e6735bae6602eec2b42be,Boston Red Sox vs Chicago Cubs,totals,6.0,BetOnline.ag,Over +6,1.8000
2026-09-25T14:05:26+00:00,c1c95aa0c77e6735bae6602eec2b42be,Boston Red Sox vs Chicago Cubs,totals,6.0,BetOnline.ag,Under +6,2.0500
2026-09-25T14:05:26+00:00,c1c95aa0c77e6735bae6602eec2b42be,Boston Red Sox vs Chicago Cubs,totals,6.5,Bovada,Over +6.5,1.9100
2026-09-25T14:05:26+00:00,c1c95aa0c77e6735bae6602eec2b42be,Boston Red Sox vs Chicago Cubs,totals,6.5,Bovada,Under +6.5,1.9100
2026-09-25T14:05:26+00:00,c1c95aa0c77e6735bae6602eec2b42be,Boston Red Sox vs Chicago Cubs,totals,6.5,MyBookie.ag,Over +6.5,1.9400
2026-09-25T14:05:26+00:00,c1c95aa0c77e6735bae6602eec2b42be,Boston Red Sox vs Chicago Cubs,totals,6.5,MyBookie.ag,Under +6.5,1.8700
2026-09-25T14:05:26+00:00,c1c95aa0c77e6735bae6602eec2b42be,Boston Red Sox vs Chicago Cubs,totals,6.5,BetMGM,Over +6.5,1.9500
2026-09-25T14:05:26+00:00,c1c95aa0c77e6735bae6602eec2b42be,Boston Red Sox vs Chicago Cubs,totals,6.5,BetMGM,Under +6.5,1.8700
2026-09-25T14:05:26+00:00,c1c95aa0c77e6735bae6602eec2b42be,Boston Red Sox vs Chicago Cubs,totals,6.5,DraftKings,Over +6.5,1.9300
2026-09-25T14:05:26+00:00,c1c95aa0c77e6735bae6602eec2b42be,Boston Red Sox vs Chicago Cubs,totals,6.5,DraftKings,Under +6.5,1.8900
2026-09-25T14:05:26+00:00,c1c95aa0c77e6735bae6602eec2b42be,Boston Red Sox vs Chicago Cubs,totals,6.5,BetRivers,Over +6.5,1.8800
2026-09-25T14:05:26+00:00,c1c95aa0c77e6735bae6602eec2b42be,Boston Red Sox vs Chicago Cubs,totals,6.5,BetRivers,Under +6.5,1.9300
2026-09-25T14:05:26+00:00,c1c95aa0c77e6735bae6602eec2b42be,Boston Red Sox vs Chicago Cubs,totals,6.0,BetUS,Over +6,1.8000
2026-09-25T14:05:26+00:00,c1c95aa0c77e6735bae6602eec2b42be,Boston Red Sox vs Chicago Cubs,totals,6.0,BetUS,Under +6,2.0500
2026-09-25T14:05:26+00:00,3aa03f1c80c2ca97a49e0b7548d9e647,Detroit Tigers vs Pittsburgh Pirates,h2h,,FanDuel,Detroit Tigers,1.9300
2026-09-25T14:05:26+00:00,3aa03f1c80c2ca97a49e0b7548d9e647,Detroit Tigers vs Pittsburgh Pirates,h2h,,FanDuel,Pittsburgh Pirates,1.9300
2026-09-25T14:05:26+00:00,3aa03f1c80c2ca97a49e0b7548d9e647,Detroit Tigers vs Pittsburgh Pirates,h2h,,BetOnline.ag,Detroit Tigers,1.9500
2026-09-25T14:05:26+00:00,3aa03f1c80c2ca97a49e0b7548d9e647,Detroit Tigers vs Pittsburgh Pirates,h2h,,BetOnline.ag,Pittsburgh Pirates,1.9500
2026-09-25T14:05:26+00:00,3aa03f1c80c2ca97a49e0b7548d9e647,Detroit Tigers vs Pittsburgh Pirates,h2h,,LowVig.ag,Detroit Tigers,1.9500
2026-09-25T14:05:26+00:00,3aa03f1c80c2ca97a49e0b7548d9e647,Detroit Tigers vs Pittsburgh Pirates,h2h,,LowVig.ag,Pittsburgh Pirates,1.9500
2026-09-25T14:05:26+00:00,3aa03f1c80c2ca97a49e0b7548d9e647,Detroit Tigers vs Pittsburgh Pirates,h2h,,MyBookie.ag,Detroit Tigers,1.9200
2026-09-25T14:05:26+00:00,3aa03f1c80c2ca97a49e0b7548d9e647,Detroit Tigers vs Pittsburgh Pirates,h2h,,MyBookie.ag,Pittsburgh Pirates,1.9300
2026-09-25T14:05:26+00:00,3aa03f1c80c2ca97a49e0b7548d9e647,Detroit Tigers vs Pittsburgh Pirates,h2h,,DraftKings,Detroit Tigers,1.9100
2026-09-25T14:05:26+00:00,3aa03f1c80c2ca97a49e0b7548d9e647,Detroit Tigers vs Pittsburgh Pirates,h2h,,DraftKings,Pittsburgh Pirates,1.9100
2026-09-25T14:05:26+00:00,3aa03f1c80c2ca97a49e0b7548d9e647,Detroit Tigers vs Pittsburgh Pirates,h2h,,BetUS,Detroit Tigers,1.9500
2026-09-25T14:05:26+00:00,3aa03f1c80c2ca97a49e0b7548d9e647,Detroit Tigers vs Pittsburgh Pirates,h2h,,BetUS,Pittsburgh Pirates,1.9500
2026-09-25T14:05:26+00:00,3aa03f1c80c2ca97a49e0b7548d9e647,Detroit Tigers vs Pittsburgh Pirates,h2h,,Bovada,Detroit Tigers,1.9000
2026-09-25T14:05:26+00:00,3aa03f1c80c2ca97a49e0b7548d9e647,Detroit Tigers vs Pittsburgh Pirates,h2h,,Bovada,Pittsburgh Pirates,1.9200
2026-09-25T14:05:26+00:00,3aa03f1c80c2ca97a49e0b7548d9e647,Detroit Tigers vs Pittsburgh Pirates,h2h,,BetMGM,Detroit Tigers,1.9100
2026-09-25T14:05:26+00:00,3aa03f1c80c2ca97a49e0b7548d9e647,Detroit Tigers vs Pittsburgh Pirates,h2h,,BetMGM,Pittsburgh Pirates,1.9100
2026-09-25T14:05:26+00:00,3aa03f1c80c2ca97a49e0b7548d9e647,Detroit Tigers vs Pittsburgh Pirates,h2h,,BetRivers,Detroit Tigers,1.9100
2026-09-25T14:05:26+00:00,3aa03f1c80c2ca97a49e0b7548d9e647,Detroit Tigers vs Pittsburgh Pirates,h2h,,BetRivers,Pittsburgh Pirates,1.9300
2026-09-25T14:05:26+00:00,3aa03f1c80c2ca97a49e0b7548d9e647,Detroit Tigers vs Pittsburgh Pirates,spreads,1.5,FanDuel,Detroit Tigers +1.5,1.5000
2026-09-25T14:05:26+00:00,3aa03f1c80c2ca97a49e0b7548d9e647,Detroit Tigers vs Pittsburgh Pirates,spreads,-1.5,FanDuel,Pittsburgh Pirates -1.5,2.6400
2026-09-25T14:05:26+00:00,3aa03f1c80c2ca97a49e0b7548d9e647,Detroit Tigers vs Pittsburgh Pirates,spreads,1.5,BetOnline.ag,Detroit Tigers +1.5,1.5400
2026-09-25T14:05:26+00:00,3aa03f1c80c2ca97a49e0b7548d9e647,Detroit Tigers vs Pittsburgh Pirates,spreads,-1.5,BetOnline.ag,Pittsburgh Pirates -1.5,2.6100
2026-09-25T14:05:26+00:00,3aa03f1c80c2ca97a49e0b7548d9e647,Detroit Tigers vs Pittsburgh Pirates,spreads,1.5,LowVig.ag,Detroit Tigers +1.5,1.5400
2026-09-25T14:05:26+00:00,3aa03f1c80c2ca97a49e0b7548d9e647,Detroit Tigers vs Pittsburgh Pirates,spreads,-1.5,LowVig.ag,Pittsburgh Pirates -1.5,2.6200
2026-09-25T14:05:26+00:00,3aa03f1c80c2ca97a49e0b7548d9e647,Detroit Tigers vs Pittsburgh Pirates,spreads,1.5,MyBookie.ag,Detroit Tigers +1.5,1.5500
2026-09-25T14:05:26+00:00,3aa03f1c80c2ca97a49e0b7548d9e647,Detroit Tigers vs Pittsburgh Pirates,spreads,-1.5,MyBookie.ag,Pittsburgh Pirates -1.5,2.5400
2026-09-25T14:05:26+00:00,3aa03f1c80c2ca97a49e0b7548d9e647,Detroit Tigers vs Pittsburgh Pirates,spreads,1.5,DraftKings,Detroit Tigers +1.5,1.5300
2026-09-25T14:05:26+00:00,3aa03f1c80c2ca97a49e0b7548d9e647,Detroit Tigers vs Pittsburgh Pirates,spreads,-1.5,DraftKings,Pittsburgh Pirates -1.5,2.5400
2026-09-25T14:05:26+00:00,3aa03f1c80c2ca97a49e0b7548d9e647,Detroit Tigers vs Pittsburgh Pirates,spreads,1.5,BetUS,Detroit Tigers +1.5,1.5400
2026-09-25T14:05:26+00:00,3aa03f1c80c2ca97a49e0b7548d9e647,Detroit Tigers vs Pittsburgh Pirates,spreads,-1.5,BetUS,Pittsburgh Pirates -1.5,2.6000
2026-09-25T14:05:26+00:00,3aa03f1c80c2ca97a49e0b7548d9e647,Detroit Tigers vs Pittsburgh Pirates,spreads,-1.5,Bovada,Detroit Tigers -1.5,2.9500
2026-09-25T14:05:26+00:00,3aa03f1c80c2ca97a49e0b7548d9e647,Detroit Tigers vs Pittsburgh Pirates,spreads,1.5,Bovada,Pittsburgh Pirates +1.5,1.4300
2026-09-25T14:05:26+00:00,3aa03f1c80c2ca97a49e0b7548d9e647,Detroit Tigers vs Pittsburgh Pirates,spreads,1.5,BetMGM,Detroit Tigers +1.5,1.5300
2026-09-25T14:05:26+00:00,3aa03f1c80c2ca97a49e0b7548d9e647,Detroit Tigers vs Pittsburgh Pirates,spreads,-1.5,BetMGM,Pittsburgh Pirates -1.5,2.5500
2026-09-25T14:05:26+00:00,3aa03f1c80c2ca97a49e0b7548d9e647,Detroit Tigers vs Pittsburgh Pirates,spreads,1.5,BetRivers,Detroit Tigers +1.5,1.5500
2026-09-25T14:05:26+00:00,3aa03f1c80c2ca97a49e0b7548d9e647,Detroit Tigers vs Pittsburgh Pirates,spreads,-1.5,BetRivers,Pittsburgh Pirates -1.5,2.4800
2026-09-25T14:05:26+00:00,3aa03f1c80c2ca97a49e0b7548d9e647,Detroit Tigers vs Pittsburgh Pirates,totals,7.5,FanDuel,Over +7.5,1.7800
2026-09-25T14:05:26+00:00,3aa03f1c80c2ca97a49e0b7548d9e647,Detroit Tigers vs Pittsburgh Pirates,totals,7.5,FanDuel,Under +7.5,2.0400
2026-09-25T14:05:26+00:00,3aa03f1c80c2ca97a49e0b7548d9e647,Detroit Tigers vs Pittsburgh Pirates,totals,8.0,BetOnline.ag,Over +8,2.0000
2026-09-25T14:05:26+00:00,3aa03f1c80c2ca97a49e0b7548d9e647,Detroit Tigers vs Pittsburgh Pirates,totals,8.0,BetOnline.ag,Under +8,1.8300
2026-09-25T14:05:26+00:00,3aa03f1c80c2ca97a49e0b7548d9e647,Detroit Tigers vs Pittsburgh Pirates,totals,8.0,LowVig.ag,Over +8,2.0300
2026-09-25T14:05:26+00:00,3aa03f1c80c2ca97a49e0b7548d9e647,Detroit Tigers vs Pittsburgh Pirates,totals,8.0,LowVig.ag,Under +8,1.8500
2026-09-25T14:05:26+00:00,3aa03f1c80c2ca97a49e0b7548d9e647,Detroit Tigers vs Pittsburgh Pirates,totals,8.0,MyBookie.ag,Over +8,1.9500
2026-09-25T14:05:26+00:00,3aa03f1c80c2ca97a49e0b7548d9e647,Detroit Tigers vs Pittsburgh Pirates,totals,8.0,MyBookie.ag,Under +8,1.8500
2026-09-25T14:05:26+00:00,3aa03f1c80c2ca97a49e0b7548d9e647,Detroit Tigers vs Pittsburgh Pirates,totals,8.0,DraftKings,Over +8,1.9800
2026-09-25T14:05:26+00:00,3aa03f1c80c2ca97a49e0b7548d9e647,Detroit Tigers vs Pittsburgh Pirates,totals,8.0,DraftKings,Under +8,1.8400
2026-09-25T14:05:26+00:00,3aa03f1c80c2ca97a49e0b7548d9e647,Detroit Tigers vs Pittsburgh Pirates,totals,8.0,BetUS,Over +8,2.0000
2026-09-25T14:05:26+00:00,3aa03f1c80c2ca97a49e0b7548d9e647,Detroit Tigers vs Pittsburgh Pirates,totals,8.0,BetUS,Under +8,1.8300
2026-09-25T14:05:26+00:00,3aa03f1c80c2ca97a49e0b7548d9e647,Detroit Tigers vs Pittsburgh Pirates,totals,8.0,Bovada,Over +8,2.0000
2026-09-25T14:05:26+00:00,3aa03f1c80c2ca97a49e0b7548d9e647,Detroit Tigers vs Pittsburgh Pirates,totals,8.0,Bovada,Under +8,1.8300
2026-09-25T14:05:26+00:00,3aa03f1c80c2ca97a49e0b7548d9e647,Detroit Tigers vs Pittsburgh Pirates,totals,8.0,BetMGM,Over +8,1.9800
2026-09-25T14:05:26+00:00,3aa03f1c80c2ca97a49e0b7548d9e647,Detroit Tigers vs Pittsburgh Pirates,totals,8.0,BetMGM,Under +8,1.8500
2026-09-25T14:05:26+00:00,3aa03f1c80c2ca97a49e0b7548d9e647,Detroit Tigers vs Pittsburgh Pirates,totals,8.0,BetRivers,Over +8,1.8800
2026-09-25T14:05:26+00:00,3aa03f1c80c2ca97a49e0b7548d9e647,Detroit Tigers vs Pittsburgh Pirates,totals,8.0,BetRivers,Under +8,1.8000
2026-09-25T14:05:26+00:00,6e8b1f358bb5c3837f473e61ecb68650,Philadelphia Phillies vs Tampa Bay Rays,h2h,,FanDuel,Philadelphia Phillies,1.5800
2026-09-25T14:05:26+00:00,6e8b1f358bb5c3837f473e61ecb68650,Philadelphia Phillies vs Tampa Bay Rays,h2h,,FanDuel,Tampa Bay Rays,2.4400
2026-09-25T14:05:26+00:00,6e8b1f358bb5c3837f473e61ecb68650,Philadelphia Phillies vs Tampa Bay Rays,h2h,,BetOnline.ag,Philadelphia Phillies,1.5900
2026-09-25T14:05:26+00:00,6e8b1f358bb5c3837f473e61ecb68650,Philadelphia Phillies vs Tampa Bay Rays,h2h,,BetOnline.ag,Tampa Bay Rays,2.5400
2026-09-25T14:05:26+00:00,6e8b1f358bb5c3837f473e61ecb68650,Philadelphia Phillies vs Tampa Bay Rays,h2h,,LowVig.ag,Philadelphia Phillies,1.5900
2026-09-25T14:05:26+00:00,6e8b1f358bb5c3837f473e61ecb68650,Philadelphia Phillies vs Tampa Bay Rays,h2h,,LowVig.ag,Tampa Bay Rays,2.5400
2026-09-25T14:05:26+00:00,6e8b1f358bb5c3837f473e61ecb68650,Philadelphia Phillies vs Tampa Bay Rays,h2h,,MyBookie.ag,Philadelphia Phillies,1.6000
2026-09-25T14:05:26+00:00,6e8b1f358bb5c3837f473e61ecb68650,Philadelphia Phillies vs Tampa Bay Rays,h2h,,MyBookie.ag,Tampa Bay Rays,2.4100
2026-09-25T14:05:26+00:00,6e8b1f358bb5c3837f473e61ecb68650,Philadelphia Phillies vs Tampa Bay Rays,h2h,,DraftKings,Philadelphia Phillies,1.5700
2026-09-25T14:05:26+00:00,6e8b1f358bb5c3837f473e61ecb68650,Philadelphia Phillies vs Tampa Bay Rays,h2h,,DraftKings,Tampa Bay Rays,2.4400
2026-09-25T14:05:26+00:00,6e8b1f358bb5c3837f473e61ecb68650,Philadelphia Phillies vs Tampa Bay Rays,h2h,,Bovada,Philadelphia Phillies,1.5600
2026-09-25T14:05:26+00:00,6e8b1f358bb5c3837f473e61ecb68650,Philadelphia Phillies vs Tampa Bay Rays,h2h,,Bovada,Tampa Bay Rays,2.4500
2026-09-25T14:05:26+00:00,6e8b1f358bb5c3837f473e61ecb68650,Philadelphia Phillies vs Tampa Bay Rays,h2h,,BetUS,Philadelphia Phillies,1.5900
2026-09-25T14:05:26+00:00,6e8b1f358bb5c3837f473e61ecb68650,Philadelphia Phillies vs Tampa Bay Rays,h2h,,BetUS,Tampa Bay Rays,2.5000
2026-09-25T14:05:26+00:00,6e8b1f358bb5c3837f473e61ecb68650,Philadelphia Phillies vs Tampa Bay Rays,h2h,,BetRivers,Philadelphia Phillies,1.6500
2026-09-25T14:05:26+00:00,6e8b1f358bb5c3837f473e61ecb68650,Philadelphia Phillies vs Tampa Bay Rays,h2h,,BetRivers,Tampa Bay Rays,2.2800
2026-09-25T14:05:26+00:00,6e8b1f358bb5c3837f473e61ecb68650,Philadelphia Phillies vs Tampa Bay Rays,h2h,,BetMGM,Philadelphia Phillies,1.5700
2026-09-25T14:05:26+00:00,6e8b1f358bb5c3837f473e61ecb68650,Philadelphia Phillies vs Tampa Bay Rays,h2h,,BetMGM,Tampa Bay Rays,2.4500
2026-09-25T14:05:26+00:00,6e8b1f358bb5c3837f473e61ecb68650,Philadelphia Phillies vs Tampa Bay Rays,spreads,-1.5,FanDuel,Philadelphia Phillies -1.5,2.3800
2026-09-25T14:05:26+00:00,6e8b1f358bb5c3837f473e61ecb68650,Philadelphia Phillies vs Tampa Bay Rays,spreads,1.5,FanDuel,Tampa Bay Rays +1.5,1.6000
2026-09-25T14:05:26+00:00,6e8b1f358bb5c3837f473e61ecb68650,Philadelphia Phillies vs Tampa Bay Rays,spreads,-1.5,BetOnline.ag,Philadelphia Phillies -1.5,2.3500
2026-09-25T14:05:26+00:00,6e8b1f358bb5c3837f473e61ecb68650,Philadelphia Phillies vs Tampa Bay Rays,spreads,1.5,BetOnline.ag,Tampa Bay Rays +1.5,1.6500
2026-09-25T14:05:26+00:00,6e8b1f358bb5c3837f473e61ecb68650,Philadelphia Phillies vs Tampa Bay Rays,spreads,-1.5,LowVig.ag,Philadelphia Phillies -1.5,2.3600
2026-09-25T14:05:26+00:00,6e8b1f358bb5c3837f473e61ecb68650,Philadelphia Phillies vs Tampa Bay Rays,spreads,1.5,LowVig.ag,Tampa Bay Rays +1.5,1.6500
2026-09-25T14:05:26+00:00,6e8b1f358bb5c3837f473e61ecb68650,Philadelphia Phillies vs Tampa Bay Rays,spreads,-1.5,MyBookie.ag,Philadelphia Phillies -1.5,2.3800
2026-09-25T14:05:26+00:00,6e8b1f358bb5c3837f473e61ecb68650,Philadelphia Phillies vs Tampa Bay Rays,spreads,1.5,MyBookie.ag,Tampa Bay Rays +1.5,1.6100
2026-09-25T14:05:26+00:00,6e8b1f358bb5c3837f473e61ecb68650,Philadelphia Phillies vs Tampa Bay Rays,spreads,-1.5,DraftKings,Philadelphia Phillies -1.5,2.3500
2026-09-25T14:05:26+00:00,6e8b1f358bb5c3837f473e61ecb68650,Philadelphia Phillies vs Tampa Bay Rays,spreads,1.5,DraftKings,Tampa Bay Rays +1.5,1.6100
2026-09-25T14:05:26+00:00,6e8b1f358bb5c3837f473e61ecb68650,Philadelphia Phillies vs Tampa Bay Rays,spreads,-1.5,Bovada,Philadelphia Phillies -1.5,2.4000
2026-09-25T14:05:26+00:00,6e8b1f358bb5c3837f473e61ecb68650,Philadelphia Phillies vs Tampa Bay Rays,spreads,1.5,Bovada,Tampa Bay Rays +1.5,1.6100
2026-09-25T14:05:26+00:00,6e8b1f358bb5c3837f473e61ecb68650,Philadelphia Phillies vs Tampa Bay Rays,spreads,-1.5,BetUS,Philadelphia Phillies -1.5,2.3500
2026-09-25T14:05:26+00:00,6e8b1f358bb5c3837f473e61ecb68650,Philadelphia Phillies vs Tampa Bay Rays,spreads,1.5,BetUS,Tampa Bay Rays +1.5,1.6500
2026-09-25T14:05:26+00:00,6e8b1f358bb5c3837f473e61ecb68650,Philadelphia Phillies vs Tampa Bay Rays,spreads,-1.5,BetRivers,Philadelphia Phillies -1.5,2.2500
2026-09-25T14:05:26+00:00,6e8b1f358bb5c3837f473e61ecb68650,Philadelphia Phillies vs Tampa Bay Rays,spreads,1.5,BetRivers,Tampa Bay Rays +1.5,1.6500
2026-09-25T14:05:26+00:00,6e8b1f358bb5c3837f473e61ecb68650,Philadelphia Phillies vs Tampa Bay Rays,spreads,-1.5,BetMGM,Philadelphia Phillies -1.5,2.3500
2026-09-25T14:05:26+00:00,6e8b1f358bb5c3837f473e61ecb68650,Philadelphia Phillies vs Tampa Bay Rays,spreads,1.5,BetMGM,Tampa Bay Rays +1.5,1.6200
2026-09-25T14:05:26+00:00,6e8b1f358bb5c3837f473e61ecb68650,Philadelphia Phillies vs Tampa Bay Rays,totals,6.5,FanDuel,Over +6.5,1.8500
2026-09-25T14:05:26+00:00,6e8b1f358bb5c3837f473e61ecb68650,Philadelphia Phillies vs Tampa Bay Rays,totals,6.5,FanDuel,Under +6.5,1.9600
2026-09-25T14:05:26+00:00,6e8b1f358bb5c3837f473e61ecb68650,Philadelphia Phillies vs Tampa Bay Rays,totals,6.5,BetOnline.ag,Over +6.5,1.8900
2026-09-25T14:05:26+00:00,6e8b1f358bb5c3837f473e61ecb68650,Philadelphia Phillies vs Tampa Bay Rays,totals,6.5,BetOnline.ag,Under +6.5,1.9300
2026-09-25T14:05:26+00:00,6e8b1f358bb5c3837f473e61ecb68650,Philadelphia Phillies vs Tampa Bay Rays,totals,6.5,LowVig.ag,Over +6.5,1.9200
2026-09-25T14:05:26+00:00,6e8b1f358bb5c3837f473e61ecb68650,Philadelphia Phillies vs Tampa Bay Rays,totals,6.5,LowVig.ag,Under +6.5,1.9500
2026-09-25T14:05:26+00:00,6e8b1f358bb5c3837f473e61ecb68650,Philadelphia Phillies vs Tampa Bay Rays,totals,6.5,MyBookie.ag,Over +6.5,1.8600
2026-09-25T14:05:26+00:00,6e8b1f358bb5c3837f473e61ecb68650,Philadelphia Phillies vs Tampa Bay Rays,totals,6.5,MyBookie.ag,Under +6.5,1.9400
2026-09-25T14:05:26+00:00,6e8b1f358bb5c3837f473e61ecb68650,Philadelphia Phillies vs Tampa Bay Rays,totals,6.5,DraftKings,Over +6.5,1.8800
2026-09-25T14:05:26+00:00,6e8b1f358bb5c3837f473e61ecb68650,Philadelphia Phillies vs Tampa Bay Rays,totals,6.5,DraftKings,Under +6.5,1.9500
2026-09-25T14:05:26+00:00,6e8b1f358bb5c3837f473e61ecb68650,Philadelphia Phillies vs Tampa Bay Rays,totals,6.5,Bovada,Over +6.5,1.8300
2026-09-25T14:05:26+00:00,6e8b1f358bb5c3837f473e61ecb68650,Philadelphia Phillies vs Tampa Bay Rays,totals,6.5,Bovada,Under +6.5,2.0000
2026-09-25T14:05:26+00:00,6e8b1f358bb5c3837f473e61ecb68650,Philadelphia Phillies vs Tampa Bay Rays,totals,6.5,BetUS,Over +6.5,1.8700
2026-09-25T14:05:26+00:00,6e8b1f358bb5c3837f473e61ecb68650,Philadelphia Phillies vs Tampa Bay Rays,totals,6.5,BetUS,Under +6.5,1.9500
2026-09-25T14:05:26+00:00,6e8b1f358bb5c3837f473e61ecb68650,Philadelphia Phillies vs Tampa Bay Rays,totals,6.5,BetRivers,Over +6.5,1.8300
2026-09-25T14:05:26+00:00,6e8b1f358bb5c3837f473e61ecb68650,Philadelphia Phillies vs Tampa Bay Rays,totals,6.5,BetRivers,Under +6.5,1.9700
2026-09-25T14:05:26+00:00,6e8b1f358bb5c3837f473e61ecb68650,Philadelphia Phillies vs Tampa Bay Rays,totals,6.5,BetMGM,Over +6.5,1.8500
2026-09-25T14:05:26+00:00,6e8b1f358bb5c3837f473e61ecb68650,Philadelphia Phillies vs Tampa Bay Rays,totals,6.5,BetMGM,Under +6.5,1.9800
2026-09-25T14:05:26+00:00,80d706190519a0e4956a64e84e72ed94,Washington Nationals vs New York Mets,h2h,,FanDuel,New York Mets,1.7500
2026-09-25T14:05:26+00:00,80d706190519a0e4956a64e84e72ed94,Washington Nationals vs New York Mets,h2h,,FanDuel,Washington Nationals,2.1400
2026-09-25T14:05:26+00:00,80d706190519a0e4956a64e84e72ed94,Washington Nationals vs New York Mets,h2h,,MyBookie.ag,New York Mets,1.7500
2026-09-25T14:05:26+00:00,80d706190519a0e4956a64e84e72ed94,Washington Nationals vs New York Mets,h2h,,MyBookie.ag,Washington Nationals,2.1400
2026-09-25T14:05:26+00:00,80d706190519a0e4956a64e84e72ed94,Washington Nationals vs New York Mets,h2h,,DraftKings,New York Mets,1.7400
2026-09-25T14:05:26+00:00,80d706190519a0e4956a64e84e72ed94,Washington Nationals vs New York Mets,h2h,,DraftKings,Washington Nationals,2.1300
2026-09-25T14:05:26+00:00,80d706190519a0e4956a64e84e72ed94,Washington Nationals vs New York Mets,h2h,,Bovada,New York Mets,1.7400
2026-09-25T14:05:26+00:00,80d706190519a0e4956a64e84e72ed94,Washington Nationals vs New York Mets,h2h,,Bovada,Washington Nationals,2.1300
2026-09-25T14:05:26+00:00,80d706190519a0e4956a64e84e72ed94,Washington Nationals vs New York Mets,h2h,,BetMGM,New York Mets,1.7100
2026-09-25T14:05:26+00:00,80d706190519a0e4956a64e84e72ed94,Washington Nationals vs New York Mets,h2h,,BetMGM,Washington Nationals,2.1500
2026-09-25T14:05:26+00:00,80d706190519a0e4956a64e84e72ed94,Washington Nationals vs New York Mets,h2h,,BetRivers,New York Mets,1.7200
2026-09-25T14:05:26+00:00,80d706190519a0e4956a64e84e72ed94,Washington Nationals vs New York Mets,h2h,,BetRivers,Washington Nationals,2.1600
2026-09-25T14:05:26+00:00,80d706190519a0e4956a64e84e72ed94,Washington Nationals vs New York Mets,h2h,,BetUS,New York Mets,1.7700
2026-09-25T14:05:26+00:00,80d706190519a0e4956a64e84e72ed94,Washington Nationals vs New York Mets,h2h,,BetUS,Washington Nationals,2.1800
2026-09-25T14:05:26+00:00,80d706190519a0e4956a64e84e72ed94,Washington Nationals vs New York Mets,spreads,-1.5,FanDuel,New York Mets -1.5,2.2800
2026-09-25T14:05:26+00:00,80d706190519a0e4956a64e84e72ed94,Washington Nationals vs New York Mets,spreads,1.5,FanDuel,Washington Nationals +1.5,1.6500
2026-09-25T14:05:26+00:00,80d706190519a0e4956a64e84e72ed94,Washington Nationals vs New York Mets,spreads,-1.5,MyBookie.ag,New York Mets -1.5,2.2700
2026-09-25T14:05:26+00:00,80d706190519a0e4956a64e84e72ed94,Washington Nationals vs New York Mets,spreads,1.5,MyBookie.ag,Washington Nationals +1.5,1.6700
2026-09-25T14:05:26+00:00,80d706190519a0e4956a64e84e72ed94,Washington Nationals vs New York Mets,spreads,-1.5,DraftKings,New York Mets -1.5,2.1900
2026-09-25T14:05:26+00:00,80d706190519a0e4956a64e84e72ed94,Washington Nationals vs New York Mets,spreads,1.5,DraftKings,Washington Nationals +1.5,1.6900
2026-09-25T14:05:26+00:00,80d706190519a0e4956a64e84e72ed94,Washington Nationals vs New York Mets,spreads,-1.5,Bovada,New York Mets -1.5,2.3000
2026-09-25T14:05:26+00:00,80d706190519a0e4956a64e84e72ed94,Washington Nationals vs New York Mets,spreads,1.5,Bovada,Washington Nationals +1.5,1.6700
2026-09-25T14:05:26+00:00,80d706190519a0e4956a64e84e72ed94,Washington Nationals vs New York Mets,spreads,-1.5,BetMGM,New York Mets -1.5,2.2500
2026-09-25T14:05:26+00:00,80d706190519a0e4956a64e84e72ed94,Washington Nationals vs New York Mets,spreads,1.5,BetMGM,Washington Nationals +1.5,1.6500
2026-09-25T14:05:26+00:00,80d706190519a0e4956a64e84e72ed94,Washington Nationals vs New York Mets,spreads,-1.5,BetRivers,New York Mets -1.5,2.1200
2026-09-25T14:05:26+00:00,80d706190519a0e4956a64e84e72ed94,Washington Nationals vs New York Mets,spreads,1.5,BetRivers,Washington Nationals +1.5,1.7400
2026-09-25T14:05:26+00:00,80d706190519a0e4956a64e84e72ed94,Washington Nationals vs New York Mets,spreads,-1.5,BetUS,New York Mets -1.5,2.3000
2026-09-25T14:05:26+00:00,80d706190519a0e4956a64e84e72ed94,Washington Nationals vs New York Mets,spreads,1.5,BetUS,Washington Nationals +1.5,1.6700
2026-09-25T14:05:26+00:00,80d706190519a0e4956a64e84e72ed94,Washington Nationals vs New York Mets,totals,8.5,FanDuel,Over +8.5,2.0400
2026-09-25T14:05:26+00:00,80d706190519a0e4956a64e84e72ed94,Washington Nationals vs New York Mets,totals,8.5,FanDuel,Under +8.5,1.7800
2026-09-25T14:05:26+00:00,80d706190519a0e4956a64e84e72ed94,Washington Nationals vs New York Mets,totals,8.0,MyBookie.ag,Over +8,1.9300
2026-09-25T14:05:26+00:00,80d706190519a0e4956a64e84e72ed94,Washington Nationals vs New York Mets,totals,8.0,MyBookie.ag,Under +8,1.8800
2026-09-25T14:05:26+00:00,80d706190519a0e4956a64e84e72ed94,Washington Nationals vs New York Mets,totals,8.0,DraftKings,Over +8,1.9500
2026-09-25T14:05:26+00:00,80d706190519a0e4956a64e84e72ed94,Washington Nationals vs New York Mets,totals,8.0,DraftKings,Under +8,1.8700
2026-09-25T14:05:26+00:00,80d706190519a0e4956a64e84e72ed94,Washington Nationals vs New York Mets,totals,8.5,Bovada,Over +8.5,2.1000
2026-09-25T14:05:26+00:00,80d706190519a0e4956a64e84e72ed94,Washington Nationals vs New York Mets,totals,8.5,Bovada,Under +8.5,1.7700
2026-09-25T14:05:26+00:00,80d706190519a0e4956a64e84e72ed94,Washington Nationals vs New York Mets,totals,8.0,BetMGM,Over +8,1.9100
2026-09-25T14:05:26+00:00,80d706190519a0e4956a64e84e72ed94,Washington Nationals vs New York Mets,totals,8.0,BetMGM,Under +8,1.9100
2026-09-25T14:05:26+00:00,80d706190519a0e4956a64e84e72ed94,Washington Nationals vs New York Mets,totals,8.0,BetRivers,Over +8,1.8300
2026-09-25T14:05:26+00:00,80d706190519a0e4956a64e84e72ed94,Washington Nationals vs New York Mets,totals,8.0,BetRivers,Under +8,1.8300
2026-09-25T14:05:26+00:00,80d706190519a0e4956a64e84e72ed94,Washington Nationals vs New York Mets,totals,8.0,BetUS,Over +8,1.9500
2026-09-25T14:05:26+00:00,80d706190519a0e4956a64e84e72ed94,Washington Nationals vs New York Mets,totals,8.0,BetUS,Under +8,1.8700
2026-09-25T14:05:26+00:00,3fe14d478bc1ffac17198c460085ca70,New York Yankees vs Baltimore Orioles,h2h,,FanDuel,Baltimore Orioles,2.1600
2026-09-25T14:05:26+00:00,3fe14d478bc1ffac17198c460085ca70,New York Yankees vs Baltimore Orioles,h2h,,FanDuel,New York Yankees,1.7400
2026-09-25T14:05:26+00:00,3fe14d478bc1ffac17198c460085ca70,New York Yankees vs Baltimore Orioles,h2h,,MyBookie.ag,Baltimore Orioles,2.1300
2026-09-25T14:05:26+00:00,3fe14d478bc1ffac17198c460085ca70,New York Yankees vs Baltimore Orioles,h2h,,MyBookie.ag,New York Yankees,1.7500
2026-09-25T14:05:26+00:00,3fe14d478bc1ffac17198c460085ca70,New York Yankees vs Baltimore Orioles,h2h,,BetRivers,Baltimore Orioles,2.1800
2026-09-25T14:05:26+00:00,3fe14d478bc1ffac17198c460085ca70,New York Yankees vs Baltimore Orioles,h2h,,BetRivers,New York Yankees,1.7100
2026-09-25T14:05:26+00:00,3fe14d478bc1ffac17198c460085ca70,New York Yankees vs Baltimore Orioles,h2h,,DraftKings,Baltimore Orioles,2.1300
2026-09-25T14:05:26+00:00,3fe14d478bc1ffac17198c460085ca70,New York Yankees vs Baltimore Orioles,h2h,,DraftKings,New York Yankees,1.7300
2026-09-25T14:05:26+00:00,3fe14d478bc1ffac17198c460085ca70,New York Yankees vs Baltimore Orioles,h2h,,Bovada,Baltimore Orioles,2.1500
2026-09-25T14:05:26+00:00,3fe14d478bc1ffac17198c460085ca70,New York Yankees vs Baltimore Orioles,h2h,,Bovada,New York Yankees,1.7200
2026-09-25T14:05:26+00:00,3fe14d478bc1ffac17198c460085ca70,New York Yankees vs Baltimore Orioles,h2h,,BetMGM,Baltimore Orioles,2.1500
2026-09-25T14:05:26+00:00,3fe14d478bc1ffac17198c460085ca70,New York Yankees vs Baltimore Orioles,h2h,,BetMGM,New York Yankees,1.7100
2026-09-25T14:05:26+00:00,3fe14d478bc1ffac17198c460085ca70,New York Yankees vs Baltimore Orioles,h2h,,BetUS,Baltimore Orioles,2.2100
2026-09-25T14:05:26+00:00,3fe14d478bc1ffac17198c460085ca70,New York Yankees vs Baltimore Orioles,h2h,,BetUS,New York Yankees,1.7500
2026-09-25T14:05:26+00:00,3fe14d478bc1ffac17198c460085ca70,New York Yankees vs Baltimore Orioles,spreads,1.5,FanDuel,Baltimore Orioles +1.5,1.4400
2026-09-25T14:05:26+00:00,3fe14d478bc1ffac17198c460085ca70,New York Yankees vs Baltimore Orioles,spreads,-1.5,FanDuel,New York Yankees -1.5,2.8400
2026-09-25T14:05:26+00:00,3fe14d478bc1ffac17198c460085ca70,New York Yankees vs Baltimore Orioles,spreads,1.5,MyBookie.ag,Baltimore Orioles +1.5,1.4600
2026-09-25T14:05:26+00:00,3fe14d478bc1ffac17198c460085ca70,New York Yankees vs Baltimore Orioles,spreads,-1.5,MyBookie.ag,New York Yankees -1.5,2.8100
2026-09-25T14:05:26+00:00,3fe14d478bc1ffac17198c460085ca70,New York Yankees vs Baltimore Orioles,spreads,1.5,BetRivers,Baltimore Orioles +1.5,1.5000
2026-09-25T14:05:26+00:00,3fe14d478bc1ffac17198c460085ca70,New York Yankees vs Baltimore Orioles,spreads,-1.5,BetRivers,New York Yankees -1.5,2.6000
2026-09-25T14:05:26+00:00,3fe14d478bc1ffac17198c460085ca70,New York Yankees vs Baltimore Orioles,spreads,1.5,DraftKings,Baltimore Orioles +1.5,1.5000
2026-09-25T14:05:26+00:00,3fe14d478bc1ffac17198c460085ca70,New York Yankees vs Baltimore Orioles,spreads,-1.5,DraftKings,New York Yankees -1.5,2.6300
2026-09-25T14:05:26+00:00,3fe14d478bc1ffac17198c460085ca70,New York Yankees vs Baltimore Orioles,spreads,1.5,Bovada,Baltimore Orioles +1.5,1.4400
2026-09-25T14:05:26+00:00,3fe14d478bc1ffac17198c460085ca70,New York Yankees vs Baltimore Orioles,spreads,-1.5,Bovada,New York Yankees -1.5,2.8500
2026-09-25T14:05:26+00:00,3fe14d478bc1ffac17198c460085ca70,New York Yankees vs Baltimore Orioles,spreads,1.5,BetMGM,Baltimore Orioles +1.5,1.5000
2026-09-25T14:05:26+00:00,3fe14d478bc1ffac17198c460085ca70,New York Yankees vs Baltimore Orioles,spreads,-1.5,BetMGM,New York Yankees -1.5,2.6500
2026-09-25T14:05:26+00:00,3fe14d478bc1ffac17198c460085ca70,New York Yankees vs Baltimore Orioles,spreads,1.5,BetUS,Baltimore Orioles +1.5,1.5200
2026-09-25T14:05:26+00:00,3fe14d478bc1ffac17198c460085ca70,New York Yankees vs Baltimore Orioles,spreads,-1.5,BetUS,New York Yankees -1.5,2.6600
2026-09-25T14:05:26+00:00,3fe14d478bc1ffac17198c460085ca70,New York Yankees vs Baltimore Orioles,totals,6.5,FanDuel,Over +6.5,1.8500
2026-09-25T14:05:26+00:00,3fe14d478bc1ffac17198c460085ca70,New York Yankees vs Baltimore Orioles,totals,6.5,FanDuel,Under +6.5,1.9600
2026-09-25T14:05:26+00:00,3fe14d478bc1ffac17198c460085ca70,New York Yankees vs Baltimore Orioles,totals,6.5,MyBookie.ag,Over +6.5,1.8800
2026-09-25T14:05:26+00:00,3fe14d478bc1ffac17198c460085ca70,New York Yankees vs Baltimore Orioles,totals,6.5,MyBookie.ag,Under +6.5,1.9300
2026-09-25T14:05:26+00:00,3fe14d478bc1ffac17198c460085ca70,New York Yankees vs Baltimore Orioles,totals,6.5,BetRivers,Over +6.5,1.7800
2026-09-25T14:05:26+00:00,3fe14d478bc1ffac17198c460085ca70,New York Yankees vs Baltimore Orioles,totals,6.5,BetRivers,Under +6.5,2.0600
2026-09-25T14:05:26+00:00,3fe14d478bc1ffac17198c460085ca70,New York Yankees vs Baltimore Orioles,totals,6.5,DraftKings,Over +6.5,1.8900
2026-09-25T14:05:26+00:00,3fe14d478bc1ffac17198c460085ca70,New York Yankees vs Baltimore Orioles,totals,6.5,DraftKings,Under +6.5,1.9300
2026-09-25T14:05:26+00:00,3fe14d478bc1ffac17198c460085ca70,New York Yankees vs Baltimore Orioles,totals,6.5,Bovada,Over +6.5,1.8300
2026-09-25T14:05:26+00:00,3fe14d478bc1ffac17198c460085ca70,New York Yankees vs Baltimore Orioles,totals,6.5,Bovada,Under +6.5,2.0000
2026-09-25T14:05:26+00:00,3fe14d478bc1ffac17198c460085ca70,New York Yankees vs Baltimore Orioles,totals,6.5,BetMGM,Over +6.5,1.8700
2026-09-25T14:05:26+00:00,3fe14d478bc1ffac17198c460085ca70,New York Yankees vs Baltimore Orioles,totals,6.5,BetMGM,Under +6.5,1.9500
2026-09-25T14:05:26+00:00,3fe14d478bc1ffac17198c460085ca70,New York Yankees vs Baltimore Orioles,totals,6.5,BetUS,Over +6.5,1.8700
2026-09-25T14:05:26+00:00,3fe14d478bc1ffac17198c460085ca70,New York Yankees vs Baltimore Orioles,totals,6.5,BetUS,Under +6.5,1.9500
2026-09-25T14:05:26+00:00,890be5ce6e3ea3d7c6f0b76bd9a0e45a,Toronto Blue Jays vs Cincinnati Reds,h2h,,FanDuel,Cincinnati Reds,2.2000
2026-09-25T14:05:26+00:00,890be5ce6e3ea3d7c6f0b76bd9a0e45a,Toronto Blue Jays vs Cincinnati Reds,h2h,,FanDuel,Toronto Blue Jays,1.7000
2026-09-25T14:05:26+00:00,890be5ce6e3ea3d7c6f0b76bd9a0e45a,Toronto Blue Jays vs Cincinnati Reds,h2h,,MyBookie.ag,Cincinnati Reds,2.1600
2026-09-25T14:05:26+00:00,890be5ce6e3ea3d7c6f0b76bd9a0e45a,Toronto Blue Jays vs Cincinnati Reds,h2h,,MyBookie.ag,Toronto Blue Jays,1.7400
2026-09-25T14:05:26+00:00,890be5ce6e3ea3d7c6f0b76bd9a0e45a,Toronto Blue Jays vs Cincinnati Reds,h2h,,DraftKings,Cincinnati Reds,2.1300
2026-09-25T14:05:26+00:00,890be5ce6e3ea3d7c6f0b76bd9a0e45a,Toronto Blue Jays vs Cincinnati Reds,h2h,,DraftKings,Toronto Blue Jays,1.7400
2026-09-25T14:05:26+00:00,890be5ce6e3ea3d7c6f0b76bd9a0e45a,Toronto Blue Jays vs Cincinnati Reds,h2h,,Bovada,Cincinnati Reds,2.1900
2026-09-25T14:05:26+00:00,890be5ce6e3ea3d7c6f0b76bd9a0e45a,Toronto Blue Jays vs Cincinnati Reds,h2h,,Bovada,Toronto Blue Jays,1.7000
2026-09-25T14:05:26+00:00,890be5ce6e3ea3d7c6f0b76bd9a0e45a,Toronto Blue Jays vs Cincinnati Reds,h2h,,BetMGM,Cincinnati Reds,2.1500
2026-09-25T14:05:26+00:00,890be5ce6e3ea3d7c6f0b76bd9a0e45a,Toronto Blue Jays vs Cincinnati Reds,h2h,,BetMGM,Toronto Blue Jays,1.7100
2026-09-25T14:05:26+00:00,890be5ce6e3ea3d7c6f0b76bd9a0e45a,Toronto Blue Jays vs Cincinnati Reds,h2h,,BetRivers,Cincinnati Reds,2.1000
2026-09-25T14:05:26+00:00,890be5ce6e3ea3d7c6f0b76bd9a0e45a,Toronto Blue Jays vs Cincinnati Reds,h2h,,BetRivers,Toronto Blue Jays,1.7600
2026-09-25T14:05:26+00:00,890be5ce6e3ea3d7c6f0b76bd9a0e45a,Toronto Blue Jays vs Cincinnati Reds,h2h,,BetUS,Cincinnati Reds,2.2200
2026-09-25T14:05:26+00:00,890be5ce6e3ea3d7c6f0b76bd9a0e45a,Toronto Blue Jays vs Cincinnati Reds,h2h,,BetUS,Toronto Blue Jays,1.7400
2026-09-25T14:05:26+00:00,890be5ce6e3ea3d7c6f0b76bd9a0e45a,Toronto Blue Jays vs Cincinnati Reds,spreads,1.5,FanDuel,Cincinnati Reds +1.5,1.5200
2026-09-25T14:05:26+00:00,890be5ce6e3ea3d7c6f0b76bd9a0e45a,Toronto Blue Jays vs Cincinnati Reds,spreads,-1.5,FanDuel,Toronto Blue Jays -1.5,2.5800
2026-09-25T14:05:26+00:00,890be5ce6e3ea3d7c6f0b76bd9a0e45a,Toronto Blue Jays vs Cincinnati Reds,spreads,1.5,MyBookie.ag,Cincinnati Reds +1.5,1.5200
2026-09-25T14:05:26+00:00,890be5ce6e3ea3d7c6f0b76bd9a0e45a,Toronto Blue Jays vs Cincinnati Reds,spreads,-1.5,MyBookie.ag,Toronto Blue Jays -1.5,2.6100
2026-09-25T14:05:26+00:00,890be5ce6e3ea3d7c6f0b76bd9a0e45a,Toronto Blue Jays vs Cincinnati Reds,spreads,1.5,DraftKings,Cincinnati Reds +1.5,1.5200
2026-09-25T14:05:26+00:00,890be5ce6e3ea3d7c6f0b76bd9a0e45a,Toronto Blue Jays vs Cincinnati Reds,spreads,-1.5,DraftKings,Toronto Blue Jays -1.5,2.5900
2026-09-25T14:05:26+00:00,890be5ce6e3ea3d7c6f0b76bd9a0e45a,Toronto Blue Jays vs Cincinnati Reds,spreads,1.5,Bovada,Cincinnati Reds +1.5,1.5400
2026-09-25T14:05:26+00:00,890be5ce6e3ea3d7c6f0b76bd9a0e45a,Toronto Blue Jays vs Cincinnati Reds,spreads,-1.5,Bovada,Toronto Blue Jays -1.5,2.6000
2026-09-25T14:05:26+00:00,890be5ce6e3ea3d7c6f0b76bd9a0e45a,Toronto Blue Jays vs Cincinnati Reds,spreads,1.5,BetMGM,Cincinnati Reds +1.5,1.5300
2026-09-25T14:05:26+00:00,890be5ce6e3ea3d7c6f0b76bd9a0e45a,Toronto Blue Jays vs Cincinnati Reds,spreads,-1.5,BetMGM,Toronto Blue Jays -1.5,2.5500
2026-09-25T14:05:26+00:00,890be5ce6e3ea3d7c6f0b76bd9a0e45a,Toronto Blue Jays vs Cincinnati Reds,spreads,1.5,BetRivers,Cincinnati Reds +1.5,1.6200
2026-09-25T14:05:26+00:00,890be5ce6e3ea3d7c6f0b76bd9a0e45a,Toronto Blue Jays vs Cincinnati Reds,spreads,-1.5,BetRivers,Toronto Blue Jays -1.5,2.3200
2026-09-25T14:05:26+00:00,890be5ce6e3ea3d7c6f0b76bd9a0e45a,Toronto Blue Jays vs Cincinnati Reds,spreads,1.5,BetUS,Cincinnati Reds +1.5,1.5400
2026-09-25T14:05:26+00:00,890be5ce6e3ea3d7c6f0b76bd9a0e45a,Toronto Blue Jays vs Cincinnati Reds,spreads,-1.5,BetUS,Toronto Blue Jays -1.5,2.6000
2026-09-25T14:05:26+00:00,890be5ce6e3ea3d7c6f0b76bd9a0e45a,Toronto Blue Jays vs Cincinnati Reds,totals,7.5,FanDuel,Over +7.5,1.8500
2026-09-25T14:05:26+00:00,890be5ce6e3ea3d7c6f0b76bd9a0e45a,Toronto Blue Jays vs Cincinnati Reds,totals,7.5,FanDuel,Under +7.5,1.9600
2026-09-25T14:05:26+00:00,890be5ce6e3ea3d7c6f0b76bd9a0e45a,Toronto Blue Jays vs Cincinnati Reds,totals,7.5,MyBookie.ag,Over +7.5,1.8500
2026-09-25T14:05:26+00:00,890be5ce6e3ea3d7c6f0b76bd9a0e45a,Toronto Blue Jays vs Cincinnati Reds,totals,7.5,MyBookie.ag,Under +7.5,1.9600
2026-09-25T14:05:26+00:00,890be5ce6e3ea3d7c6f0b76bd9a0e45a,Toronto Blue Jays vs Cincinnati Reds,totals,7.5,DraftKings,Over +7.5,1.8700
2026-09-25T14:05:26+00:00,890be5ce6e3ea3d7c6f0b76bd9a0e45a,Toronto Blue Jays vs Cincinnati Reds,totals,7.5,DraftKings,Under +7.5,1.9500
2026-09-25T14:05:26+00:00,890be5ce6e3ea3d7c6f0b76bd9a0e45a,Toronto Blue Jays vs Cincinnati Reds,totals,7.5,Bovada,Over +7.5,1.8700
2026-09-25T14:05:26+00:00,890be5ce6e3ea3d7c6f0b76bd9a0e45a,Toronto Blue Jays vs Cincinnati Reds,totals,7.5,Bovada,Under +7.5,1.9500
2026-09-25T14:05:26+00:00,890be5ce6e3ea3d7c6f0b76bd9a0e45a,Toronto Blue Jays vs Cincinnati Reds,totals,7.5,BetMGM,Over +7.5,1.8700
2026-09-25T14:05:26+00:00,890be5ce6e3ea3d7c6f0b76bd9a0e45a,Toronto Blue Jays vs Cincinnati Reds,totals,7.5,BetMGM,Under +7.5,1.9500
2026-09-25T14:05:26+00:00,890be5ce6e3ea3d7c6f0b76bd9a0e45a,Toronto Blue Jays vs Cincinnati Reds,totals,7.5,BetRivers,Over +7.5,1.8900
2026-09-25T14:05:26+00:00,890be5ce6e3ea3d7c6f0b76bd9a0e45a,Toronto Blue Jays vs Cincinnati Reds,totals,7.5,BetRivers,Under +7.5,1.9200
2026-09-25T14:05:26+00:00,890be5ce6e3ea3d7c6f0b76bd9a0e45a,Toronto Blue Jays vs Cincinnati Reds,totals,7.5,BetUS,Over +7.5,1.8700
2026-09-25T14:05:26+00:00,890be5ce6e3ea3d7c6f0b76bd9a0e45a,Toronto Blue Jays vs Cincinnati Reds,totals,7.5,BetUS,Under +7.5,1.9500
2026-09-25T14:05:26+00:00,2d3d378044cc538b0a3d77acaacd15a1,Miami Marlins vs Atlanta Braves,h2h,,FanDuel,Atlanta Braves,1.8100
2026-09-25T14:05:26+00:00,2d3d378044cc538b0a3d77acaacd15a1,Miami Marlins vs Atlanta Braves,h2h,,FanDuel,Miami Marlins,2.0600
2026-09-25T14:05:26+00:00,2d3d378044cc538b0a3d77acaacd15a1,Miami Marlins vs Atlanta Braves,h2h,,MyBookie.ag,Atlanta Braves,1.8100
2026-09-25T14:05:26+00:00,2d3d378044cc538b0a3d77acaacd15a1,Miami Marlins vs Atlanta Braves,h2h,,MyBookie.ag,Miami Marlins,2.0400
2026-09-25T14:05:26+00:00,2d3d378044cc538b0a3d77acaacd15a1,Miami Marlins vs Atlanta Braves,h2h,,DraftKings,Atlanta Braves,1.8000
2026-09-25T14:05:26+00:00,2d3d378044cc538b0a3d77acaacd15a1,Miami Marlins vs Atlanta Braves,h2h,,DraftKings,Miami Marlins,2.0400
2026-09-25T14:05:26+00:00,2d3d378044cc538b0a3d77acaacd15a1,Miami Marlins vs Atlanta Braves,h2h,,Bovada,Atlanta Braves,1.7900
2026-09-25T14:05:26+00:00,2d3d378044cc538b0a3d77acaacd15a1,Miami Marlins vs Atlanta Braves,h2h,,Bovada,Miami Marlins,2.0600
2026-09-25T14:05:26+00:00,2d3d378044cc538b0a3d77acaacd15a1,Miami Marlins vs Atlanta Braves,h2h,,BetMGM,Atlanta Braves,1.8000
2026-09-25T14:05:26+00:00,2d3d378044cc538b0a3d77acaacd15a1,Miami Marlins vs Atlanta Braves,h2h,,BetMGM,Miami Marlins,2.0500
2026-09-25T14:05:26+00:00,2d3d378044cc538b0a3d77acaacd15a1,Miami Marlins vs Atlanta Braves,h2h,,BetRivers,Atlanta Braves,1.8200
2026-09-25T14:05:26+00:00,2d3d378044cc538b0a3d77acaacd15a1,Miami Marlins vs Atlanta Braves,h2h,,BetRivers,Miami Marlins,2.0200
2026-09-25T14:05:26+00:00,2d3d378044cc538b0a3d77acaacd15a1,Miami Marlins vs Atlanta Braves,h2h,,BetUS,Atlanta Braves,1.8200
2026-09-25T14:05:26+00:00,2d3d378044cc538b0a3d77acaacd15a1,Miami Marlins vs Atlanta Braves,h2h,,BetUS,Miami Marlins,2.1100
2026-09-25T14:05:26+00:00,2d3d378044cc538b0a3d77acaacd15a1,Miami Marlins vs Atlanta Braves,spreads,-1.5,FanDuel,Atlanta Braves -1.5,2.4000
2026-09-25T14:05:26+00:00,2d3d378044cc538b0a3d77acaacd15a1,Miami Marlins vs Atlanta Braves,spreads,1.5,FanDuel,Miami Marlins +1.5,1.5900
2026-09-25T14:05:26+00:00,2d3d378044cc538b0a3d77acaacd15a1,Miami Marlins vs Atlanta Braves,spreads,-1.5,MyBookie.ag,Atlanta Braves -1.5,2.3800
2026-09-25T14:05:26+00:00,2d3d378044cc538b0a3d77acaacd15a1,Miami Marlins vs Atlanta Braves,spreads,1.5,MyBookie.ag,Miami Marlins +1.5,1.6100
2026-09-25T14:05:26+00:00,2d3d378044cc538b0a3d77acaacd15a1,Miami Marlins vs Atlanta Braves,spreads,-1.5,DraftKings,Atlanta Braves -1.5,2.3500
2026-09-25T14:05:26+00:00,2d3d378044cc538b0a3d77acaacd15a1,Miami Marlins vs Atlanta Braves,spreads,1.5,DraftKings,Miami Marlins +1.5,1.6100
2026-09-25T14:05:26+00:00,2d3d378044cc538b0a3d77acaacd15a1,Miami Marlins vs Atlanta Braves,spreads,-1.5,Bovada,Atlanta Braves -1.5,2.4000
2026-09-25T14:05:26+00:00,2d3d378044cc538b0a3d77acaacd15a1,Miami Marlins vs Atlanta Braves,spreads,1.5,Bovada,Miami Marlins +1.5,1.6100
2026-09-25T14:05:26+00:00,2d3d378044cc538b0a3d77acaacd15a1,Miami Marlins vs Atlanta Braves,spreads,-1.5,BetMGM,Atlanta Braves -1.5,2.3500
2026-09-25T14:05:26+00:00,2d3d378044cc538b0a3d77acaacd15a1,Miami Marlins vs Atlanta Braves,spreads,1.5,BetMGM,Miami Marlins +1.5,1.6100
2026-09-25T14:05:26+00:00,2d3d378044cc538b0a3d77acaacd15a1,Miami Marlins vs Atlanta Braves,spreads,-1.5,BetRivers,Atlanta Braves -1.5,2.3500
2026-09-25T14:05:26+00:00,2d3d378044cc538b0a3d77acaacd15a1,Miami Marlins vs Atlanta Braves,spreads,1.5,BetRivers,Miami Marlins +1.5,1.6100
2026-09-25T14:05:26+00:00,2d3d378044cc538b0a3d77acaacd15a1,Miami Marlins vs Atlanta Braves,spreads,-1.5,BetUS,Atlanta Braves -1.5,2.4400
2026-09-25T14:05:26+00:00,2d3d378044cc538b0a3d77acaacd15a1,Miami Marlins vs Atlanta Braves,spreads,1.5,BetUS,Miami Marlins +1.5,1.6100
2026-09-25T14:05:26+00:00,2d3d378044cc538b0a3d77acaacd15a1,Miami Marlins vs Atlanta Braves,totals,8.5,FanDuel,Over +8.5,2.0400
2026-09-25T14:05:26+00:00,2d3d378044cc538b0a3d77acaacd15a1,Miami Marlins vs Atlanta Braves,totals,8.5,FanDuel,Under +8.5,1.7800
2026-09-25T14:05:26+00:00,2d3d378044cc538b0a3d77acaacd15a1,Miami Marlins vs Atlanta Braves,totals,8.0,MyBookie.ag,Over +8,1.9000
2026-09-25T14:05:26+00:00,2d3d378044cc538b0a3d77acaacd15a1,Miami Marlins vs Atlanta Braves,totals,8.0,MyBookie.ag,Under +8,1.9100
2026-09-25T14:05:26+00:00,2d3d378044cc538b0a3d77acaacd15a1,Miami Marlins vs Atlanta Braves,totals,8.0,DraftKings,Over +8,1.9300
2026-09-25T14:05:26+00:00,2d3d378044cc538b0a3d77acaacd15a1,Miami Marlins vs Atlanta Braves,totals,8.0,DraftKings,Under +8,1.9000
2026-09-25T14:05:26+00:00,2d3d378044cc538b0a3d77acaacd15a1,Miami Marlins vs Atlanta Braves,totals,8.5,Bovada,Over +8.5,2.1000
2026-09-25T14:05:26+00:00,2d3d378044cc538b0a3d77acaacd15a1,Miami Marlins vs Atlanta Braves,totals,8.5,Bovada,Under +8.5,1.7700
2026-09-25T14:05:26+00:00,2d3d378044cc538b0a3d77acaacd15a1,Miami Marlins vs Atlanta Braves,totals,8.0,BetMGM,Over +8,1.9100
2026-09-25T14:05:26+00:00,2d3d378044cc538b0a3d77acaacd15a1,Miami Marlins vs Atlanta Braves,totals,8.0,BetMGM,Under +8,1.9100
2026-09-25T14:05:26+00:00,2d3d378044cc538b0a3d77acaacd15a1,Miami Marlins vs Atlanta Braves,totals,8.0,BetRivers,Over +8,1.7800
2026-09-25T14:05:26+00:00,2d3d378044cc538b0a3d77acaacd15a1,Miami Marlins vs Atlanta Braves,totals,8.0,BetRivers,Under +8,1.9100
2026-09-25T14:05:26+00:00,2d3d378044cc538b0a3d77acaacd15a1,Miami Marlins vs Atlanta Braves,totals,8.0,BetUS,Over +8,1.9500
2026-09-25T14:05:26+00:00,2d3d378044cc538b0a3d77acaacd15a1,Miami Marlins vs Atlanta Braves,totals,8.0,BetUS,Under +8,1.8700
2026-09-25T14:05:26+00:00,b6829a3017da7786aceea335c5c36bb3,Chicago White Sox vs Colorado Rockies,h2h,,DraftKings,Chicago White Sox,1.4200
2026-09-25T14:05:26+00:00,b6829a3017da7786aceea335c5c36bb3,Chicago White Sox vs Colorado Rockies,h2h,,DraftKings,Colorado Rockies,2.9300
2026-09-25T14:05:26+00:00,b6829a3017da7786aceea335c5c36bb3,Chicago White Sox vs Colorado Rockies,h2h,,LowVig.ag,Chicago White Sox,1.4400
2026-09-25T14:05:26+00:00,b6829a3017da7786aceea335c5c36bb3,Chicago White Sox vs Colorado Rockies,h2h,,LowVig.ag,Colorado Rockies,3.0100
2026-09-25T14:05:26+00:00,b6829a3017da7786aceea335c5c36bb3,Chicago White Sox vs Colorado Rockies,h2h,,BetOnline.ag,Chicago White Sox,1.4400
2026-09-25T14:05:26+00:00,b6829a3017da7786aceea335c5c36bb3,Chicago White Sox vs Colorado Rockies,h2h,,BetOnline.ag,Colorado Rockies,3.0100
2026-09-25T14:05:26+00:00,b6829a3017da7786aceea335c5c36bb3,Chicago White Sox vs Colorado Rockies,h2h,,MyBookie.ag,Chicago White Sox,1.4500
2026-09-25T14:05:26+00:00,b6829a3017da7786aceea335c5c36bb3,Chicago White Sox vs Colorado Rockies,h2h,,MyBookie.ag,Colorado Rockies,2.8700
2026-09-25T14:05:26+00:00,b6829a3017da7786aceea335c5c36bb3,Chicago White Sox vs Colorado Rockies,h2h,,FanDuel,Chicago White Sox,1.4300
2026-09-25T14:05:26+00:00,b6829a3017da7786aceea335c5c36bb3,Chicago White Sox vs Colorado Rockies,h2h,,FanDuel,Colorado Rockies,2.9400
2026-09-25T14:05:26+00:00,b6829a3017da7786aceea335c5c36bb3,Chicago White Sox vs Colorado Rockies,h2h,,BetUS,Chicago White Sox,1.4400
2026-09-25T14:05:26+00:00,b6829a3017da7786aceea335c5c36bb3,Chicago White Sox vs Colorado Rockies,h2h,,BetUS,Colorado Rockies,2.9400
2026-09-25T14:05:26+00:00,b6829a3017da7786aceea335c5c36bb3,Chicago White Sox vs Colorado Rockies,h2h,,Bovada,Chicago White Sox,1.4400
2026-09-25T14:05:26+00:00,b6829a3017da7786aceea335c5c36bb3,Chicago White Sox vs Colorado Rockies,h2h,,Bovada,Colorado Rockies,2.8500
2026-09-25T14:05:26+00:00,b6829a3017da7786aceea335c5c36bb3,Chicago White Sox vs Colorado Rockies,h2h,,BetMGM,Chicago White Sox,1.4300
2026-09-25T14:05:26+00:00,b6829a3017da7786aceea335c5c36bb3,Chicago White Sox vs Colorado Rockies,h2h,,BetMGM,Colorado Rockies,2.9000
2026-09-25T14:05:26+00:00,b6829a3017da7786aceea335c5c36bb3,Chicago White Sox vs Colorado Rockies,h2h,,BetRivers,Chicago White Sox,1.4700
2026-09-25T14:05:26+00:00,b6829a3017da7786aceea335c5c36bb3,Chicago White Sox vs Colorado Rockies,h2h,,BetRivers,Colorado Rockies,2.7500
2026-09-25T14:05:26+00:00,b6829a3017da7786aceea335c5c36bb3,Chicago White Sox vs Colorado Rockies,spreads,-1.5,DraftKings,Chicago White Sox -1.5,1.9300
2026-09-25T14:05:26+00:00,b6829a3017da7786aceea335c5c36bb3,Chicago White Sox vs Colorado Rockies,spreads,1.5,DraftKings,Colorado Rockies +1.5,1.8900
2026-09-25T14:05:26+00:00,b6829a3017da7786aceea335c5c36bb3,Chicago White Sox vs Colorado Rockies,spreads,-1.5,LowVig.ag,Chicago White Sox -1.5,1.9300
2026-09-25T14:05:26+00:00,b6829a3017da7786aceea335c5c36bb3,Chicago White Sox vs Colorado Rockies,spreads,1.5,LowVig.ag,Colorado Rockies +1.5,1.9300
2026-09-25T14:05:26+00:00,b6829a3017da7786aceea335c5c36bb3,Chicago White Sox vs Colorado Rockies,spreads,-1.5,BetOnline.ag,Chicago White Sox -1.5,1.9100
2026-09-25T14:05:26+00:00,b6829a3017da7786aceea335c5c36bb3,Chicago White Sox vs Colorado Rockies,spreads,1.5,BetOnline.ag,Colorado Rockies +1.5,1.9100
2026-09-25T14:05:26+00:00,b6829a3017da7786aceea335c5c36bb3,Chicago White Sox vs Colorado Rockies,spreads,-1.5,MyBookie.ag,Chicago White Sox -1.5,1.9800
2026-09-25T14:05:26+00:00,b6829a3017da7786aceea335c5c36bb3,Chicago White Sox vs Colorado Rockies,spreads,1.5,MyBookie.ag,Colorado Rockies +1.5,1.8800
2026-09-25T14:05:26+00:00,b6829a3017da7786aceea335c5c36bb3,Chicago White Sox vs Colorado Rockies,spreads,-1.5,FanDuel,Chicago White Sox -1.5,1.9100
2026-09-25T14:05:26+00:00,b6829a3017da7786aceea335c5c36bb3,Chicago White Sox vs Colorado Rockies,spreads,1.5,FanDuel,Colorado Rockies +1.5,1.9100
2026-09-25T14:05:26+00:00,b6829a3017da7786aceea335c5c36bb3,Chicago White Sox vs Colorado Rockies,spreads,-1.5,BetUS,Chicago White Sox -1.5,1.9100
2026-09-25T14:05:26+00:00,b6829a3017da7786aceea335c5c36bb3,Chicago White Sox vs Colorado Rockies,spreads,1.5,BetUS,Colorado Rockies +1.5,1.9100
2026-09-25T14:05:26+00:00,b6829a3017da7786aceea335c5c36bb3,Chicago White Sox vs Colorado Rockies,spreads,-1.5,Bovada,Chicago White Sox -1.5,1.9500
2026-09-25T14:05:26+00:00,b6829a3017da7786aceea335c5c36bb3,Chicago White Sox vs Colorado Rockies,spreads,1.5,Bovada,Colorado Rockies +1.5,1.8700
2026-09-25T14:05:26+00:00,b6829a3017da7786aceea335c5c36bb3,Chicago White Sox vs Colorado Rockies,spreads,-1.5,BetMGM,Chicago White Sox -1.5,1.9100
2026-09-25T14:05:26+00:00,b6829a3017da7786aceea335c5c36bb3,Chicago White Sox vs Colorado Rockies,spreads,1.5,BetMGM,Colorado Rockies +1.5,1.9100
2026-09-25T14:05:26+00:00,b6829a3017da7786aceea335c5c36bb3,Chicago White Sox vs Colorado Rockies,spreads,-1.5,BetRivers,Chicago White Sox -1.5,1.8200
2026-09-25T14:05:26+00:00,b6829a3017da7786aceea335c5c36bb3,Chicago White Sox vs Colorado Rockies,spreads,1.5,BetRivers,Colorado Rockies +1.5,2.0000
2026-09-25T14:05:26+00:00,b6829a3017da7786aceea335c5c36bb3,Chicago White Sox vs Colorado Rockies,totals,8.0,DraftKings,Over +8,1.9300
2026-09-25T14:05:26+00:00,b6829a3017da7786aceea335c5c36bb3,Chicago White Sox vs Colorado Rockies,totals,8.0,DraftKings,Under +8,1.8800
2026-09-25T14:05:26+00:00,b6829a3017da7786aceea335c5c36bb3,Chicago White Sox vs Colorado Rockies,totals,8.0,LowVig.ag,Over +8,1.9800
2026-09-25T14:05:26+00:00,b6829a3017da7786aceea335c5c36bb3,Chicago White Sox vs Colorado Rockies,totals,8.0,LowVig.ag,Under +8,1.8800
2026-09-25T14:05:26+00:00,b6829a3017da7786aceea335c5c36bb3,Chicago White Sox vs Colorado Rockies,totals,8.0,BetOnline.ag,Over +8,1.9500
2026-09-25T14:05:26+00:00,b6829a3017da7786aceea335c5c36bb3,Chicago White Sox vs Colorado Rockies,totals,8.0,BetOnline.ag,Under +8,1.8700
2026-09-25T14:05:26+00:00,b6829a3017da7786aceea335c5c36bb3,Chicago White Sox vs Colorado Rockies,totals,8.0,MyBookie.ag,Over +8,1.9300
2026-09-25T14:05:26+00:00,b6829a3017da7786aceea335c5c36bb3,Chicago White Sox vs Colorado Rockies,totals,8.0,MyBookie.ag,Under +8,1.8800
2026-09-25T14:05:26+00:00,b6829a3017da7786aceea335c5c36bb3,Chicago White Sox vs Colorado Rockies,totals,8.5,FanDuel,Over +8.5,2.0800
2026-09-25T14:05:26+00:00,b6829a3017da7786aceea335c5c36bb3,Chicago White Sox vs Colorado Rockies,totals,8.5,FanDuel,Under +8.5,1.7600
2026-09-25T14:05:26+00:00,b6829a3017da7786aceea335c5c36bb3,Chicago White Sox vs Colorado Rockies,totals,8.0,BetUS,Over +8,1.9500
2026-09-25T14:05:26+00:00,b6829a3017da7786aceea335c5c36bb3,Chicago White Sox vs Colorado Rockies,totals,8.0,BetUS,Under +8,1.8700
2026-09-25T14:05:26+00:00,b6829a3017da7786aceea335c5c36bb3,Chicago White Sox vs Colorado Rockies,totals,8.0,Bovada,Over +8,1.9100
2026-09-25T14:05:26+00:00,b6829a3017da7786aceea335c5c36bb3,Chicago White Sox vs Colorado Rockies,totals,8.0,Bovada,Under +8,1.9100
2026-09-25T14:05:26+00:00,b6829a3017da7786aceea335c5c36bb3,Chicago White Sox vs Colorado Rockies,totals,8.0,BetMGM,Over +8,1.9100
2026-09-25T14:05:26+00:00,b6829a3017da7786aceea335c5c36bb3,Chicago White Sox vs Colorado Rockies,totals,8.0,BetMGM,Under +8,1.9100
2026-09-25T14:05:26+00:00,b6829a3017da7786aceea335c5c36bb3,Chicago White Sox vs Colorado Rockies,totals,8.0,BetRivers,Over +8,1.8500
2026-09-25T14:05:26+00:00,b6829a3017da7786aceea335c5c36bb3,Chicago White Sox vs Colorado Rockies,totals,8.0,BetRivers,Under +8,1.8300
2026-09-25T14:05:26+00:00,7bd30076728c7fcf1f893c1d269a60af,Kansas City Royals vs Cleveland Guardians,h2h,,FanDuel,Cleveland Guardians,1.7000
2026-09-25T14:05:26+00:00,7bd30076728c7fcf1f893c1d269a60af,Kansas City Royals vs Cleveland Guardians,h2h,,FanDuel,Kansas City Royals,2.2000
2026-09-25T14:05:26+00:00,7bd30076728c7fcf1f893c1d269a60af,Kansas City Royals vs Cleveland Guardians,h2h,,MyBookie.ag,Cleveland Guardians,1.7400
2026-09-25T14:05:26+00:00,7bd30076728c7fcf1f893c1d269a60af,Kansas City Royals vs Cleveland Guardians,h2h,,MyBookie.ag,Kansas City Royals,2.1600
2026-09-25T14:05:26+00:00,7bd30076728c7fcf1f893c1d269a60af,Kansas City Royals vs Cleveland Guardians,h2h,,LowVig.ag,Cleveland Guardians,1.7400
2026-09-25T14:05:26+00:00,7bd30076728c7fcf1f893c1d269a60af,Kansas City Royals vs Cleveland Guardians,h2h,,LowVig.ag,Kansas City Royals,2.2200
2026-09-25T14:05:26+00:00,7bd30076728c7fcf1f893c1d269a60af,Kansas City Royals vs Cleveland Guardians,h2h,,BetOnline.ag,Cleveland Guardians,1.7400
2026-09-25T14:05:26+00:00,7bd30076728c7fcf1f893c1d269a60af,Kansas City Royals vs Cleveland Guardians,h2h,,BetOnline.ag,Kansas City Royals,2.2200
2026-09-25T14:05:26+00:00,7bd30076728c7fcf1f893c1d269a60af,Kansas City Royals vs Cleveland Guardians,h2h,,DraftKings,Cleveland Guardians,1.7300
2026-09-25T14:05:26+00:00,7bd30076728c7fcf1f893c1d269a60af,Kansas City Royals vs Cleveland Guardians,h2h,,DraftKings,Kansas City Royals,2.1400
2026-09-25T14:05:26+00:00,7bd30076728c7fcf1f893c1d269a60af,Kansas City Royals vs Cleveland Guardians,h2h,,Bovada,Cleveland Guardians,1.7100
2026-09-25T14:05:26+00:00,7bd30076728c7fcf1f893c1d269a60af,Kansas City Royals vs Cleveland Guardians,h2h,,Bovada,Kansas City Royals,2.1700
2026-09-25T14:05:26+00:00,7bd30076728c7fcf1f893c1d269a60af,Kansas City Royals vs Cleveland Guardians,h2h,,BetUS,Cleveland Guardians,1.7400
2026-09-25T14:05:26+00:00,7bd30076728c7fcf1f893c1d269a60af,Kansas City Royals vs Cleveland Guardians,h2h,,BetUS,Kansas City Royals,2.2200
2026-09-25T14:05:26+00:00,7bd30076728c7fcf1f893c1d269a60af,Kansas City Royals vs Cleveland Guardians,h2h,,BetMGM,Cleveland Guardians,1.7100
2026-09-25T14:05:26+00:00,7bd30076728c7fcf1f893c1d269a60af,Kansas City Royals vs Cleveland Guardians,h2h,,BetMGM,Kansas City Royals,2.1500
2026-09-25T14:05:26+00:00,7bd30076728c7fcf1f893c1d269a60af,Kansas City Royals vs Cleveland Guardians,h2h,,BetRivers,Cleveland Guardians,1.7800
2026-09-25T14:05:26+00:00,7bd30076728c7fcf1f893c1d269a60af,Kansas City Royals vs Cleveland Guardians,h2h,,BetRivers,Kansas City Royals,2.0800
2026-09-25T14:05:26+00:00,7bd30076728c7fcf1f893c1d269a60af,Kansas City Royals vs Cleveland Guardians,spreads,-1.5,FanDuel,Cleveland Guardians -1.5,2.1800
2026-09-25T14:05:26+00:00,7bd30076728c7fcf1f893c1d269a60af,Kansas City Royals vs Cleveland Guardians,spreads,1.5,FanDuel,Kansas City Royals +1.5,1.7000
2026-09-25T14:05:26+00:00,7bd30076728c7fcf1f893c1d269a60af,Kansas City Royals vs Cleveland Guardians,spreads,-1.5,MyBookie.ag,Cleveland Guardians -1.5,2.3000
2026-09-25T14:05:26+00:00,7bd30076728c7fcf1f893c1d269a60af,Kansas City Royals vs Cleveland Guardians,spreads,1.5,MyBookie.ag,Kansas City Royals +1.5,1.6500
2026-09-25T14:05:26+00:00,7bd30076728c7fcf1f893c1d269a60af,Kansas City Royals vs Cleveland Guardians,spreads,-1.5,LowVig.ag,Cleveland Guardians -1.5,2.2400
2026-09-25T14:05:26+00:00,7bd30076728c7fcf1f893c1d269a60af,Kansas City Royals vs Cleveland Guardians,spreads,1.5,LowVig.ag,Kansas City Royals +1.5,1.7100
2026-09-25T14:05:26+00:00,7bd30076728c7fcf1f893c1d269a60af,Kansas City Royals vs Cleveland Guardians,spreads,-1.5,BetOnline.ag,Cleveland Guardians -1.5,2.2200
2026-09-25T14:05:26+00:00,7bd30076728c7fcf1f893c1d269a60af,Kansas City Royals vs Cleveland Guardians,spreads,1.5,BetOnline.ag,Kansas City Royals +1.5,1.7000
2026-09-25T14:05:26+00:00,7bd30076728c7fcf1f893c1d269a60af,Kansas City Royals vs Cleveland Guardians,spreads,-1.5,DraftKings,Cleveland Guardians -1.5,2.2400
2026-09-25T14:05:26+00:00,7bd30076728c7fcf1f893c1d269a60af,Kansas City Royals vs Cleveland Guardians,spreads,1.5,DraftKings,Kansas City Royals +1.5,1.6700
2026-09-25T14:05:26+00:00,7bd30076728c7fcf1f893c1d269a60af,Kansas City Royals vs Cleveland Guardians,spreads,-1.5,Bovada,Cleveland Guardians -1.5,2.3000
2026-09-25T14:05:26+00:00,7bd30076728c7fcf1f893c1d269a60af,Kansas City Royals vs Cleveland Guardians,spreads,1.5,Bovada,Kansas City Royals +1.5,1.6700
2026-09-25T14:05:26+00:00,7bd30076728c7fcf1f893c1d269a60af,Kansas City Royals vs Cleveland Guardians,spreads,-1.5,BetUS,Cleveland Guardians -1.5,2.2000
2026-09-25T14:05:26+00:00,7bd30076728c7fcf1f893c1d269a60af,Kansas City Royals vs Cleveland Guardians,spreads,1.5,BetUS,Kansas City Royals +1.5,1.7100
2026-09-25T14:05:26+00:00,7bd30076728c7fcf1f893c1d269a60af,Kansas City Royals vs Cleveland Guardians,spreads,-1.5,BetMGM,Cleveland Guardians -1.5,2.2500
2026-09-25T14:05:26+00:00,7bd30076728c7fcf1f893c1d269a60af,Kansas City Royals vs Cleveland Guardians,spreads,1.5,BetMGM,Kansas City Royals +1.5,1.6500
2026-09-25T14:05:26+00:00,7bd30076728c7fcf1f893c1d269a60af,Kansas City Royals vs Cleveland Guardians,spreads,-1.5,BetRivers,Cleveland Guardians -1.5,2.2300
2026-09-25T14:05:26+00:00,7bd30076728c7fcf1f893c1d269a60af,Kansas City Royals vs Cleveland Guardians,spreads,1.5,BetRivers,Kansas City Royals +1.5,1.6700
2026-09-25T14:05:26+00:00,7bd30076728c7fcf1f893c1d269a60af,Kansas City Royals vs Cleveland Guardians,totals,7.5,FanDuel,Over +7.5,2.0600
2026-09-25T14:05:26+00:00,7bd30076728c7fcf1f893c1d269a60af,Kansas City Royals vs Cleveland Guardians,totals,7.5,FanDuel,Under +7.5,1.7700
2026-09-25T14:05:26+00:00,7bd30076728c7fcf1f893c1d269a60af,Kansas City Royals vs Cleveland Guardians,totals,7.0,MyBookie.ag,Over +7,1.8600
2026-09-25T14:05:26+00:00,7bd30076728c7fcf1f893c1d269a60af,Kansas City Royals vs Cleveland Guardians,totals,7.0,MyBookie.ag,Under +7,1.9500
2026-09-25T14:05:26+00:00,7bd30076728c7fcf1f893c1d269a60af,Kansas City Royals vs Cleveland Guardians,totals,7.0,LowVig.ag,Over +7,1.8900
2026-09-25T14:05:26+00:00,7bd30076728c7fcf1f893c1d269a60af,Kansas City Royals vs Cleveland Guardians,totals,7.0,LowVig.ag,Under +7,1.9700
2026-09-25T14:05:26+00:00,7bd30076728c7fcf1f893c1d269a60af,Kansas City Royals vs Cleveland Guardians,totals,7.0,BetOnline.ag,Over +7,1.8800
2026-09-25T14:05:26+00:00,7bd30076728c7fcf1f893c1d269a60af,Kansas City Royals vs Cleveland Guardians,totals,7.0,BetOnline.ag,Under +7,1.9400
2026-09-25T14:05:26+00:00,7bd30076728c7fcf1f893c1d269a60af,Kansas City Royals vs Cleveland Guardians,totals,7.0,DraftKings,Over +7,1.8500
2026-09-25T14:05:26+00:00,7bd30076728c7fcf1f893c1d269a60af,Kansas City Royals vs Cleveland Guardians,totals,7.0,DraftKings,Under +7,1.9700
2026-09-25T14:05:26+00:00,7bd30076728c7fcf1f893c1d269a60af,Kansas City Royals vs Cleveland Guardians,totals,7.0,Bovada,Over +7,1.8300
2026-09-25T14:05:26+00:00,7bd30076728c7fcf1f893c1d269a60af,Kansas City Royals vs Cleveland Guardians,totals,7.0,Bovada,Under +7,2.0000
2026-09-25T14:05:26+00:00,7bd30076728c7fcf1f893c1d269a60af,Kansas City Royals vs Cleveland Guardians,totals,7.0,BetUS,Over +7,1.8700
2026-09-25T14:05:26+00:00,7bd30076728c7fcf1f893c1d269a60af,Kansas City Royals vs Cleveland Guardians,totals,7.0,BetUS,Under +7,1.9500
2026-09-25T14:05:26+00:00,7bd30076728c7fcf1f893c1d269a60af,Kansas City Royals vs Cleveland Guardians,totals,7.0,BetMGM,Over +7,1.8000
2026-09-25T14:05:26+00:00,7bd30076728c7fcf1f893c1d269a60af,Kansas City Royals vs Cleveland Guardians,totals,7.0,BetMGM,Under +7,2.0500
2026-09-25T14:05:26+00:00,7bd30076728c7fcf1f893c1d269a60af,Kansas City Royals vs Cleveland Guardians,totals,7.0,BetRivers,Over +7,1.8300
2026-09-25T14:05:26+00:00,7bd30076728c7fcf1f893c1d269a60af,Kansas City Royals vs Cleveland Guardians,totals,7.0,BetRivers,Under +7,1.8300
2026-09-25T14:05:26+00:00,12c52c4f4de763e9a171ffac0f4f02ef,Milwaukee Brewers vs St. Louis Cardinals,h2h,,FanDuel,Milwaukee Brewers,1.5300
2026-09-25T14:05:26+00:00,12c52c4f4de763e9a171ffac0f4f02ef,Milwaukee Brewers vs St. Louis Cardinals,h2h,,FanDuel,St. Louis Cardinals,2.6000
2026-09-25T14:05:26+00:00,12c52c4f4de763e9a171ffac0f4f02ef,Milwaukee Brewers vs St. Louis Cardinals,h2h,,LowVig.ag,Milwaukee Brewers,1.5600
2026-09-25T14:05:26+00:00,12c52c4f4de763e9a171ffac0f4f02ef,Milwaukee Brewers vs St. Louis Cardinals,h2h,,LowVig.ag,St. Louis Cardinals,2.6000
2026-09-25T14:05:26+00:00,12c52c4f4de763e9a171ffac0f4f02ef,Milwaukee Brewers vs St. Louis Cardinals,h2h,,BetOnline.ag,Milwaukee Brewers,1.5600
2026-09-25T14:05:26+00:00,12c52c4f4de763e9a171ffac0f4f02ef,Milwaukee Brewers vs St. Louis Cardinals,h2h,,BetOnline.ag,St. Louis Cardinals,2.6000
2026-09-25T14:05:26+00:00,12c52c4f4de763e9a171ffac0f4f02ef,Milwaukee Brewers vs St. Louis Cardinals,h2h,,MyBookie.ag,Milwaukee Brewers,1.5400
2026-09-25T14:05:26+00:00,12c52c4f4de763e9a171ffac0f4f02ef,Milwaukee Brewers vs St. Louis Cardinals,h2h,,MyBookie.ag,St. Louis Cardinals,2.5500
2026-09-25T14:05:26+00:00,12c52c4f4de763e9a171ffac0f4f02ef,Milwaukee Brewers vs St. Louis Cardinals,h2h,,DraftKings,Milwaukee Brewers,1.5300
2026-09-25T14:05:26+00:00,12c52c4f4de763e9a171ffac0f4f02ef,Milwaukee Brewers vs St. Louis Cardinals,h2h,,DraftKings,St. Louis Cardinals,2.5400
2026-09-25T14:05:26+00:00,12c52c4f4de763e9a171ffac0f4f02ef,Milwaukee Brewers vs St. Louis Cardinals,h2h,,BetUS,Milwaukee Brewers,1.5600
2026-09-25T14:05:26+00:00,12c52c4f4de763e9a171ffac0f4f02ef,Milwaukee Brewers vs St. Louis Cardinals,h2h,,BetUS,St. Louis Cardinals,2.5600
2026-09-25T14:05:26+00:00,12c52c4f4de763e9a171ffac0f4f02ef,Milwaukee Brewers vs St. Louis Cardinals,h2h,,Bovada,Milwaukee Brewers,1.5400
2026-09-25T14:05:26+00:00,12c52c4f4de763e9a171ffac0f4f02ef,Milwaukee Brewers vs St. Louis Cardinals,h2h,,Bovada,St. Louis Cardinals,2.5400
2026-09-25T14:05:26+00:00,12c52c4f4de763e9a171ffac0f4f02ef,Milwaukee Brewers vs St. Louis Cardinals,h2h,,BetMGM,Milwaukee Brewers,1.5300
2026-09-25T14:05:26+00:00,12c52c4f4de763e9a171ffac0f4f02ef,Milwaukee Brewers vs St. Louis Cardinals,h2h,,BetMGM,St. Louis Cardinals,2.5500
2026-09-25T14:05:26+00:00,12c52c4f4de763e9a171ffac0f4f02ef,Milwaukee Brewers vs St. Louis Cardinals,h2h,,BetRivers,Milwaukee Brewers,1.5600
2026-09-25T14:05:26+00:00,12c52c4f4de763e9a171ffac0f4f02ef,Milwaukee Brewers vs St. Louis Cardinals,h2h,,BetRivers,St. Louis Cardinals,2.4800
2026-09-25T14:05:26+00:00,12c52c4f4de763e9a171ffac0f4f02ef,Milwaukee Brewers vs St. Louis Cardinals,spreads,-1.5,FanDuel,Milwaukee Brewers -1.5,2.1500
2026-09-25T14:05:26+00:00,12c52c4f4de763e9a171ffac0f4f02ef,Milwaukee Brewers vs St. Louis Cardinals,spreads,1.5,FanDuel,St. Louis Cardinals +1.5,1.7200
2026-09-25T14:05:26+00:00,12c52c4f4de763e9a171ffac0f4f02ef,Milwaukee Brewers vs St. Louis Cardinals,spreads,-1.5,LowVig.ag,Milwaukee Brewers -1.5,2.2200
2026-09-25T14:05:26+00:00,12c52c4f4de763e9a171ffac0f4f02ef,Milwaukee Brewers vs St. Louis Cardinals,spreads,1.5,LowVig.ag,St. Louis Cardinals +1.5,1.7200
2026-09-25T14:05:26+00:00,12c52c4f4de763e9a171ffac0f4f02ef,Milwaukee Brewers vs St. Louis Cardinals,spreads,-1.5,BetOnline.ag,Milwaukee Brewers -1.5,2.2000
2026-09-25T14:05:26+00:00,12c52c4f4de763e9a171ffac0f4f02ef,Milwaukee Brewers vs St. Louis Cardinals,spreads,1.5,BetOnline.ag,St. Louis Cardinals +1.5,1.7100
2026-09-25T14:05:26+00:00,12c52c4f4de763e9a171ffac0f4f02ef,Milwaukee Brewers vs St. Louis Cardinals,spreads,-1.5,MyBookie.ag,Milwaukee Brewers -1.5,2.1600
2026-09-25T14:05:26+00:00,12c52c4f4de763e9a171ffac0f4f02ef,Milwaukee Brewers vs St. Louis Cardinals,spreads,1.5,MyBookie.ag,St. Louis Cardinals +1.5,1.7400
2026-09-25T14:05:26+00:00,12c52c4f4de763e9a171ffac0f4f02ef,Milwaukee Brewers vs St. Louis Cardinals,spreads,-1.5,DraftKings,Milwaukee Brewers -1.5,2.1900
2026-09-25T14:05:26+00:00,12c52c4f4de763e9a171ffac0f4f02ef,Milwaukee Brewers vs St. Louis Cardinals,spreads,1.5,DraftKings,St. Louis Cardinals +1.5,1.7000
2026-09-25T14:05:26+00:00,12c52c4f4de763e9a171ffac0f4f02ef,Milwaukee Brewers vs St. Louis Cardinals,spreads,-1.5,BetUS,Milwaukee Brewers -1.5,2.2000
2026-09-25T14:05:26+00:00,12c52c4f4de763e9a171ffac0f4f02ef,Milwaukee Brewers vs St. Louis Cardinals,spreads,1.5,BetUS,St. Louis Cardinals +1.5,1.7100
2026-09-25T14:05:26+00:00,12c52c4f4de763e9a171ffac0f4f02ef,Milwaukee Brewers vs St. Louis Cardinals,spreads,-1.5,Bovada,Milwaukee Brewers -1.5,2.2000
2026-09-25T14:05:26+00:00,12c52c4f4de763e9a171ffac0f4f02ef,Milwaukee Brewers vs St. Louis Cardinals,spreads,1.5,Bovada,St. Louis Cardinals +1.5,1.7100
2026-09-25T14:05:26+00:00,12c52c4f4de763e9a171ffac0f4f02ef,Milwaukee Brewers vs St. Louis Cardinals,spreads,-1.5,BetMGM,Milwaukee Brewers -1.5,2.1500
2026-09-25T14:05:26+00:00,12c52c4f4de763e9a171ffac0f4f02ef,Milwaukee Brewers vs St. Louis Cardinals,spreads,1.5,BetMGM,St. Louis Cardinals +1.5,1.7100
2026-09-25T14:05:26+00:00,12c52c4f4de763e9a171ffac0f4f02ef,Milwaukee Brewers vs St. Louis Cardinals,spreads,-1.5,BetRivers,Milwaukee Brewers -1.5,2.0700
2026-09-25T14:05:26+00:00,12c52c4f4de763e9a171ffac0f4f02ef,Milwaukee Brewers vs St. Louis Cardinals,spreads,1.5,BetRivers,St. Louis Cardinals +1.5,1.7700
2026-09-25T14:05:26+00:00,12c52c4f4de763e9a171ffac0f4f02ef,Milwaukee Brewers vs St. Louis Cardinals,totals,7.5,FanDuel,Over +7.5,1.7800
2026-09-25T14:05:26+00:00,12c52c4f4de763e9a171ffac0f4f02ef,Milwaukee Brewers vs St. Louis Cardinals,totals,7.5,FanDuel,Under +7.5,2.0400
2026-09-25T14:05:26+00:00,12c52c4f4de763e9a171ffac0f4f02ef,Milwaukee Brewers vs St. Louis Cardinals,totals,8.0,LowVig.ag,Over +8,2.0300
2026-09-25T14:05:26+00:00,12c52c4f4de763e9a171ffac0f4f02ef,Milwaukee Brewers vs St. Louis Cardinals,totals,8.0,LowVig.ag,Under +8,1.8500
2026-09-25T14:05:26+00:00,12c52c4f4de763e9a171ffac0f4f02ef,Milwaukee Brewers vs St. Louis Cardinals,totals,8.0,BetOnline.ag,Over +8,2.0000
2026-09-25T14:05:26+00:00,12c52c4f4de763e9a171ffac0f4f02ef,Milwaukee Brewers vs St. Louis Cardinals,totals,8.0,BetOnline.ag,Under +8,1.8300
2026-09-25T14:05:26+00:00,12c52c4f4de763e9a171ffac0f4f02ef,Milwaukee Brewers vs St. Louis Cardinals,totals,8.0,MyBookie.ag,Over +8,1.9600
2026-09-25T14:05:26+00:00,12c52c4f4de763e9a171ffac0f4f02ef,Milwaukee Brewers vs St. Louis Cardinals,totals,8.0,MyBookie.ag,Under +8,1.8500
2026-09-25T14:05:26+00:00,12c52c4f4de763e9a171ffac0f4f02ef,Milwaukee Brewers vs St. Louis Cardinals,totals,8.0,DraftKings,Over +8,1.9600
2026-09-25T14:05:26+00:00,12c52c4f4de763e9a171ffac0f4f02ef,Milwaukee Brewers vs St. Louis Cardinals,totals,8.0,DraftKings,Under +8,1.8600
2026-09-25T14:05:26+00:00,12c52c4f4de763e9a171ffac0f4f02ef,Milwaukee Brewers vs St. Louis Cardinals,totals,8.0,BetUS,Over +8,1.9500
2026-09-25T14:05:26+00:00,12c52c4f4de763e9a171ffac0f4f02ef,Milwaukee Brewers vs St. Louis Cardinals,totals,8.0,BetUS,Under +8,1.8700
2026-09-25T14:05:26+00:00,12c52c4f4de763e9a171ffac0f4f02ef,Milwaukee Brewers vs St. Louis Cardinals,totals,8.0,Bovada,Over +8,1.9500
2026-09-25T14:05:26+00:00,12c52c4f4de763e9a171ffac0f4f02ef,Milwaukee Brewers vs St. Louis Cardinals,totals,8.0,Bovada,Under +8,1.8700
2026-09-25T14:05:26+00:00,12c52c4f4de763e9a171ffac0f4f02ef,Milwaukee Brewers vs St. Louis Cardinals,totals,8.0,BetMGM,Over +8,1.9800
2026-09-25T14:05:26+00:00,12c52c4f4de763e9a171ffac0f4f02ef,Milwaukee Brewers vs St. Louis Cardinals,totals,8.0,BetMGM,Under +8,1.8500
2026-09-25T14:05:26+00:00,12c52c4f4de763e9a171ffac0f4f02ef,Milwaukee Brewers vs St. Louis Cardinals,totals,8.0,BetRivers,Over +8,1.8300
2026-09-25T14:05:26+00:00,12c52c4f4de763e9a171ffac0f4f02ef,Milwaukee Brewers vs St. Louis Cardinals,totals,8.0,BetRivers,Under +8,1.8500
2026-09-25T14:05:26+00:00,9f08a9d734982153de27326c32e8be0e,Minnesota Twins vs Texas Rangers,h2h,,FanDuel,Minnesota Twins,1.9400
2026-09-25T14:05:26+00:00,9f08a9d734982153de27326c32e8be0e,Minnesota Twins vs Texas Rangers,h2h,,FanDuel,Texas Rangers,1.9100
2026-09-25T14:05:26+00:00,9f08a9d734982153de27326c32e8be0e,Minnesota Twins vs Texas Rangers,h2h,,MyBookie.ag,Minnesota Twins,1.9600
2026-09-25T14:05:26+00:00,9f08a9d734982153de27326c32e8be0e,Minnesota Twins vs Texas Rangers,h2h,,MyBookie.ag,Texas Rangers,1.8900
2026-09-25T14:05:26+00:00,9f08a9d734982153de27326c32e8be0e,Minnesota Twins vs Texas Rangers,h2h,,DraftKings,Minnesota Twins,1.9500
2026-09-25T14:05:26+00:00,9f08a9d734982153de27326c32e8be0e,Minnesota Twins vs Texas Rangers,h2h,,DraftKings,Texas Rangers,1.8800
2026-09-25T14:05:26+00:00,9f08a9d734982153de27326c32e8be0e,Minnesota Twins vs Texas Rangers,h2h,,LowVig.ag,Minnesota Twins,2.0100
2026-09-25T14:05:26+00:00,9f08a9d734982153de27326c32e8be0e,Minnesota Twins vs Texas Rangers,h2h,,LowVig.ag,Texas Rangers,1.9000
2026-09-25T14:05:26+00:00,9f08a9d734982153de27326c32e8be0e,Minnesota Twins vs Texas Rangers,h2h,,BetOnline.ag,Minnesota Twins,2.0100
2026-09-25T14:05:26+00:00,9f08a9d734982153de27326c32e8be0e,Minnesota Twins vs Texas Rangers,h2h,,BetOnline.ag,Texas Rangers,1.9000
2026-09-25T14:05:26+00:00,9f08a9d734982153de27326c32e8be0e,Minnesota Twins vs Texas Rangers,h2h,,BetUS,Minnesota Twins,2.0100
2026-09-25T14:05:26+00:00,9f08a9d734982153de27326c32e8be0e,Minnesota Twins vs Texas Rangers,h2h,,BetUS,Texas Rangers,1.9000
2026-09-25T14:05:26+00:00,9f08a9d734982153de27326c32e8be0e,Minnesota Twins vs Texas Rangers,h2h,,Bovada,Minnesota Twins,1.9500
2026-09-25T14:05:26+00:00,9f08a9d734982153de27326c32e8be0e,Minnesota Twins vs Texas Rangers,h2h,,Bovada,Texas Rangers,1.8700
2026-09-25T14:05:26+00:00,9f08a9d734982153de27326c32e8be0e,Minnesota Twins vs Texas Rangers,h2h,,BetMGM,Minnesota Twins,1.9500
2026-09-25T14:05:26+00:00,9f08a9d734982153de27326c32e8be0e,Minnesota Twins vs Texas Rangers,h2h,,BetMGM,Texas Rangers,1.8700
2026-09-25T14:05:26+00:00,9f08a9d734982153de27326c32e8be0e,Minnesota Twins vs Texas Rangers,h2h,,BetRivers,Minnesota Twins,1.9500
2026-09-25T14:05:26+00:00,9f08a9d734982153de27326c32e8be0e,Minnesota Twins vs Texas Rangers,h2h,,BetRivers,Texas Rangers,1.8800
2026-09-25T14:05:26+00:00,9f08a9d734982153de27326c32e8be0e,Minnesota Twins vs Texas Rangers,spreads,1.5,FanDuel,Minnesota Twins +1.5,1.5400
2026-09-25T14:05:26+00:00,9f08a9d734982153de27326c32e8be0e,Minnesota Twins vs Texas Rangers,spreads,-1.5,FanDuel,Texas Rangers -1.5,2.5200
2026-09-25T14:05:26+00:00,9f08a9d734982153de27326c32e8be0e,Minnesota Twins vs Texas Rangers,spreads,1.5,MyBookie.ag,Minnesota Twins +1.5,1.5300
2026-09-25T14:05:26+00:00,9f08a9d734982153de27326c32e8be0e,Minnesota Twins vs Texas Rangers,spreads,-1.5,MyBookie.ag,Texas Rangers -1.5,2.5800
2026-09-25T14:05:26+00:00,9f08a9d734982153de27326c32e8be0e,Minnesota Twins vs Texas Rangers,spreads,1.5,DraftKings,Minnesota Twins +1.5,1.5400
2026-09-25T14:05:26+00:00,9f08a9d734982153de27326c32e8be0e,Minnesota Twins vs Texas Rangers,spreads,-1.5,DraftKings,Texas Rangers -1.5,2.5300
2026-09-25T14:05:26+00:00,9f08a9d734982153de27326c32e8be0e,Minnesota Twins vs Texas Rangers,spreads,1.5,LowVig.ag,Minnesota Twins +1.5,1.5500
2026-09-25T14:05:26+00:00,9f08a9d734982153de27326c32e8be0e,Minnesota Twins vs Texas Rangers,spreads,-1.5,LowVig.ag,Texas Rangers -1.5,2.6100
2026-09-25T14:05:26+00:00,9f08a9d734982153de27326c32e8be0e,Minnesota Twins vs Texas Rangers,spreads,1.5,BetOnline.ag,Minnesota Twins +1.5,1.5500
2026-09-25T14:05:26+00:00,9f08a9d734982153de27326c32e8be0e,Minnesota Twins vs Texas Rangers,spreads,-1.5,BetOnline.ag,Texas Rangers -1.5,2.6000
2026-09-25T14:05:26+00:00,9f08a9d734982153de27326c32e8be0e,Minnesota Twins vs Texas Rangers,spreads,1.5,BetUS,Minnesota Twins +1.5,1.5400
2026-09-25T14:05:26+00:00,9f08a9d734982153de27326c32e8be0e,Minnesota Twins vs Texas Rangers,spreads,-1.5,BetUS,Texas Rangers -1.5,2.6000
2026-09-25T14:05:26+00:00,9f08a9d734982153de27326c32e8be0e,Minnesota Twins vs Texas Rangers,spreads,1.5,Bovada,Minnesota Twins +1.5,1.5600
2026-09-25T14:05:26+00:00,9f08a9d734982153de27326c32e8be0e,Minnesota Twins vs Texas Rangers,spreads,-1.5,Bovada,Texas Rangers -1.5,2.5500
2026-09-25T14:05:26+00:00,9f08a9d734982153de27326c32e8be0e,Minnesota Twins vs Texas Rangers,spreads,1.5,BetRivers,Minnesota Twins +1.5,1.5700
2026-09-25T14:05:26+00:00,9f08a9d734982153de27326c32e8be0e,Minnesota Twins vs Texas Rangers,spreads,-1.5,BetRivers,Texas Rangers -1.5,2.3800
2026-09-25T14:05:26+00:00,9f08a9d734982153de27326c32e8be0e,Minnesota Twins vs Texas Rangers,totals,7.5,FanDuel,Over +7.5,1.9800
2026-09-25T14:05:26+00:00,9f08a9d734982153de27326c32e8be0e,Minnesota Twins vs Texas Rangers,totals,7.5,FanDuel,Under +7.5,1.8300
2026-09-25T14:05:26+00:00,9f08a9d734982153de27326c32e8be0e,Minnesota Twins vs Texas Rangers,totals,7.0,MyBookie.ag,Over +7,1.8200
2026-09-25T14:05:26+00:00,9f08a9d734982153de27326c32e8be0e,Minnesota Twins vs Texas Rangers,totals,7.0,MyBookie.ag,Under +7,2.0000
2026-09-25T14:05:26+00:00,9f08a9d734982153de27326c32e8be0e,Minnesota Twins vs Texas Rangers,totals,7.0,DraftKings,Over +7,1.8400
2026-09-25T14:05:26+00:00,9f08a9d734982153de27326c32e8be0e,Minnesota Twins vs Texas Rangers,totals,7.0,DraftKings,Under +7,1.9900
2026-09-25T14:05:26+00:00,9f08a9d734982153de27326c32e8be0e,Minnesota Twins vs Texas Rangers,totals,7.0,LowVig.ag,Over +7,1.8800
2026-09-25T14:05:26+00:00,9f08a9d734982153de27326c32e8be0e,Minnesota Twins vs Texas Rangers,totals,7.0,LowVig.ag,Under +7,1.9800
2026-09-25T14:05:26+00:00,9f08a9d734982153de27326c32e8be0e,Minnesota Twins vs Texas Rangers,totals,7.0,BetOnline.ag,Over +7,1.8700
2026-09-25T14:05:26+00:00,9f08a9d734982153de27326c32e8be0e,Minnesota Twins vs Texas Rangers,totals,7.0,BetOnline.ag,Under +7,1.9500
2026-09-25T14:05:26+00:00,9f08a9d734982153de27326c32e8be0e,Minnesota Twins vs Texas Rangers,totals,7.0,BetUS,Over +7,1.8700
2026-09-25T14:05:26+00:00,9f08a9d734982153de27326c32e8be0e,Minnesota Twins vs Texas Rangers,totals,7.0,BetUS,Under +7,1.9500
2026-09-25T14:05:26+00:00,9f08a9d734982153de27326c32e8be0e,Minnesota Twins vs Texas Rangers,totals,7.0,Bovada,Over +7,1.8000
2026-09-25T14:05:26+00:00,9f08a9d734982153de27326c32e8be0e,Minnesota Twins vs Texas Rangers,totals,7.0,Bovada,Under +7,2.0500
2026-09-25T14:05:26+00:00,9f08a9d734982153de27326c32e8be0e,Minnesota Twins vs Texas Rangers,totals,7.5,BetMGM,Over +7.5,2.0000
2026-09-25T14:05:26+00:00,9f08a9d734982153de27326c32e8be0e,Minnesota Twins vs Texas Rangers,totals,7.5,BetMGM,Under +7.5,1.8300
2026-09-25T14:05:26+00:00,9f08a9d734982153de27326c32e8be0e,Minnesota Twins vs Texas Rangers,totals,7.5,BetRivers,Over +7.5,1.8900
2026-09-25T14:05:26+00:00,9f08a9d734982153de27326c32e8be0e,Minnesota Twins vs Texas Rangers,totals,7.5,BetRivers,Under +7.5,1.9200
2026-09-25T14:05:26+00:00,eb8b9160f66fc6d5f6bd58bf4a888011,San Diego Padres vs Arizona Diamondbacks,h2h,,FanDuel,Arizona Diamondbacks,2.1400
2026-09-25T14:05:26+00:00,eb8b9160f66fc6d5f6bd58bf4a888011,San Diego Padres vs Arizona Diamondbacks,h2h,,FanDuel,San Diego Padres,1.7500
2026-09-25T14:05:26+00:00,eb8b9160f66fc6d5f6bd58bf4a888011,San Diego Padres vs Arizona Diamondbacks,h2h,,LowVig.ag,Arizona Diamondbacks,2.1900
2026-09-25T14:05:26+00:00,eb8b9160f66fc6d5f6bd58bf4a888011,San Diego Padres vs Arizona Diamondbacks,h2h,,LowVig.ag,San Diego Padres,1.7600
2026-09-25T14:05:26+00:00,eb8b9160f66fc6d5f6bd58bf4a888011,San Diego Padres vs Arizona Diamondbacks,h2h,,BetOnline.ag,Arizona Diamondbacks,2.1900
2026-09-25T14:05:26+00:00,eb8b9160f66fc6d5f6bd58bf4a888011,San Diego Padres vs Arizona Diamondbacks,h2h,,BetOnline.ag,San Diego Padres,1.7600
2026-09-25T14:05:26+00:00,eb8b9160f66fc6d5f6bd58bf4a888011,San Diego Padres vs Arizona Diamondbacks,h2h,,MyBookie.ag,Arizona Diamondbacks,2.1500
2026-09-25T14:05:26+00:00,eb8b9160f66fc6d5f6bd58bf4a888011,San Diego Padres vs Arizona Diamondbacks,h2h,,MyBookie.ag,San Diego Padres,1.7400
2026-09-25T14:05:26+00:00,eb8b9160f66fc6d5f6bd58bf4a888011,San Diego Padres vs Arizona Diamondbacks,h2h,,DraftKings,Arizona Diamondbacks,2.1400
2026-09-25T14:05:26+00:00,eb8b9160f66fc6d5f6bd58bf4a888011,San Diego Padres vs Arizona Diamondbacks,h2h,,DraftKings,San Diego Padres,1.7300
2026-09-25T14:05:26+00:00,eb8b9160f66fc6d5f6bd58bf4a888011,San Diego Padres vs Arizona Diamondbacks,h2h,,Bovada,Arizona Diamondbacks,2.1100
2026-09-25T14:05:26+00:00,eb8b9160f66fc6d5f6bd58bf4a888011,San Diego Padres vs Arizona Diamondbacks,h2h,,Bovada,San Diego Padres,1.7500
2026-09-25T14:05:26+00:00,eb8b9160f66fc6d5f6bd58bf4a888011,San Diego Padres vs Arizona Diamondbacks,h2h,,BetMGM,Arizona Diamondbacks,2.1500
2026-09-25T14:05:26+00:00,eb8b9160f66fc6d5f6bd58bf4a888011,San Diego Padres vs Arizona Diamondbacks,h2h,,BetMGM,San Diego Padres,1.7100
2026-09-25T14:05:26+00:00,eb8b9160f66fc6d5f6bd58bf4a888011,San Diego Padres vs Arizona Diamondbacks,h2h,,BetUS,Arizona Diamondbacks,2.1900
2026-09-25T14:05:26+00:00,eb8b9160f66fc6d5f6bd58bf4a888011,San Diego Padres vs Arizona Diamondbacks,h2h,,BetUS,San Diego Padres,1.7600
2026-09-25T14:05:26+00:00,eb8b9160f66fc6d5f6bd58bf4a888011,San Diego Padres vs Arizona Diamondbacks,h2h,,BetRivers,Arizona Diamondbacks,2.1000
2026-09-25T14:05:26+00:00,eb8b9160f66fc6d5f6bd58bf4a888011,San Diego Padres vs Arizona Diamondbacks,h2h,,BetRivers,San Diego Padres,1.7600
2026-09-25T14:05:26+00:00,eb8b9160f66fc6d5f6bd58bf4a888011,San Diego Padres vs Arizona Diamondbacks,spreads,1.5,FanDuel,Arizona Diamondbacks +1.5,1.5300
2026-09-25T14:05:26+00:00,eb8b9160f66fc6d5f6bd58bf4a888011,San Diego Padres vs Arizona Diamondbacks,spreads,-1.5,FanDuel,San Diego Padres -1.5,2.5500
2026-09-25T14:05:26+00:00,eb8b9160f66fc6d5f6bd58bf4a888011,San Diego Padres vs Arizona Diamondbacks,spreads,1.5,LowVig.ag,Arizona Diamondbacks +1.5,1.5400
2026-09-25T14:05:26+00:00,eb8b9160f66fc6d5f6bd58bf4a888011,San Diego Padres vs Arizona Diamondbacks,spreads,-1.5,LowVig.ag,San Diego Padres -1.5,2.6200
2026-09-25T14:05:26+00:00,eb8b9160f66fc6d5f6bd58bf4a888011,San Diego Padres vs Arizona Diamondbacks,spreads,1.5,BetOnline.ag,Arizona Diamondbacks +1.5,1.5400
2026-09-25T14:05:26+00:00,eb8b9160f66fc6d5f6bd58bf4a888011,San Diego Padres vs Arizona Diamondbacks,spreads,-1.5,BetOnline.ag,San Diego Padres -1.5,2.6100
2026-09-25T14:05:26+00:00,eb8b9160f66fc6d5f6bd58bf4a888011,San Diego Padres vs Arizona Diamondbacks,spreads,1.5,MyBookie.ag,Arizona Diamondbacks +1.5,1.5200
2026-09-25T14:05:26+00:00,eb8b9160f66fc6d5f6bd58bf4a888011,San Diego Padres vs Arizona Diamondbacks,spreads,-1.5,MyBookie.ag,San Diego Padres -1.5,2.6100
2026-09-25T14:05:26+00:00,eb8b9160f66fc6d5f6bd58bf4a888011,San Diego Padres vs Arizona Diamondbacks,spreads,1.5,DraftKings,Arizona Diamondbacks +1.5,1.5200
2026-09-25T14:05:26+00:00,eb8b9160f66fc6d5f6bd58bf4a888011,San Diego Padres vs Arizona Diamondbacks,spreads,-1.5,DraftKings,San Diego Padres -1.5,2.5800
2026-09-25T14:05:26+00:00,eb8b9160f66fc6d5f6bd58bf4a888011,San Diego Padres vs Arizona Diamondbacks,spreads,1.5,Bovada,Arizona Diamondbacks +1.5,1.5400
2026-09-25T14:05:26+00:00,eb8b9160f66fc6d5f6bd58bf4a888011,San Diego Padres vs Arizona Diamondbacks,spreads,-1.5,Bovada,San Diego Padres -1.5,2.6000
2026-09-25T14:05:26+00:00,eb8b9160f66fc6d5f6bd58bf4a888011,San Diego Padres vs Arizona Diamondbacks,spreads,1.5,BetMGM,Arizona Diamondbacks +1.5,1.5300
2026-09-25T14:05:26+00:00,eb8b9160f66fc6d5f6bd58bf4a888011,San Diego Padres vs Arizona Diamondbacks,spreads,-1.5,BetMGM,San Diego Padres -1.5,2.5500
2026-09-25T14:05:26+00:00,eb8b9160f66fc6d5f6bd58bf4a888011,San Diego Padres vs Arizona Diamondbacks,spreads,1.5,BetUS,Arizona Diamondbacks +1.5,1.5400
2026-09-25T14:05:26+00:00,eb8b9160f66fc6d5f6bd58bf4a888011,San Diego Padres vs Arizona Diamondbacks,spreads,-1.5,BetUS,San Diego Padres -1.5,2.6000
2026-09-25T14:05:26+00:00,eb8b9160f66fc6d5f6bd58bf4a888011,San Diego Padres vs Arizona Diamondbacks,spreads,1.5,BetRivers,Arizona Diamondbacks +1.5,1.5500
2026-09-25T14:05:26+00:00,eb8b9160f66fc6d5f6bd58bf4a888011,San Diego Padres vs Arizona Diamondbacks,spreads,-1.5,BetRivers,San Diego Padres -1.5,2.4800
2026-09-25T14:05:26+00:00,eb8b9160f66fc6d5f6bd58bf4a888011,San Diego Padres vs Arizona Diamondbacks,totals,7.5,FanDuel,Over +7.5,1.9100
2026-09-25T14:05:26+00:00,eb8b9160f66fc6d5f6bd58bf4a888011,San Diego Padres vs Arizona Diamondbacks,totals,7.5,FanDuel,Under +7.5,1.9100
2026-09-25T14:05:26+00:00,eb8b9160f66fc6d5f6bd58bf4a888011,San Diego Padres vs Arizona Diamondbacks,totals,7.5,LowVig.ag,Over +7.5,1.9200
2026-09-25T14:05:26+00:00,eb8b9160f66fc6d5f6bd58bf4a888011,San Diego Padres vs Arizona Diamondbacks,totals,7.5,LowVig.ag,Under +7.5,1.9500
2026-09-25T14:05:26+00:00,eb8b9160f66fc6d5f6bd58bf4a888011,San Diego Padres vs Arizona Diamondbacks,totals,7.5,BetOnline.ag,Over +7.5,1.8900
2026-09-25T14:05:26+00:00,eb8b9160f66fc6d5f6bd58bf4a888011,San Diego Padres vs Arizona Diamondbacks,totals,7.5,BetOnline.ag,Under +7.5,1.9300
2026-09-25T14:05:26+00:00,eb8b9160f66fc6d5f6bd58bf4a888011,San Diego Padres vs Arizona Diamondbacks,totals,7.5,MyBookie.ag,Over +7.5,1.9100
2026-09-25T14:05:26+00:00,eb8b9160f66fc6d5f6bd58bf4a888011,San Diego Padres vs Arizona Diamondbacks,totals,7.5,MyBookie.ag,Under +7.5,1.9000
2026-09-25T14:05:26+00:00,eb8b9160f66fc6d5f6bd58bf4a888011,San Diego Padres vs Arizona Diamondbacks,totals,7.5,DraftKings,Over +7.5,1.9000
2026-09-25T14:05:26+00:00,eb8b9160f66fc6d5f6bd58bf4a888011,San Diego Padres vs Arizona Diamondbacks,totals,7.5,DraftKings,Under +7.5,1.9200
2026-09-25T14:05:26+00:00,eb8b9160f66fc6d5f6bd58bf4a888011,San Diego Padres vs Arizona Diamondbacks,totals,7.5,Bovada,Over +7.5,1.8700
2026-09-25T14:05:26+00:00,eb8b9160f66fc6d5f6bd58bf4a888011,San Diego Padres vs Arizona Diamondbacks,totals,7.5,Bovada,Under +7.5,1.9500
2026-09-25T14:05:26+00:00,eb8b9160f66fc6d5f6bd58bf4a888011,San Diego Padres vs Arizona Diamondbacks,totals,7.5,BetMGM,Over +7.5,1.9100
2026-09-25T14:05:26+00:00,eb8b9160f66fc6d5f6bd58bf4a888011,San Diego Padres vs Arizona Diamondbacks,totals,7.5,BetMGM,Under +7.5,1.9100
2026-09-25T14:05:26+00:00,eb8b9160f66fc6d5f6bd58bf4a888011,San Diego Padres vs Arizona Diamondbacks,totals,7.5,BetUS,Over +7.5,1.9100
2026-09-25T14:05:26+00:00,eb8b9160f66fc6d5f6bd58bf4a888011,San Diego Padres vs Arizona Diamondbacks,totals,7.5,BetUS,Under +7.5,1.9100
2026-09-25T14:05:26+00:00,eb8b9160f66fc6d5f6bd58bf4a888011,San Diego Padres vs Arizona Diamondbacks,totals,7.5,BetRivers,Over +7.5,1.9100
2026-09-25T14:05:26+00:00,eb8b9160f66fc6d5f6bd58bf4a888011,San Diego Padres vs Arizona Diamondbacks,totals,7.5,BetRivers,Under +7.5,1.8900
2026-09-25T14:05:26+00:00,de8bbf8d379bf416df612c557ddd338a,Athletics vs Houston Astros,h2h,,FanDuel,Athletics,2.4400
2026-09-25T14:05:26+00:00,de8bbf8d379bf416df612c557ddd338a,Athletics vs Houston Astros,h2h,,FanDuel,Houston Astros,1.5800
2026-09-25T14:05:26+00:00,de8bbf8d379bf416df612c557ddd338a,Athletics vs Houston Astros,h2h,,MyBookie.ag,Athletics,2.4900
2026-09-25T14:05:26+00:00,de8bbf8d379bf416df612c557ddd338a,Athletics vs Houston Astros,h2h,,MyBookie.ag,Houston Astros,1.5700
2026-09-25T14:05:26+00:00,de8bbf8d379bf416df612c557ddd338a,Athletics vs Houston Astros,h2h,,BetRivers,Athletics,2.4500
2026-09-25T14:05:26+00:00,de8bbf8d379bf416df612c557ddd338a,Athletics vs Houston Astros,h2h,,BetRivers,Houston Astros,1.5700
2026-09-25T14:05:26+00:00,de8bbf8d379bf416df612c557ddd338a,Athletics vs Houston Astros,h2h,,DraftKings,Athletics,2.4900
2026-09-25T14:05:26+00:00,de8bbf8d379bf416df612c557ddd338a,Athletics vs Houston Astros,h2h,,DraftKings,Houston Astros,1.5500
2026-09-25T14:05:26+00:00,de8bbf8d379bf416df612c557ddd338a,Athletics vs Houston Astros,h2h,,Bovada,Athletics,2.5000
2026-09-25T14:05:26+00:00,de8bbf8d379bf416df612c557ddd338a,Athletics vs Houston Astros,h2h,,Bovada,Houston Astros,1.5500
2026-09-25T14:05:26+00:00,de8bbf8d379bf416df612c557ddd338a,Athletics vs Houston Astros,h2h,,BetOnline.ag,Athletics,2.5900
2026-09-25T14:05:26+00:00,de8bbf8d379bf416df612c557ddd338a,Athletics vs Houston Astros,h2h,,BetOnline.ag,Houston Astros,1.5700
2026-09-25T14:05:26+00:00,de8bbf8d379bf416df612c557ddd338a,Athletics vs Houston Astros,h2h,,LowVig.ag,Athletics,2.5900
2026-09-25T14:05:26+00:00,de8bbf8d379bf416df612c557ddd338a,Athletics vs Houston Astros,h2h,,LowVig.ag,Houston Astros,1.5700
2026-09-25T14:05:26+00:00,de8bbf8d379bf416df612c557ddd338a,Athletics vs Houston Astros,h2h,,BetUS,Athletics,2.5500
2026-09-25T14:05:26+00:00,de8bbf8d379bf416df612c557ddd338a,Athletics vs Houston Astros,h2h,,BetUS,Houston Astros,1.5700
2026-09-25T14:05:26+00:00,de8bbf8d379bf416df612c557ddd338a,Athletics vs Houston Astros,h2h,,BetMGM,Athletics,2.5000
2026-09-25T14:05:26+00:00,de8bbf8d379bf416df612c557ddd338a,Athletics vs Houston Astros,h2h,,BetMGM,Houston Astros,1.5400
2026-09-25T14:05:26+00:00,de8bbf8d379bf416df612c557ddd338a,Athletics vs Houston Astros,spreads,1.5,FanDuel,Athletics +1.5,1.8700
2026-09-25T14:05:26+00:00,de8bbf8d379bf416df612c557ddd338a,Athletics vs Houston Astros,spreads,-1.5,FanDuel,Houston Astros -1.5,1.9600
2026-09-25T14:05:26+00:00,de8bbf8d379bf416df612c557ddd338a,Athletics vs Houston Astros,spreads,1.5,MyBookie.ag,Athletics +1.5,1.8900
2026-09-25T14:05:26+00:00,de8bbf8d379bf416df612c557ddd338a,Athletics vs Houston Astros,spreads,-1.5,MyBookie.ag,Houston Astros -1.5,1.9700
2026-09-25T14:05:26+00:00,de8bbf8d379bf416df612c557ddd338a,Athletics vs Houston Astros,spreads,1.5,BetRivers,Athletics +1.5,1.8700
2026-09-25T14:05:26+00:00,de8bbf8d379bf416df612c557ddd338a,Athletics vs Houston Astros,spreads,-1.5,BetRivers,Houston Astros -1.5,1.9400
2026-09-25T14:05:26+00:00,de8bbf8d379bf416df612c557ddd338a,Athletics vs Houston Astros,spreads,1.5,DraftKings,Athletics +1.5,1.8900
2026-09-25T14:05:26+00:00,de8bbf8d379bf416df612c557ddd338a,Athletics vs Houston Astros,spreads,-1.5,DraftKings,Houston Astros -1.5,1.9300
2026-09-25T14:05:26+00:00,de8bbf8d379bf416df612c557ddd338a,Athletics vs Houston Astros,spreads,1.5,Bovada,Athletics +1.5,1.9100
2026-09-25T14:05:26+00:00,de8bbf8d379bf416df612c557ddd338a,Athletics vs Houston Astros,spreads,-1.5,Bovada,Houston Astros -1.5,1.9100
2026-09-25T14:05:26+00:00,de8bbf8d379bf416df612c557ddd338a,Athletics vs Houston Astros,spreads,1.5,BetOnline.ag,Athletics +1.5,1.8900
2026-09-25T14:05:26+00:00,de8bbf8d379bf416df612c557ddd338a,Athletics vs Houston Astros,spreads,-1.5,BetOnline.ag,Houston Astros -1.5,1.9300
2026-09-25T14:05:26+00:00,de8bbf8d379bf416df612c557ddd338a,Athletics vs Houston Astros,spreads,1.5,LowVig.ag,Athletics +1.5,1.9200
2026-09-25T14:05:26+00:00,de8bbf8d379bf416df612c557ddd338a,Athletics vs Houston Astros,spreads,-1.5,LowVig.ag,Houston Astros -1.5,1.9500
2026-09-25T14:05:26+00:00,de8bbf8d379bf416df612c557ddd338a,Athletics vs Houston Astros,spreads,1.5,BetUS,Athletics +1.5,1.9100
2026-09-25T14:05:26+00:00,de8bbf8d379bf416df612c557ddd338a,Athletics vs Houston Astros,spreads,-1.5,BetUS,Houston Astros -1.5,1.9100
2026-09-25T14:05:26+00:00,de8bbf8d379bf416df612c557ddd338a,Athletics vs Houston Astros,spreads,1.5,BetMGM,Athletics +1.5,1.8700
2026-09-25T14:05:26+00:00,de8bbf8d379bf416df612c557ddd338a,Athletics vs Houston Astros,spreads,-1.5,BetMGM,Houston Astros -1.5,1.9500
2026-09-25T14:05:26+00:00,de8bbf8d379bf416df612c557ddd338a,Athletics vs Houston Astros,totals,9.5,FanDuel,Over +9.5,2.0400
2026-09-25T14:05:26+00:00,de8bbf8d379bf416df612c557ddd338a,Athletics vs Houston Astros,totals,9.5,FanDuel,Under +9.5,1.7800
2026-09-25T14:05:26+00:00,de8bbf8d379bf416df612c557ddd338a,Athletics vs Houston Astros,totals,9.0,MyBookie.ag,Over +9,1.9200
2026-09-25T14:05:26+00:00,de8bbf8d379bf416df612c557ddd338a,Athletics vs Houston Astros,totals,9.0,MyBookie.ag,Under +9,1.8900
2026-09-25T14:05:26+00:00,de8bbf8d379bf416df612c557ddd338a,Athletics vs Houston Astros,totals,9.0,BetRivers,Over +9,1.8900
2026-09-25T14:05:26+00:00,de8bbf8d379bf416df612c557ddd338a,Athletics vs Houston Astros,totals,9.0,BetRivers,Under +9,1.7800
2026-09-25T14:05:26+00:00,de8bbf8d379bf416df612c557ddd338a,Athletics vs Houston Astros,totals,9.0,DraftKings,Over +9,1.9200
2026-09-25T14:05:26+00:00,de8bbf8d379bf416df612c557ddd338a,Athletics vs Houston Astros,totals,9.0,DraftKings,Under +9,1.9100
2026-09-25T14:05:26+00:00,de8bbf8d379bf416df612c557ddd338a,Athletics vs Houston Astros,totals,9.0,Bovada,Over +9,1.9100
2026-09-25T14:05:26+00:00,de8bbf8d379bf416df612c557ddd338a,Athletics vs Houston Astros,totals,9.0,Bovada,Under +9,1.9100
2026-09-25T14:05:26+00:00,de8bbf8d379bf416df612c557ddd338a,Athletics vs Houston Astros,totals,9.0,BetOnline.ag,Over +9,1.8900
2026-09-25T14:05:26+00:00,de8bbf8d379bf416df612c557ddd338a,Athletics vs Houston Astros,totals,9.0,BetOnline.ag,Under +9,1.9300
2026-09-25T14:05:26+00:00,de8bbf8d379bf416df612c557ddd338a,Athletics vs Houston Astros,totals,9.0,LowVig.ag,Over +9,1.9200
2026-09-25T14:05:26+00:00,de8bbf8d379bf416df612c557ddd338a,Athletics vs Houston Astros,totals,9.0,LowVig.ag,Under +9,1.9500
2026-09-25T14:05:26+00:00,de8bbf8d379bf416df612c557ddd338a,Athletics vs Houston Astros,totals,9.0,BetUS,Over +9,1.9500
2026-09-25T14:05:26+00:00,de8bbf8d379bf416df612c557ddd338a,Athletics vs Houston Astros,totals,9.0,BetUS,Under +9,1.8700
2026-09-25T14:05:26+00:00,de8bbf8d379bf416df612c557ddd338a,Athletics vs Houston Astros,totals,9.0,BetMGM,Over +9,1.8500
2026-09-25T14:05:26+00:00,de8bbf8d379bf416df612c557ddd338a,Athletics vs Houston Astros,totals,9.0,BetMGM,Under +9,1.9800
2026-09-25T14:05:26+00:00,60b3d02ac77cf6a81e234358cfe187bb,Seattle Mariners vs Los Angeles Angels,h2h,,FanDuel,Los Angeles Angels,2.0200
2026-09-25T14:05:26+00:00,60b3d02ac77cf6a81e234358cfe187bb,Seattle Mariners vs Los Angeles Angels,h2h,,FanDuel,Seattle Mariners,1.8300
2026-09-25T14:05:26+00:00,60b3d02ac77cf6a81e234358cfe187bb,Seattle Mariners vs Los Angeles Angels,h2h,,BetOnline.ag,Los Angeles Angels,2.0600
2026-09-25T14:05:26+00:00,60b3d02ac77cf6a81e234358cfe187bb,Seattle Mariners vs Los Angeles Angels,h2h,,BetOnline.ag,Seattle Mariners,1.8500
2026-09-25T14:05:26+00:00,60b3d02ac77cf6a81e234358cfe187bb,Seattle Mariners vs Los Angeles Angels,h2h,,LowVig.ag,Los Angeles Angels,2.0600
2026-09-25T14:05:26+00:00,60b3d02ac77cf6a81e234358cfe187bb,Seattle Mariners vs Los Angeles Angels,h2h,,LowVig.ag,Seattle Mariners,1.8500
2026-09-25T14:05:26+00:00,60b3d02ac77cf6a81e234358cfe187bb,Seattle Mariners vs Los Angeles Angels,h2h,,MyBookie.ag,Los Angeles Angels,2.0300
2026-09-25T14:05:26+00:00,60b3d02ac77cf6a81e234358cfe187bb,Seattle Mariners vs Los Angeles Angels,h2h,,MyBookie.ag,Seattle Mariners,1.8300
2026-09-25T14:05:26+00:00,60b3d02ac77cf6a81e234358cfe187bb,Seattle Mariners vs Los Angeles Angels,h2h,,DraftKings,Los Angeles Angels,2.0300
2026-09-25T14:05:26+00:00,60b3d02ac77cf6a81e234358cfe187bb,Seattle Mariners vs Los Angeles Angels,h2h,,DraftKings,Seattle Mariners,1.8100
2026-09-25T14:05:26+00:00,60b3d02ac77cf6a81e234358cfe187bb,Seattle Mariners vs Los Angeles Angels,h2h,,Bovada,Los Angeles Angels,2.0200
2026-09-25T14:05:26+00:00,60b3d02ac77cf6a81e234358cfe187bb,Seattle Mariners vs Los Angeles Angels,h2h,,Bovada,Seattle Mariners,1.8200
2026-09-25T14:05:26+00:00,60b3d02ac77cf6a81e234358cfe187bb,Seattle Mariners vs Los Angeles Angels,h2h,,BetMGM,Los Angeles Angels,2.0000
2026-09-25T14:05:26+00:00,60b3d02ac77cf6a81e234358cfe187bb,Seattle Mariners vs Los Angeles Angels,h2h,,BetMGM,Seattle Mariners,1.8300
2026-09-25T14:05:26+00:00,60b3d02ac77cf6a81e234358cfe187bb,Seattle Mariners vs Los Angeles Angels,h2h,,BetUS,Los Angeles Angels,2.0700
2026-09-25T14:05:26+00:00,60b3d02ac77cf6a81e234358cfe187bb,Seattle Mariners vs Los Angeles Angels,h2h,,BetUS,Seattle Mariners,1.8500
2026-09-25T14:05:26+00:00,60b3d02ac77cf6a81e234358cfe187bb,Seattle Mariners vs Los Angeles Angels,h2h,,BetRivers,Los Angeles Angels,2.1000
2026-09-25T14:05:26+00:00,60b3d02ac77cf6a81e234358cfe187bb,Seattle Mariners vs Los Angeles Angels,h2h,,BetRivers,Seattle Mariners,1.7600
2026-09-25T14:05:26+00:00,60b3d02ac77cf6a81e234358cfe187bb,Seattle Mariners vs Los Angeles Angels,spreads,-1.5,FanDuel,Los Angeles Angels -1.5,2.8000
2026-09-25T14:05:26+00:00,60b3d02ac77cf6a81e234358cfe187bb,Seattle Mariners vs Los Angeles Angels,spreads,1.5,FanDuel,Seattle Mariners +1.5,1.4500
2026-09-25T14:05:26+00:00,60b3d02ac77cf6a81e234358cfe187bb,Seattle Mariners vs Los Angeles Angels,spreads,1.5,BetOnline.ag,Los Angeles Angels +1.5,1.4700
2026-09-25T14:05:26+00:00,60b3d02ac77cf6a81e234358cfe187bb,Seattle Mariners vs Los Angeles Angels,spreads,-1.5,BetOnline.ag,Seattle Mariners -1.5,2.8300
2026-09-25T14:05:26+00:00,60b3d02ac77cf6a81e234358cfe187bb,Seattle Mariners vs Los Angeles Angels,spreads,1.5,LowVig.ag,Los Angeles Angels +1.5,1.4700
2026-09-25T14:05:26+00:00,60b3d02ac77cf6a81e234358cfe187bb,Seattle Mariners vs Los Angeles Angels,spreads,-1.5,LowVig.ag,Seattle Mariners -1.5,2.8500
2026-09-25T14:05:26+00:00,60b3d02ac77cf6a81e234358cfe187bb,Seattle Mariners vs Los Angeles Angels,spreads,1.5,MyBookie.ag,Los Angeles Angels +1.5,1.4500
2026-09-25T14:05:26+00:00,60b3d02ac77cf6a81e234358cfe187bb,Seattle Mariners vs Los Angeles Angels,spreads,-1.5,MyBookie.ag,Seattle Mariners -1.5,2.8500
2026-09-25T14:05:26+00:00,60b3d02ac77cf6a81e234358cfe187bb,Seattle Mariners vs Los Angeles Angels,spreads,1.5,DraftKings,Los Angeles Angels +1.5,1.4500
2026-09-25T14:05:26+00:00,60b3d02ac77cf6a81e234358cfe187bb,Seattle Mariners vs Los Angeles Angels,spreads,-1.5,DraftKings,Seattle Mariners -1.5,2.8100
2026-09-25T14:05:26+00:00,60b3d02ac77cf6a81e234358cfe187bb,Seattle Mariners vs Los Angeles Angels,spreads,1.5,Bovada,Los Angeles Angels +1.5,1.4500
2026-09-25T14:05:26+00:00,60b3d02ac77cf6a81e234358cfe187bb,Seattle Mariners vs Los Angeles Angels,spreads,-1.5,Bovada,Seattle Mariners -1.5,2.8000
2026-09-25T14:05:26+00:00,60b3d02ac77cf6a81e234358cfe187bb,Seattle Mariners vs Los Angeles Angels,spreads,-1.5,BetMGM,Los Angeles Angels -1.5,2.6500
2026-09-25T14:05:26+00:00,60b3d02ac77cf6a81e234358cfe187bb,Seattle Mariners vs Los Angeles Angels,spreads,1.5,BetMGM,Seattle Mariners +1.5,1.4500
2026-09-25T14:05:26+00:00,60b3d02ac77cf6a81e234358cfe187bb,Seattle Mariners vs Los Angeles Angels,spreads,1.5,BetUS,Los Angeles Angels +1.5,1.4700
2026-09-25T14:05:26+00:00,60b3d02ac77cf6a81e234358cfe187bb,Seattle Mariners vs Los Angeles Angels,spreads,-1.5,BetUS,Seattle Mariners -1.5,2.8400
2026-09-25T14:05:26+00:00,60b3d02ac77cf6a81e234358cfe187bb,Seattle Mariners vs Los Angeles Angels,spreads,1.5,BetRivers,Los Angeles Angels +1.5,1.4900
2026-09-25T14:05:26+00:00,60b3d02ac77cf6a81e234358cfe187bb,Seattle Mariners vs Los Angeles Angels,spreads,-1.5,BetRivers,Seattle Mariners -1.5,2.6500
2026-09-25T14:05:26+00:00,60b3d02ac77cf6a81e234358cfe187bb,Seattle Mariners vs Los Angeles Angels,totals,6.5,FanDuel,Over +6.5,1.8500
2026-09-25T14:05:26+00:00,60b3d02ac77cf6a81e234358cfe187bb,Seattle Mariners vs Los Angeles Angels,totals,6.5,FanDuel,Under +6.5,1.9600
2026-09-25T14:05:26+00:00,60b3d02ac77cf6a81e234358cfe187bb,Seattle Mariners vs Los Angeles Angels,totals,6.5,BetOnline.ag,Over +6.5,1.8700
2026-09-25T14:05:26+00:00,60b3d02ac77cf6a81e234358cfe187bb,Seattle Mariners vs Los Angeles Angels,totals,6.5,BetOnline.ag,Under +6.5,1.9500
2026-09-25T14:05:26+00:00,60b3d02ac77cf6a81e234358cfe187bb,Seattle Mariners vs Los Angeles Angels,totals,6.5,LowVig.ag,Over +6.5,1.8800
2026-09-25T14:05:26+00:00,60b3d02ac77cf6a81e234358cfe187bb,Seattle Mariners vs Los Angeles Angels,totals,6.5,LowVig.ag,Under +6.5,1.9800
2026-09-25T14:05:26+00:00,60b3d02ac77cf6a81e234358cfe187bb,Seattle Mariners vs Los Angeles Angels,totals,6.5,MyBookie.ag,Over +6.5,1.8400
2026-09-25T14:05:26+00:00,60b3d02ac77cf6a81e234358cfe187bb,Seattle Mariners vs Los Angeles Angels,totals,6.5,MyBookie.ag,Under +6.5,1.9700
2026-09-25T14:05:26+00:00,60b3d02ac77cf6a81e234358cfe187bb,Seattle Mariners vs Los Angeles Angels,totals,6.5,DraftKings,Over +6.5,1.8500
2026-09-25T14:05:26+00:00,60b3d02ac77cf6a81e234358cfe187bb,Seattle Mariners vs Los Angeles Angels,totals,6.5,DraftKings,Under +6.5,1.9800
2026-09-25T14:05:26+00:00,60b3d02ac77cf6a81e234358cfe187bb,Seattle Mariners vs Los Angeles Angels,totals,6.5,Bovada,Over +6.5,1.8300
2026-09-25T14:05:26+00:00,60b3d02ac77cf6a81e234358cfe187bb,Seattle Mariners vs Los Angeles Angels,totals,6.5,Bovada,Under +6.5,2.0000
2026-09-25T14:05:26+00:00,60b3d02ac77cf6a81e234358cfe187bb,Seattle Mariners vs Los Angeles Angels,totals,6.5,BetMGM,Over +6.5,1.7700
2026-09-25T14:05:26+00:00,60b3d02ac77cf6a81e234358cfe187bb,Seattle Mariners vs Los Angeles Angels,totals,6.5,BetMGM,Under +6.5,2.0000
2026-09-25T14:05:26+00:00,60b3d02ac77cf6a81e234358cfe187bb,Seattle Mariners vs Los Angeles Angels,totals,6.5,BetUS,Over +6.5,1.8700
2026-09-25T14:05:26+00:00,60b3d02ac77cf6a81e234358cfe187bb,Seattle Mariners vs Los Angeles Angels,totals,6.5,BetUS,Under +6.5,1.9500
2026-09-25T14:05:26+00:00,60b3d02ac77cf6a81e234358cfe187bb,Seattle Mariners vs Los Angeles Angels,totals,7.0,BetRivers,Over +7,1.8700
2026-09-25T14:05:26+00:00,60b3d02ac77cf6a81e234358cfe187bb,Seattle Mariners vs Los Angeles Angels,totals,7.0,BetRivers,Under +7,1.8100
2026-09-25T14:05:26+00:00,e47efe97f629cae0287ca6f3ea6d6794,San Francisco Giants vs Los Angeles Dodgers,h2h,,FanDuel,Los Angeles Dodgers,1.2900
2026-09-25T14:05:26+00:00,e47efe97f629cae0287ca6f3ea6d6794,San Francisco Giants vs Los Angeles Dodgers,h2h,,FanDuel,San Francisco Giants,3.8000
2026-09-25T14:05:26+00:00,e47efe97f629cae0287ca6f3ea6d6794,San Francisco Giants vs Los Angeles Dodgers,h2h,,MyBookie.ag,Los Angeles Dodgers,1.3100
2026-09-25T14:05:26+00:00,e47efe97f629cae0287ca6f3ea6d6794,San Francisco Giants vs Los Angeles Dodgers,h2h,,MyBookie.ag,San Francisco Giants,3.6000
2026-09-25T14:05:26+00:00,e47efe97f629cae0287ca6f3ea6d6794,San Francisco Giants vs Los Angeles Dodgers,h2h,,DraftKings,Los Angeles Dodgers,1.3000
2026-09-25T14:05:26+00:00,e47efe97f629cae0287ca6f3ea6d6794,San Francisco Giants vs Los Angeles Dodgers,h2h,,DraftKings,San Francisco Giants,3.6400
2026-09-25T14:05:26+00:00,e47efe97f629cae0287ca6f3ea6d6794,San Francisco Giants vs Los Angeles Dodgers,h2h,,Bovada,Los Angeles Dodgers,1.3000
2026-09-25T14:05:26+00:00,e47efe97f629cae0287ca6f3ea6d6794,San Francisco Giants vs Los Angeles Dodgers,h2h,,Bovada,San Francisco Giants,3.6000
2026-09-25T14:05:26+00:00,e47efe97f629cae0287ca6f3ea6d6794,San Francisco Giants vs Los Angeles Dodgers,h2h,,BetMGM,Los Angeles Dodgers,1.3100
2026-09-25T14:05:26+00:00,e47efe97f629cae0287ca6f3ea6d6794,San Francisco Giants vs Los Angeles Dodgers,h2h,,BetMGM,San Francisco Giants,3.6000
2026-09-25T14:05:26+00:00,e47efe97f629cae0287ca6f3ea6d6794,San Francisco Giants vs Los Angeles Dodgers,h2h,,LowVig.ag,Los Angeles Dodgers,1.3300
2026-09-25T14:05:26+00:00,e47efe97f629cae0287ca6f3ea6d6794,San Francisco Giants vs Los Angeles Dodgers,h2h,,LowVig.ag,San Francisco Giants,3.6500
2026-09-25T14:05:26+00:00,e47efe97f629cae0287ca6f3ea6d6794,San Francisco Giants vs Los Angeles Dodgers,h2h,,BetOnline.ag,Los Angeles Dodgers,1.3300
2026-09-25T14:05:26+00:00,e47efe97f629cae0287ca6f3ea6d6794,San Francisco Giants vs Los Angeles Dodgers,h2h,,BetOnline.ag,San Francisco Giants,3.6500
2026-09-25T14:05:26+00:00,e47efe97f629cae0287ca6f3ea6d6794,San Francisco Giants vs Los Angeles Dodgers,h2h,,BetUS,Los Angeles Dodgers,1.3300
2026-09-25T14:05:26+00:00,e47efe97f629cae0287ca6f3ea6d6794,San Francisco Giants vs Los Angeles Dodgers,h2h,,BetUS,San Francisco Giants,3.5400
2026-09-25T14:05:26+00:00,e47efe97f629cae0287ca6f3ea6d6794,San Francisco Giants vs Los Angeles Dodgers,h2h,,BetRivers,Los Angeles Dodgers,1.2800
2026-09-25T14:05:26+00:00,e47efe97f629cae0287ca6f3ea6d6794,San Francisco Giants vs Los Angeles Dodgers,h2h,,BetRivers,San Francisco Giants,3.8500
2026-09-25T14:05:26+00:00,e47efe97f629cae0287ca6f3ea6d6794,San Francisco Giants vs Los Angeles Dodgers,spreads,-1.5,FanDuel,Los Angeles Dodgers -1.5,1.5300
2026-09-25T14:05:26+00:00,e47efe97f629cae0287ca6f3ea6d6794,San Francisco Giants vs Los Angeles Dodgers,spreads,1.5,FanDuel,San Francisco Giants +1.5,2.5500
2026-09-25T14:05:26+00:00,e47efe97f629cae0287ca6f3ea6d6794,San Francisco Giants vs Los Angeles Dodgers,spreads,-2.5,MyBookie.ag,Los Angeles Dodgers -2.5,1.8800
2026-09-25T14:05:26+00:00,e47efe97f629cae0287ca6f3ea6d6794,San Francisco Giants vs Los Angeles Dodgers,spreads,2.5,MyBookie.ag,San Francisco Giants +2.5,1.9700
2026-09-25T14:05:26+00:00,e47efe97f629cae0287ca6f3ea6d6794,San Francisco Giants vs Los Angeles Dodgers,spreads,-1.5,DraftKings,Los Angeles Dodgers -1.5,1.5700
2026-09-25T14:05:26+00:00,e47efe97f629cae0287ca6f3ea6d6794,San Francisco Giants vs Los Angeles Dodgers,spreads,1.5,DraftKings,San Francisco Giants +1.5,2.4500
2026-09-25T14:05:26+00:00,e47efe97f629cae0287ca6f3ea6d6794,San Francisco Giants vs Los Angeles Dodgers,spreads,-1.5,Bovada,Los Angeles Dodgers -1.5,1.5700
2026-09-25T14:05:26+00:00,e47efe97f629cae0287ca6f3ea6d6794,San Francisco Giants vs Los Angeles Dodgers,spreads,1.5,Bovada,San Francisco Giants +1.5,2.5000
2026-09-25T14:05:26+00:00,e47efe97f629cae0287ca6f3ea6d6794,San Francisco Giants vs Los Angeles Dodgers,spreads,-2.5,BetMGM,Los Angeles Dodgers -2.5,1.8700
2026-09-25T14:05:26+00:00,e47efe97f629cae0287ca6f3ea6d6794,San Francisco Giants vs Los Angeles Dodgers,spreads,2.5,BetMGM,San Francisco Giants +2.5,1.9500
2026-09-25T14:05:26+00:00,e47efe97f629cae0287ca6f3ea6d6794,San Francisco Giants vs Los Angeles Dodgers,spreads,-1.5,LowVig.ag,Los Angeles Dodgers -1.5,1.5800
2026-09-25T14:05:26+00:00,e47efe97f629cae0287ca6f3ea6d6794,San Francisco Giants vs Los Angeles Dodgers,spreads,1.5,LowVig.ag,San Francisco Giants +1.5,2.5300
2026-09-25T14:05:26+00:00,e47efe97f629cae0287ca6f3ea6d6794,San Francisco Giants vs Los Angeles Dodgers,spreads,-1.5,BetOnline.ag,Los Angeles Dodgers -1.5,1.5800
2026-09-25T14:05:26+00:00,e47efe97f629cae0287ca6f3ea6d6794,San Francisco Giants vs Los Angeles Dodgers,spreads,1.5,BetOnline.ag,San Francisco Giants +1.5,2.5200
2026-09-25T14:05:26+00:00,e47efe97f629cae0287ca6f3ea6d6794,San Francisco Giants vs Los Angeles Dodgers,spreads,-1.5,BetUS,Los Angeles Dodgers -1.5,1.5700
2026-09-25T14:05:26+00:00,e47efe97f629cae0287ca6f3ea6d6794,San Francisco Giants vs Los Angeles Dodgers,spreads,1.5,BetUS,San Francisco Giants +1.5,2.5200
2026-09-25T14:05:26+00:00,e47efe97f629cae0287ca6f3ea6d6794,San Francisco Giants vs Los Angeles Dodgers,spreads,-1.5,BetRivers,Los Angeles Dodgers -1.5,1.5400
2026-09-25T14:05:26+00:00,e47efe97f629cae0287ca6f3ea6d6794,San Francisco Giants vs Los Angeles Dodgers,spreads,1.5,BetRivers,San Francisco Giants +1.5,2.5000
2026-09-25T14:05:26+00:00,e47efe97f629cae0287ca6f3ea6d6794,San Francisco Giants vs Los Angeles Dodgers,totals,7.5,FanDuel,Over +7.5,2.0000
2026-09-25T14:05:26+00:00,e47efe97f629cae0287ca6f3ea6d6794,San Francisco Giants vs Los Angeles Dodgers,totals,7.5,FanDuel,Under +7.5,1.8200
2026-09-25T14:05:26+00:00,e47efe97f629cae0287ca6f3ea6d6794,San Francisco Giants vs Los Angeles Dodgers,totals,7.5,MyBookie.ag,Over +7.5,2.0100
2026-09-25T14:05:26+00:00,e47efe97f629cae0287ca6f3ea6d6794,San Francisco Giants vs Los Angeles Dodgers,totals,7.5,MyBookie.ag,Under +7.5,1.8100
2026-09-25T14:05:26+00:00,e47efe97f629cae0287ca6f3ea6d6794,San Francisco Giants vs Los Angeles Dodgers,totals,7.5,DraftKings,Over +7.5,2.0000
2026-09-25T14:05:26+00:00,e47efe97f629cae0287ca6f3ea6d6794,San Francisco Giants vs Los Angeles Dodgers,totals,7.5,DraftKings,Under +7.5,1.8300
2026-09-25T14:05:26+00:00,e47efe97f629cae0287ca6f3ea6d6794,San Francisco Giants vs Los Angeles Dodgers,totals,7.5,Bovada,Over +7.5,2.0000
2026-09-25T14:05:26+00:00,e47efe97f629cae0287ca6f3ea6d6794,San Francisco Giants vs Los Angeles Dodgers,totals,7.5,Bovada,Under +7.5,1.8300
2026-09-25T14:05:26+00:00,e47efe97f629cae0287ca6f3ea6d6794,San Francisco Giants vs Los Angeles Dodgers,totals,7.5,BetMGM,Over +7.5,2.0000
2026-09-25T14:05:26+00:00,e47efe97f629cae0287ca6f3ea6d6794,San Francisco Giants vs Los Angeles Dodgers,totals,7.5,BetMGM,Under +7.5,1.8300
2026-09-25T14:05:26+00:00,e47efe97f629cae0287ca6f3ea6d6794,San Francisco Giants vs Los Angeles Dodgers,totals,7.0,LowVig.ag,Over +7,1.8100
2026-09-25T14:05:26+00:00,e47efe97f629cae0287ca6f3ea6d6794,San Francisco Giants vs Los Angeles Dodgers,totals,7.0,LowVig.ag,Under +7,2.0700
2026-09-25T14:05:26+00:00,e47efe97f629cae0287ca6f3ea6d6794,San Francisco Giants vs Los Angeles Dodgers,totals,7.0,BetOnline.ag,Over +7,1.8000
2026-09-25T14:05:26+00:00,e47efe97f629cae0287ca6f3ea6d6794,San Francisco Giants vs Los Angeles Dodgers,totals,7.0,BetOnline.ag,Under +7,2.0500
2026-09-25T14:05:26+00:00,e47efe97f629cae0287ca6f3ea6d6794,San Francisco Giants vs Los Angeles Dodgers,totals,7.5,BetUS,Over +7.5,1.9500
2026-09-25T14:05:26+00:00,e47efe97f629cae0287ca6f3ea6d6794,San Francisco Giants vs Los Angeles Dodgers,totals,7.5,BetUS,Under +7.5,1.8700
2026-09-25T14:05:26+00:00,e47efe97f629cae0287ca6f3ea6d6794,San Francisco Giants vs Los Angeles Dodgers,totals,7.5,BetRivers,Over +7.5,2.0200
2026-09-25T14:05:26+00:00,e47efe97f629cae0287ca6f3ea6d6794,San Francisco Giants vs Los Angeles Dodgers,totals,7.5,BetRivers,Under +7.5,1.8000
2026-09-25T14:05:26+00:00,4fbefac3123d4ff451f2e10eb66e0371,Atlante FC vs Monterrey,h2h,,BetRivers,Atlante FC,3.3500
2026-09-25T14:05:26+00:00,4fbefac3123d4ff451f2e10eb66e0371,Atlante FC vs Monterrey,h2h,,BetRivers,Monterrey,1.9600
2026-09-25T14:05:26+00:00,4fbefac3123d4ff451f2e10eb66e0371,Atlante FC vs Monterrey,h2h,,BetRivers,Draw,3.5500
2026-09-25T14:05:26+00:00,4fbefac3123d4ff451f2e10eb66e0371,Atlante FC vs Monterrey,h2h,,FanDuel,Atlante FC,3.3000
2026-09-25T14:05:26+00:00,4fbefac3123d4ff451f2e10eb66e0371,Atlante FC vs Monterrey,h2h,,FanDuel,Monterrey,2.0500
2026-09-25T14:05:26+00:00,4fbefac3123d4ff451f2e10eb66e0371,Atlante FC vs Monterrey,h2h,,FanDuel,Draw,3.7000
2026-09-25T14:05:26+00:00,4fbefac3123d4ff451f2e10eb66e0371,Atlante FC vs Monterrey,h2h,,LowVig.ag,Atlante FC,3.3500
2026-09-25T14:05:26+00:00,4fbefac3123d4ff451f2e10eb66e0371,Atlante FC vs Monterrey,h2h,,LowVig.ag,Monterrey,2.1300
2026-09-25T14:05:26+00:00,4fbefac3123d4ff451f2e10eb66e0371,Atlante FC vs Monterrey,h2h,,LowVig.ag,Draw,3.7500
2026-09-25T14:05:26+00:00,4fbefac3123d4ff451f2e10eb66e0371,Atlante FC vs Monterrey,h2h,,BetOnline.ag,Atlante FC,3.3500
2026-09-25T14:05:26+00:00,4fbefac3123d4ff451f2e10eb66e0371,Atlante FC vs Monterrey,h2h,,BetOnline.ag,Monterrey,2.1300
2026-09-25T14:05:26+00:00,4fbefac3123d4ff451f2e10eb66e0371,Atlante FC vs Monterrey,h2h,,BetOnline.ag,Draw,3.7500
2026-09-25T14:05:26+00:00,4fbefac3123d4ff451f2e10eb66e0371,Atlante FC vs Monterrey,h2h,,DraftKings,Atlante FC,3.3000
2026-09-25T14:05:26+00:00,4fbefac3123d4ff451f2e10eb66e0371,Atlante FC vs Monterrey,h2h,,DraftKings,Monterrey,2.1000
2026-09-25T14:05:26+00:00,4fbefac3123d4ff451f2e10eb66e0371,Atlante FC vs Monterrey,h2h,,DraftKings,Draw,3.6500
2026-09-25T14:05:26+00:00,4fbefac3123d4ff451f2e10eb66e0371,Atlante FC vs Monterrey,h2h,,BetUS,Atlante FC,3.3500
2026-09-25T14:05:26+00:00,4fbefac3123d4ff451f2e10eb66e0371,Atlante FC vs Monterrey,h2h,,BetUS,Monterrey,2.1500
2026-09-25T14:05:26+00:00,4fbefac3123d4ff451f2e10eb66e0371,Atlante FC vs Monterrey,h2h,,BetUS,Draw,3.7500
2026-09-25T14:05:26+00:00,4fbefac3123d4ff451f2e10eb66e0371,Atlante FC vs Monterrey,totals,2.5,BetRivers,Over +2.5,1.6200
2026-09-25T14:05:26+00:00,4fbefac3123d4ff451f2e10eb66e0371,Atlante FC vs Monterrey,totals,2.5,BetRivers,Under +2.5,2.1500
2026-09-25T14:05:26+00:00,4fbefac3123d4ff451f2e10eb66e0371,Atlante FC vs Monterrey,totals,2.5,LowVig.ag,Over +2.5,1.7200
2026-09-25T14:05:26+00:00,4fbefac3123d4ff451f2e10eb66e0371,Atlante FC vs Monterrey,totals,2.5,LowVig.ag,Under +2.5,2.0500
2026-09-25T14:05:26+00:00,4fbefac3123d4ff451f2e10eb66e0371,Atlante FC vs Monterrey,totals,2.5,BetOnline.ag,Over +2.5,1.7200
2026-09-25T14:05:26+00:00,4fbefac3123d4ff451f2e10eb66e0371,Atlante FC vs Monterrey,totals,2.5,BetOnline.ag,Under +2.5,2.0500
2026-09-25T14:05:26+00:00,4fbefac3123d4ff451f2e10eb66e0371,Atlante FC vs Monterrey,totals,2.5,BetUS,Over +2.5,1.7100
2026-09-25T14:05:26+00:00,4fbefac3123d4ff451f2e10eb66e0371,Atlante FC vs Monterrey,totals,2.5,BetUS,Under +2.5,2.1000
2026-09-25T14:05:26+00:00,4fbefac3123d4ff451f2e10eb66e0371,Atlante FC vs Monterrey,spreads,0.5,LowVig.ag,Atlante FC +0.5,1.7100
2026-09-25T14:05:26+00:00,4fbefac3123d4ff451f2e10eb66e0371,Atlante FC vs Monterrey,spreads,-0.5,LowVig.ag,Monterrey -0.5,2.1300
2026-09-25T14:05:26+00:00,4fbefac3123d4ff451f2e10eb66e0371,Atlante FC vs Monterrey,spreads,0.5,BetOnline.ag,Atlante FC +0.5,1.7100
2026-09-25T14:05:26+00:00,4fbefac3123d4ff451f2e10eb66e0371,Atlante FC vs Monterrey,spreads,-0.5,BetOnline.ag,Monterrey -0.5,2.1300
2026-09-25T14:05:26+00:00,4fbefac3123d4ff451f2e10eb66e0371,Atlante FC vs Monterrey,spreads,0.5,BetUS,Atlante FC +0.5,1.7100
2026-09-25T14:05:26+00:00,4fbefac3123d4ff451f2e10eb66e0371,Atlante FC vs Monterrey,spreads,-0.5,BetUS,Monterrey -0.5,2.1000
2026-09-25T14:05:26+00:00,122267c39aa7c22d2654631087b55b39,Tijuana vs Atlas,h2h,,BetRivers,Atlas,3.5000
2026-09-25T14:05:26+00:00,122267c39aa7c22d2654631087b55b39,Tijuana vs Atlas,h2h,,BetRivers,Tijuana,1.9700
2026-09-25T14:05:26+00:00,122267c39aa7c22d2654631087b55b39,Tijuana vs Atlas,h2h,,BetRivers,Draw,3.3500
2026-09-25T14:05:26+00:00,122267c39aa7c22d2654631087b55b39,Tijuana vs Atlas,h2h,,FanDuel,Atlas,3.4000
2026-09-25T14:05:26+00:00,122267c39aa7c22d2654631087b55b39,Tijuana vs Atlas,h2h,,FanDuel,Tijuana,2.0500
2026-09-25T14:05:26+00:00,122267c39aa7c22d2654631087b55b39,Tijuana vs Atlas,h2h,,FanDuel,Draw,3.5000
2026-09-25T14:05:26+00:00,122267c39aa7c22d2654631087b55b39,Tijuana vs Atlas,h2h,,BetOnline.ag,Atlas,3.6700
2026-09-25T14:05:26+00:00,122267c39aa7c22d2654631087b55b39,Tijuana vs Atlas,h2h,,BetOnline.ag,Tijuana,2.0800
2026-09-25T14:05:26+00:00,122267c39aa7c22d2654631087b55b39,Tijuana vs Atlas,h2h,,BetOnline.ag,Draw,3.5500
2026-09-25T14:05:26+00:00,122267c39aa7c22d2654631087b55b39,Tijuana vs Atlas,h2h,,LowVig.ag,Atlas,3.6700
2026-09-25T14:05:26+00:00,122267c39aa7c22d2654631087b55b39,Tijuana vs Atlas,h2h,,LowVig.ag,Tijuana,2.0800
2026-09-25T14:05:26+00:00,122267c39aa7c22d2654631087b55b39,Tijuana vs Atlas,h2h,,LowVig.ag,Draw,3.5500
2026-09-25T14:05:26+00:00,122267c39aa7c22d2654631087b55b39,Tijuana vs Atlas,h2h,,DraftKings,Atlas,3.6500
2026-09-25T14:05:26+00:00,122267c39aa7c22d2654631087b55b39,Tijuana vs Atlas,h2h,,DraftKings,Tijuana,2.0000
2026-09-25T14:05:26+00:00,122267c39aa7c22d2654631087b55b39,Tijuana vs Atlas,h2h,,DraftKings,Draw,3.4500
2026-09-25T14:05:26+00:00,122267c39aa7c22d2654631087b55b39,Tijuana vs Atlas,h2h,,BetUS,Atlas,3.6500
2026-09-25T14:05:26+00:00,122267c39aa7c22d2654631087b55b39,Tijuana vs Atlas,h2h,,BetUS,Tijuana,2.1000
2026-09-25T14:05:26+00:00,122267c39aa7c22d2654631087b55b39,Tijuana vs Atlas,h2h,,BetUS,Draw,3.5500
2026-09-25T14:05:26+00:00,122267c39aa7c22d2654631087b55b39,Tijuana vs Atlas,totals,2.5,BetRivers,Over +2.5,1.8700
2026-09-25T14:05:26+00:00,122267c39aa7c22d2654631087b55b39,Tijuana vs Atlas,totals,2.5,BetRivers,Under +2.5,1.8300
2026-09-25T14:05:26+00:00,122267c39aa7c22d2654631087b55b39,Tijuana vs Atlas,totals,2.5,BetOnline.ag,Over +2.5,1.8700
2026-09-25T14:05:26+00:00,122267c39aa7c22d2654631087b55b39,Tijuana vs Atlas,totals,2.5,BetOnline.ag,Under +2.5,1.9200
2026-09-25T14:05:26+00:00,122267c39aa7c22d2654631087b55b39,Tijuana vs Atlas,totals,2.5,LowVig.ag,Over +2.5,1.8700
2026-09-25T14:05:26+00:00,122267c39aa7c22d2654631087b55b39,Tijuana vs Atlas,totals,2.5,LowVig.ag,Under +2.5,1.9200
2026-09-25T14:05:26+00:00,122267c39aa7c22d2654631087b55b39,Tijuana vs Atlas,totals,2.5,BetUS,Over +2.5,1.8700
2026-09-25T14:05:26+00:00,122267c39aa7c22d2654631087b55b39,Tijuana vs Atlas,totals,2.5,BetUS,Under +2.5,1.8700
2026-09-25T14:05:26+00:00,122267c39aa7c22d2654631087b55b39,Tijuana vs Atlas,spreads,0.5,BetOnline.ag,Atlas +0.5,1.7500
2026-09-25T14:05:26+00:00,122267c39aa7c22d2654631087b55b39,Tijuana vs Atlas,spreads,-0.5,BetOnline.ag,Tijuana -0.5,2.0800
2026-09-25T14:05:26+00:00,122267c39aa7c22d2654631087b55b39,Tijuana vs Atlas,spreads,0.5,LowVig.ag,Atlas +0.5,1.7500
2026-09-25T14:05:26+00:00,122267c39aa7c22d2654631087b55b39,Tijuana vs Atlas,spreads,-0.5,LowVig.ag,Tijuana -0.5,2.0800
2026-09-25T14:05:26+00:00,122267c39aa7c22d2654631087b55b39,Tijuana vs Atlas,spreads,0.5,BetUS,Atlas +0.5,1.7400
2026-09-25T14:05:26+00:00,122267c39aa7c22d2654631087b55b39,Tijuana vs Atlas,spreads,-0.5,BetUS,Tijuana -0.5,2.0500
2026-09-25T14:05:26+00:00,d559e0b2cc9b79504ad6d3e221ea050f,Armenia vs Latvia,h2h,,BetRivers,Armenia,1.7900
2026-09-25T14:05:26+00:00,d559e0b2cc9b79504ad6d3e221ea050f,Armenia vs Latvia,h2h,,BetRivers,Latvia,4.5000
2026-09-25T14:05:26+00:00,d559e0b2cc9b79504ad6d3e221ea050f,Armenia vs Latvia,h2h,,BetRivers,Draw,3.4500
2026-09-25T14:05:26+00:00,d559e0b2cc9b79504ad6d3e221ea050f,Armenia vs Latvia,h2h,,FanDuel,Armenia,1.7700
2026-09-25T14:05:26+00:00,d559e0b2cc9b79504ad6d3e221ea050f,Armenia vs Latvia,h2h,,FanDuel,Latvia,4.5000
2026-09-25T14:05:26+00:00,d559e0b2cc9b79504ad6d3e221ea050f,Armenia vs Latvia,h2h,,FanDuel,Draw,3.4000
2026-09-25T14:05:26+00:00,d559e0b2cc9b79504ad6d3e221ea050f,Armenia vs Latvia,h2h,,Bovada,Armenia,1.7500
2026-09-25T14:05:26+00:00,d559e0b2cc9b79504ad6d3e221ea050f,Armenia vs Latvia,h2h,,Bovada,Latvia,4.6000
2026-09-25T14:05:26+00:00,d559e0b2cc9b79504ad6d3e221ea050f,Armenia vs Latvia,h2h,,Bovada,Draw,3.4000
2026-09-25T14:05:26+00:00,d559e0b2cc9b79504ad6d3e221ea050f,Armenia vs Latvia,h2h,,DraftKings,Armenia,1.7700
2026-09-25T14:05:26+00:00,d559e0b2cc9b79504ad6d3e221ea050f,Armenia vs Latvia,h2h,,DraftKings,Latvia,4.5000
2026-09-25T14:05:26+00:00,d559e0b2cc9b79504ad6d3e221ea050f,Armenia vs Latvia,h2h,,DraftKings,Draw,3.4000
2026-09-25T14:05:26+00:00,d559e0b2cc9b79504ad6d3e221ea050f,Armenia vs Latvia,totals,2.5,BetRivers,Over +2.5,1.8900
2026-09-25T14:05:26+00:00,d559e0b2cc9b79504ad6d3e221ea050f,Armenia vs Latvia,totals,2.5,BetRivers,Under +2.5,1.7700
2026-09-25T14:05:26+00:00,d559e0b2cc9b79504ad6d3e221ea050f,Armenia vs Latvia,totals,2.25,Bovada,Over +2.25,1.8700
2026-09-25T14:05:26+00:00,d559e0b2cc9b79504ad6d3e221ea050f,Armenia vs Latvia,totals,2.25,Bovada,Under +2.25,1.9500
2026-09-25T14:05:26+00:00,d559e0b2cc9b79504ad6d3e221ea050f,Armenia vs Latvia,spreads,-0.75,Bovada,Armenia -0.75,2.0500
2026-09-25T14:05:26+00:00,d559e0b2cc9b79504ad6d3e221ea050f,Armenia vs Latvia,spreads,0.75,Bovada,Latvia +0.75,1.8000
2026-09-25T14:05:26+00:00,56e89688e8dcce4889162404c8290f50,Georgia vs Northern Ireland,h2h,,BetRivers,Georgia,1.7900
2026-09-25T14:05:26+00:00,56e89688e8dcce4889162404c8290f50,Georgia vs Northern Ireland,h2h,,BetRivers,Northern Ireland,4.6000
2026-09-25T14:05:26+00:00,56e89688e8dcce4889162404c8290f50,Georgia vs Northern Ireland,h2h,,BetRivers,Draw,3.5000
2026-09-25T14:05:26+00:00,56e89688e8dcce4889162404c8290f50,Georgia vs Northern Ireland,h2h,,FanDuel,Georgia,1.7700
2026-09-25T14:05:26+00:00,56e89688e8dcce4889162404c8290f50,Georgia vs Northern Ireland,h2h,,FanDuel,Northern Ireland,4.9000
2026-09-25T14:05:26+00:00,56e89688e8dcce4889162404c8290f50,Georgia vs Northern Ireland,h2h,,FanDuel,Draw,3.2000
2026-09-25T14:05:26+00:00,56e89688e8dcce4889162404c8290f50,Georgia vs Northern Ireland,h2h,,DraftKings,Georgia,1.7700
2026-09-25T14:05:26+00:00,56e89688e8dcce4889162404c8290f50,Georgia vs Northern Ireland,h2h,,DraftKings,Northern Ireland,4.6000
2026-09-25T14:05:26+00:00,56e89688e8dcce4889162404c8290f50,Georgia vs Northern Ireland,h2h,,DraftKings,Draw,3.3000
2026-09-25T14:05:26+00:00,56e89688e8dcce4889162404c8290f50,Georgia vs Northern Ireland,h2h,,Bovada,Georgia,1.8000
2026-09-25T14:05:26+00:00,56e89688e8dcce4889162404c8290f50,Georgia vs Northern Ireland,h2h,,Bovada,Northern Ireland,4.7500
2026-09-25T14:05:26+00:00,56e89688e8dcce4889162404c8290f50,Georgia vs Northern Ireland,h2h,,Bovada,Draw,3.3500
2026-09-25T14:05:26+00:00,56e89688e8dcce4889162404c8290f50,Georgia vs Northern Ireland,totals,2.5,BetRivers,Over +2.5,2.1000
2026-09-25T14:05:26+00:00,56e89688e8dcce4889162404c8290f50,Georgia vs Northern Ireland,totals,2.5,BetRivers,Under +2.5,1.6800
2026-09-25T14:05:26+00:00,56e89688e8dcce4889162404c8290f50,Georgia vs Northern Ireland,totals,2.25,Bovada,Over +2.25,2.0500
2026-09-25T14:05:26+00:00,56e89688e8dcce4889162404c8290f50,Georgia vs Northern Ireland,totals,2.25,Bovada,Under +2.25,1.8000
2026-09-25T14:05:26+00:00,56e89688e8dcce4889162404c8290f50,Georgia vs Northern Ireland,spreads,-0.5,Bovada,Georgia -0.5,1.8200
2026-09-25T14:05:26+00:00,56e89688e8dcce4889162404c8290f50,Georgia vs Northern Ireland,spreads,0.5,Bovada,Northern Ireland +0.5,2.0200
2026-09-25T14:05:26+00:00,95d5c8d1489bc284b68dc332fa1cb854,Italy vs Belgium,h2h,,FanDuel,Belgium,3.1000
2026-09-25T14:05:26+00:00,95d5c8d1489bc284b68dc332fa1cb854,Italy vs Belgium,h2h,,FanDuel,Italy,2.2000
2026-09-25T14:05:26+00:00,95d5c8d1489bc284b68dc332fa1cb854,Italy vs Belgium,h2h,,FanDuel,Draw,3.5000
2026-09-25T14:05:26+00:00,95d5c8d1489bc284b68dc332fa1cb854,Italy vs Belgium,h2h,,BetRivers,Belgium,3.1500
2026-09-25T14:05:26+00:00,95d5c8d1489bc284b68dc332fa1cb854,Italy vs Belgium,h2h,,BetRivers,Italy,2.1200
2026-09-25T14:05:26+00:00,95d5c8d1489bc284b68dc332fa1cb854,Italy vs Belgium,h2h,,BetRivers,Draw,3.5000
2026-09-25T14:05:26+00:00,95d5c8d1489bc284b68dc332fa1cb854,Italy vs Belgium,h2h,,DraftKings,Belgium,3.0000
2026-09-25T14:05:26+00:00,95d5c8d1489bc284b68dc332fa1cb854,Italy vs Belgium,h2h,,DraftKings,Italy,2.2000
2026-09-25T14:05:26+00:00,95d5c8d1489bc284b68dc332fa1cb854,Italy vs Belgium,h2h,,DraftKings,Draw,3.4500
2026-09-25T14:05:26+00:00,95d5c8d1489bc284b68dc332fa1cb854,Italy vs Belgium,h2h,,Bovada,Belgium,3.1200
2026-09-25T14:05:26+00:00,95d5c8d1489bc284b68dc332fa1cb854,Italy vs Belgium,h2h,,Bovada,Italy,2.1700
2026-09-25T14:05:26+00:00,95d5c8d1489bc284b68dc332fa1cb854,Italy vs Belgium,h2h,,Bovada,Draw,3.5000
2026-09-25T14:05:26+00:00,95d5c8d1489bc284b68dc332fa1cb854,Italy vs Belgium,totals,2.5,BetRivers,Over +2.5,1.6300
2026-09-25T14:05:26+00:00,95d5c8d1489bc284b68dc332fa1cb854,Italy vs Belgium,totals,2.5,BetRivers,Under +2.5,2.1000
2026-09-25T14:05:26+00:00,95d5c8d1489bc284b68dc332fa1cb854,Italy vs Belgium,totals,3.0,Bovada,Over +3,2.0500
2026-09-25T14:05:26+00:00,95d5c8d1489bc284b68dc332fa1cb854,Italy vs Belgium,totals,3.0,Bovada,Under +3,1.8000
2026-09-25T14:05:26+00:00,95d5c8d1489bc284b68dc332fa1cb854,Italy vs Belgium,spreads,0.25,Bovada,Belgium +0.25,1.9300
2026-09-25T14:05:26+00:00,95d5c8d1489bc284b68dc332fa1cb854,Italy vs Belgium,spreads,-0.25,Bovada,Italy -0.25,1.8900
2026-09-25T14:05:26+00:00,bd6aee3c71bd9b3897ae6bc55bd43de4,Poland vs Bosnia & Herzegovina,h2h,,BetRivers,Bosnia & Herzegovina,5.4000
2026-09-25T14:05:26+00:00,bd6aee3c71bd9b3897ae6bc55bd43de4,Poland vs Bosnia & Herzegovina,h2h,,BetRivers,Poland,1.5700
2026-09-25T14:05:26+00:00,bd6aee3c71bd9b3897ae6bc55bd43de4,Poland vs Bosnia & Herzegovina,h2h,,BetRivers,Draw,3.9500
2026-09-25T14:05:26+00:00,bd6aee3c71bd9b3897ae6bc55bd43de4,Poland vs Bosnia & Herzegovina,h2h,,FanDuel,Bosnia & Herzegovina,6.0000
2026-09-25T14:05:26+00:00,bd6aee3c71bd9b3897ae6bc55bd43de4,Poland vs Bosnia & Herzegovina,h2h,,FanDuel,Poland,1.4800
2026-09-25T14:05:26+00:00,bd6aee3c71bd9b3897ae6bc55bd43de4,Poland vs Bosnia & Herzegovina,h2h,,FanDuel,Draw,4.3000
2026-09-25T14:05:26+00:00,bd6aee3c71bd9b3897ae6bc55bd43de4,Poland vs Bosnia & Herzegovina,h2h,,DraftKings,Bosnia & Herzegovina,5.7500
2026-09-25T14:05:26+00:00,bd6aee3c71bd9b3897ae6bc55bd43de4,Poland vs Bosnia & Herzegovina,h2h,,DraftKings,Poland,1.5000
2026-09-25T14:05:26+00:00,bd6aee3c71bd9b3897ae6bc55bd43de4,Poland vs Bosnia & Herzegovina,h2h,,DraftKings,Draw,4.2000
2026-09-25T14:05:26+00:00,bd6aee3c71bd9b3897ae6bc55bd43de4,Poland vs Bosnia & Herzegovina,h2h,,Bovada,Bosnia & Herzegovina,6.0000
2026-09-25T14:05:26+00:00,bd6aee3c71bd9b3897ae6bc55bd43de4,Poland vs Bosnia & Herzegovina,h2h,,Bovada,Poland,1.5000
2026-09-25T14:05:26+00:00,bd6aee3c71bd9b3897ae6bc55bd43de4,Poland vs Bosnia & Herzegovina,h2h,,Bovada,Draw,4.3500
2026-09-25T14:05:26+00:00,bd6aee3c71bd9b3897ae6bc55bd43de4,Poland vs Bosnia & Herzegovina,totals,2.5,BetRivers,Over +2.5,1.7600
2026-09-25T14:05:26+00:00,bd6aee3c71bd9b3897ae6bc55bd43de4,Poland vs Bosnia & Herzegovina,totals,2.5,BetRivers,Under +2.5,1.9100
2026-09-25T14:05:26+00:00,bd6aee3c71bd9b3897ae6bc55bd43de4,Poland vs Bosnia & Herzegovina,totals,2.75,Bovada,Over +2.75,1.9300
2026-09-25T14:05:26+00:00,bd6aee3c71bd9b3897ae6bc55bd43de4,Poland vs Bosnia & Herzegovina,totals,2.75,Bovada,Under +2.75,1.8900
2026-09-25T14:05:26+00:00,bd6aee3c71bd9b3897ae6bc55bd43de4,Poland vs Bosnia & Herzegovina,spreads,1.0,Bovada,Bosnia & Herzegovina +1,1.9500
2026-09-25T14:05:26+00:00,bd6aee3c71bd9b3897ae6bc55bd43de4,Poland vs Bosnia & Herzegovina,spreads,-1.0,Bovada,Poland -1,1.8700
2026-09-25T14:05:26+00:00,8d8af5c471bb4fbf8f3dd85dbd414227,Montenegro vs Cyprus,h2h,,BetRivers,Cyprus,4.9000
2026-09-25T14:05:26+00:00,8d8af5c471bb4fbf8f3dd85dbd414227,Montenegro vs Cyprus,h2h,,BetRivers,Montenegro,1.7000
2026-09-25T14:05:26+00:00,8d8af5c471bb4fbf8f3dd85dbd414227,Montenegro vs Cyprus,h2h,,BetRivers,Draw,3.7000
2026-09-25T14:05:26+00:00,8d8af5c471bb4fbf8f3dd85dbd414227,Montenegro vs Cyprus,h2h,,FanDuel,Cyprus,5.1000
2026-09-25T14:05:26+00:00,8d8af5c471bb4fbf8f3dd85dbd414227,Montenegro vs Cyprus,h2h,,FanDuel,Montenegro,1.6900
2026-09-25T14:05:26+00:00,8d8af5c471bb4fbf8f3dd85dbd414227,Montenegro vs Cyprus,h2h,,FanDuel,Draw,3.5000
2026-09-25T14:05:26+00:00,8d8af5c471bb4fbf8f3dd85dbd414227,Montenegro vs Cyprus,h2h,,Bovada,Cyprus,4.7500
2026-09-25T14:05:26+00:00,8d8af5c471bb4fbf8f3dd85dbd414227,Montenegro vs Cyprus,h2h,,Bovada,Montenegro,1.6800
2026-09-25T14:05:26+00:00,8d8af5c471bb4fbf8f3dd85dbd414227,Montenegro vs Cyprus,h2h,,Bovada,Draw,3.6000
2026-09-25T14:05:26+00:00,8d8af5c471bb4fbf8f3dd85dbd414227,Montenegro vs Cyprus,h2h,,DraftKings,Cyprus,4.8000
2026-09-25T14:05:26+00:00,8d8af5c471bb4fbf8f3dd85dbd414227,Montenegro vs Cyprus,h2h,,DraftKings,Montenegro,1.6900
2026-09-25T14:05:26+00:00,8d8af5c471bb4fbf8f3dd85dbd414227,Montenegro vs Cyprus,h2h,,DraftKings,Draw,3.6000
2026-09-25T14:05:26+00:00,8d8af5c471bb4fbf8f3dd85dbd414227,Montenegro vs Cyprus,totals,2.5,BetRivers,Over +2.5,1.9700
2026-09-25T14:05:26+00:00,8d8af5c471bb4fbf8f3dd85dbd414227,Montenegro vs Cyprus,totals,2.5,BetRivers,Under +2.5,1.7700
2026-09-25T14:05:26+00:00,8d8af5c471bb4fbf8f3dd85dbd414227,Montenegro vs Cyprus,totals,2.25,Bovada,Over +2.25,1.8000
2026-09-25T14:05:26+00:00,8d8af5c471bb4fbf8f3dd85dbd414227,Montenegro vs Cyprus,totals,2.25,Bovada,Under +2.25,2.0500
2026-09-25T14:05:26+00:00,8d8af5c471bb4fbf8f3dd85dbd414227,Montenegro vs Cyprus,spreads,0.75,Bovada,Cyprus +0.75,1.8900
2026-09-25T14:05:26+00:00,8d8af5c471bb4fbf8f3dd85dbd414227,Montenegro vs Cyprus,spreads,-0.75,Bovada,Montenegro -0.75,1.9300
2026-09-25T14:05:26+00:00,2b7592be536420c10378dd7522466f6a,Turkey vs France,h2h,,FanDuel,France,1.3100
2026-09-25T14:05:26+00:00,2b7592be536420c10378dd7522466f6a,Turkey vs France,h2h,,FanDuel,Turkey,8.0000
2026-09-25T14:05:26+00:00,2b7592be536420c10378dd7522466f6a,Turkey vs France,h2h,,FanDuel,Draw,5.6000
2026-09-25T14:05:26+00:00,2b7592be536420c10378dd7522466f6a,Turkey vs France,h2h,,BetRivers,France,1.3200
2026-09-25T14:05:26+00:00,2b7592be536420c10378dd7522466f6a,Turkey vs France,h2h,,BetRivers,Turkey,7.5000
2026-09-25T14:05:26+00:00,2b7592be536420c10378dd7522466f6a,Turkey vs France,h2h,,BetRivers,Draw,5.3000
2026-09-25T14:05:26+00:00,2b7592be536420c10378dd7522466f6a,Turkey vs France,h2h,,DraftKings,France,1.3300
2026-09-25T14:05:26+00:00,2b7592be536420c10378dd7522466f6a,Turkey vs France,h2h,,DraftKings,Turkey,7.0000
2026-09-25T14:05:26+00:00,2b7592be536420c10378dd7522466f6a,Turkey vs France,h2h,,DraftKings,Draw,5.2500
2026-09-25T14:05:26+00:00,2b7592be536420c10378dd7522466f6a,Turkey vs France,h2h,,Bovada,France,1.3500
2026-09-25T14:05:26+00:00,2b7592be536420c10378dd7522466f6a,Turkey vs France,h2h,,Bovada,Turkey,7.5000
2026-09-25T14:05:26+00:00,2b7592be536420c10378dd7522466f6a,Turkey vs France,h2h,,Bovada,Draw,5.2500
2026-09-25T14:05:26+00:00,2b7592be536420c10378dd7522466f6a,Turkey vs France,totals,3.5,BetRivers,Over +3.5,1.8200
2026-09-25T14:05:26+00:00,2b7592be536420c10378dd7522466f6a,Turkey vs France,totals,3.5,BetRivers,Under +3.5,1.9300
2026-09-25T14:05:26+00:00,2b7592be536420c10378dd7522466f6a,Turkey vs France,totals,3.5,Bovada,Over +3.5,1.9500
2026-09-25T14:05:26+00:00,2b7592be536420c10378dd7522466f6a,Turkey vs France,totals,3.5,Bovada,Under +3.5,1.8700
2026-09-25T14:05:26+00:00,2b7592be536420c10378dd7522466f6a,Turkey vs France,spreads,-1.5,Bovada,France -1.5,1.9100
2026-09-25T14:05:26+00:00,2b7592be536420c10378dd7522466f6a,Turkey vs France,spreads,1.5,Bovada,Turkey +1.5,1.9100
2026-09-25T14:05:26+00:00,9061961fe607d2b8b3e7f686244c61ea,Hungary vs Ukraine,h2h,,BetRivers,Hungary,2.4300
2026-09-25T14:05:26+00:00,9061961fe607d2b8b3e7f686244c61ea,Hungary vs Ukraine,h2h,,BetRivers,Ukraine,2.9000
2026-09-25T14:05:26+00:00,9061961fe607d2b8b3e7f686244c61ea,Hungary vs Ukraine,h2h,,BetRivers,Draw,3.0500
2026-09-25T14:05:26+00:00,9061961fe607d2b8b3e7f686244c61ea,Hungary vs Ukraine,h2h,,FanDuel,Hungary,2.4500
2026-09-25T14:05:26+00:00,9061961fe607d2b8b3e7f686244c61ea,Hungary vs Ukraine,h2h,,FanDuel,Ukraine,2.9500
2026-09-25T14:05:26+00:00,9061961fe607d2b8b3e7f686244c61ea,Hungary vs Ukraine,h2h,,FanDuel,Draw,3.1000
2026-09-25T14:05:26+00:00,9061961fe607d2b8b3e7f686244c61ea,Hungary vs Ukraine,h2h,,DraftKings,Hungary,2.4500
2026-09-25T14:05:26+00:00,9061961fe607d2b8b3e7f686244c61ea,Hungary vs Ukraine,h2h,,DraftKings,Ukraine,2.9000
2026-09-25T14:05:26+00:00,9061961fe607d2b8b3e7f686244c61ea,Hungary vs Ukraine,h2h,,DraftKings,Draw,3.0500
2026-09-25T14:05:26+00:00,9061961fe607d2b8b3e7f686244c61ea,Hungary vs Ukraine,h2h,,Bovada,Hungary,2.5200
2026-09-25T14:05:26+00:00,9061961fe607d2b8b3e7f686244c61ea,Hungary vs Ukraine,h2h,,Bovada,Ukraine,2.9000
2026-09-25T14:05:26+00:00,9061961fe607d2b8b3e7f686244c61ea,Hungary vs Ukraine,h2h,,Bovada,Draw,3.1200
2026-09-25T14:05:26+00:00,9061961fe607d2b8b3e7f686244c61ea,Hungary vs Ukraine,totals,2.5,BetRivers,Over +2.5,2.1000
2026-09-25T14:05:26+00:00,9061961fe607d2b8b3e7f686244c61ea,Hungary vs Ukraine,totals,2.5,BetRivers,Under +2.5,1.7000
2026-09-25T14:05:26+00:00,9061961fe607d2b8b3e7f686244c61ea,Hungary vs Ukraine,totals,2.25,Bovada,Over +2.25,1.9500
2026-09-25T14:05:26+00:00,9061961fe607d2b8b3e7f686244c61ea,Hungary vs Ukraine,totals,2.25,Bovada,Under +2.25,1.8700
2026-09-25T14:05:26+00:00,9061961fe607d2b8b3e7f686244c61ea,Hungary vs Ukraine,spreads,0.0,Bovada,Hungary +0,1.7800
2026-09-25T14:05:26+00:00,9061961fe607d2b8b3e7f686244c61ea,Hungary vs Ukraine,spreads,0.0,Bovada,Ukraine +0,2.0800
2026-09-25T14:05:26+00:00,f7d490f8981f46b035b30f715b8ecdac,Sweden vs Romania,h2h,,BetRivers,Romania,7.0000
2026-09-25T14:05:26+00:00,f7d490f8981f46b035b30f715b8ecdac,Sweden vs Romania,h2h,,BetRivers,Sweden,1.4000
2026-09-25T14:05:26+00:00,f7d490f8981f46b035b30f715b8ecdac,Sweden vs Romania,h2h,,BetRivers,Draw,4.6000
2026-09-25T14:05:26+00:00,f7d490f8981f46b035b30f715b8ecdac,Sweden vs Romania,h2h,,FanDuel,Romania,7.0000
2026-09-25T14:05:26+00:00,f7d490f8981f46b035b30f715b8ecdac,Sweden vs Romania,h2h,,FanDuel,Sweden,1.4000
2026-09-25T14:05:26+00:00,f7d490f8981f46b035b30f715b8ecdac,Sweden vs Romania,h2h,,FanDuel,Draw,4.6000
2026-09-25T14:05:26+00:00,f7d490f8981f46b035b30f715b8ecdac,Sweden vs Romania,h2h,,DraftKings,Romania,6.5000
2026-09-25T14:05:26+00:00,f7d490f8981f46b035b30f715b8ecdac,Sweden vs Romania,h2h,,DraftKings,Sweden,1.4100
2026-09-25T14:05:26+00:00,f7d490f8981f46b035b30f715b8ecdac,Sweden vs Romania,h2h,,DraftKings,Draw,4.6000
2026-09-25T14:05:26+00:00,f7d490f8981f46b035b30f715b8ecdac,Sweden vs Romania,h2h,,Bovada,Romania,6.5000
2026-09-25T14:05:26+00:00,f7d490f8981f46b035b30f715b8ecdac,Sweden vs Romania,h2h,,Bovada,Sweden,1.4200
2026-09-25T14:05:26+00:00,f7d490f8981f46b035b30f715b8ecdac,Sweden vs Romania,h2h,,Bovada,Draw,4.8000
2026-09-25T14:05:26+00:00,f7d490f8981f46b035b30f715b8ecdac,Sweden vs Romania,totals,3.5,BetRivers,Over +3.5,2.3300
2026-09-25T14:05:26+00:00,f7d490f8981f46b035b30f715b8ecdac,Sweden vs Romania,totals,3.5,BetRivers,Under +3.5,1.5600
2026-09-25T14:05:26+00:00,f7d490f8981f46b035b30f715b8ecdac,Sweden vs Romania,totals,3.0,Bovada,Over +3,1.9300
2026-09-25T14:05:26+00:00,f7d490f8981f46b035b30f715b8ecdac,Sweden vs Romania,totals,3.0,Bovada,Under +3,1.8900
2026-09-25T14:05:26+00:00,f7d490f8981f46b035b30f715b8ecdac,Sweden vs Romania,spreads,1.25,Bovada,Romania +1.25,1.8900
2026-09-25T14:05:26+00:00,f7d490f8981f46b035b30f715b8ecdac,Sweden vs Romania,spreads,-1.25,Bovada,Sweden -1.25,1.9300
2026-09-25T14:05:26+00:00,2b0afd76c5108b81ce762450d53ca18f,Girona FC vs Albacete,h2h,,BetOnline.ag,Albacete,5.9000
2026-09-25T14:05:26+00:00,2b0afd76c5108b81ce762450d53ca18f,Girona FC vs Albacete,h2h,,BetOnline.ag,Girona FC,1.5000
2026-09-25T14:05:26+00:00,2b0afd76c5108b81ce762450d53ca18f,Girona FC vs Albacete,h2h,,BetOnline.ag,Draw,4.3000
2026-09-25T14:05:26+00:00,2b0afd76c5108b81ce762450d53ca18f,Girona FC vs Albacete,h2h,,LowVig.ag,Albacete,5.9000
2026-09-25T14:05:26+00:00,2b0afd76c5108b81ce762450d53ca18f,Girona FC vs Albacete,h2h,,LowVig.ag,Girona FC,1.5000
2026-09-25T14:05:26+00:00,2b0afd76c5108b81ce762450d53ca18f,Girona FC vs Albacete,h2h,,LowVig.ag,Draw,4.3000
2026-09-25T14:05:26+00:00,2b0afd76c5108b81ce762450d53ca18f,Girona FC vs Albacete,h2h,,FanDuel,Albacete,6.0000
2026-09-25T14:05:26+00:00,2b0afd76c5108b81ce762450d53ca18f,Girona FC vs Albacete,h2h,,FanDuel,Girona FC,1.5000
2026-09-25T14:05:26+00:00,2b0afd76c5108b81ce762450d53ca18f,Girona FC vs Albacete,h2h,,FanDuel,Draw,4.3000
2026-09-25T14:05:26+00:00,2b0afd76c5108b81ce762450d53ca18f,Girona FC vs Albacete,h2h,,DraftKings,Albacete,5.7500
2026-09-25T14:05:26+00:00,2b0afd76c5108b81ce762450d53ca18f,Girona FC vs Albacete,h2h,,DraftKings,Girona FC,1.5100
2026-09-25T14:05:26+00:00,2b0afd76c5108b81ce762450d53ca18f,Girona FC vs Albacete,h2h,,DraftKings,Draw,4.4000
2026-09-25T14:05:26+00:00,2b0afd76c5108b81ce762450d53ca18f,Girona FC vs Albacete,h2h,,BetMGM,Albacete,5.5000
2026-09-25T14:05:26+00:00,2b0afd76c5108b81ce762450d53ca18f,Girona FC vs Albacete,h2h,,BetMGM,Girona FC,1.5000
2026-09-25T14:05:26+00:00,2b0afd76c5108b81ce762450d53ca18f,Girona FC vs Albacete,h2h,,BetMGM,Draw,4.1000
2026-09-25T14:05:26+00:00,2b0afd76c5108b81ce762450d53ca18f,Girona FC vs Albacete,h2h,,Bovada,Albacete,5.6000
2026-09-25T14:05:26+00:00,2b0afd76c5108b81ce762450d53ca18f,Girona FC vs Albacete,h2h,,Bovada,Girona FC,1.4900
2026-09-25T14:05:26+00:00,2b0afd76c5108b81ce762450d53ca18f,Girona FC vs Albacete,h2h,,Bovada,Draw,4.2500
2026-09-25T14:05:26+00:00,2b0afd76c5108b81ce762450d53ca18f,Girona FC vs Albacete,spreads,1.0,BetOnline.ag,Albacete +1,1.9900
2026-09-25T14:05:26+00:00,2b0afd76c5108b81ce762450d53ca18f,Girona FC vs Albacete,spreads,-1.0,BetOnline.ag,Girona FC -1,1.8300
2026-09-25T14:05:26+00:00,2b0afd76c5108b81ce762450d53ca18f,Girona FC vs Albacete,spreads,1.0,LowVig.ag,Albacete +1,1.9900
2026-09-25T14:05:26+00:00,2b0afd76c5108b81ce762450d53ca18f,Girona FC vs Albacete,spreads,-1.0,LowVig.ag,Girona FC -1,1.8300
2026-09-25T14:05:26+00:00,2b0afd76c5108b81ce762450d53ca18f,Girona FC vs Albacete,spreads,1.0,Bovada,Albacete +1,2.0000
2026-09-25T14:05:26+00:00,2b0afd76c5108b81ce762450d53ca18f,Girona FC vs Albacete,spreads,-1.0,Bovada,Girona FC -1,1.8300
2026-09-25T14:05:26+00:00,2b0afd76c5108b81ce762450d53ca18f,Girona FC vs Albacete,totals,2.75,BetOnline.ag,Over +2.75,1.8500
2026-09-25T14:05:26+00:00,2b0afd76c5108b81ce762450d53ca18f,Girona FC vs Albacete,totals,2.75,BetOnline.ag,Under +2.75,1.9400
2026-09-25T14:05:26+00:00,2b0afd76c5108b81ce762450d53ca18f,Girona FC vs Albacete,totals,2.75,LowVig.ag,Over +2.75,1.8500
2026-09-25T14:05:26+00:00,2b0afd76c5108b81ce762450d53ca18f,Girona FC vs Albacete,totals,2.75,LowVig.ag,Under +2.75,1.9400
2026-09-25T14:05:26+00:00,2b0afd76c5108b81ce762450d53ca18f,Girona FC vs Albacete,totals,2.5,BetMGM,Over +2.5,1.6500
2026-09-25T14:05:26+00:00,2b0afd76c5108b81ce762450d53ca18f,Girona FC vs Albacete,totals,2.5,BetMGM,Under +2.5,2.1000
2026-09-25T14:05:26+00:00,2b0afd76c5108b81ce762450d53ca18f,Girona FC vs Albacete,totals,2.75,Bovada,Over +2.75,1.8500
2026-09-25T14:05:26+00:00,2b0afd76c5108b81ce762450d53ca18f,Girona FC vs Albacete,totals,2.75,Bovada,Under +2.75,1.9800
2026-09-25T14:05:26+00:00,580fc53eb7e9e19e813cab0bff6d08d8,Grêmio Novorizontino vs São Bernardo,h2h,,BetRivers,Grêmio Novorizontino,1.5000
2026-09-25T14:05:26+00:00,580fc53eb7e9e19e813cab0bff6d08d8,Grêmio Novorizontino vs São Bernardo,h2h,,BetRivers,São Bernardo,5.6000
2026-09-25T14:05:26+00:00,580fc53eb7e9e19e813cab0bff6d08d8,Grêmio Novorizontino vs São Bernardo,h2h,,BetRivers,Draw,3.9000
2026-09-25T14:05:26+00:00,580fc53eb7e9e19e813cab0bff6d08d8,Grêmio Novorizontino vs São Bernardo,h2h,,FanDuel,Grêmio Novorizontino,1.4800
2026-09-25T14:05:26+00:00,580fc53eb7e9e19e813cab0bff6d08d8,Grêmio Novorizontino vs São Bernardo,h2h,,FanDuel,São Bernardo,6.0000
2026-09-25T14:05:26+00:00,580fc53eb7e9e19e813cab0bff6d08d8,Grêmio Novorizontino vs São Bernardo,h2h,,FanDuel,Draw,4.2000
2026-09-25T14:05:26+00:00,580fc53eb7e9e19e813cab0bff6d08d8,Grêmio Novorizontino vs São Bernardo,h2h,,BetMGM,Grêmio Novorizontino,1.5000
2026-09-25T14:05:26+00:00,580fc53eb7e9e19e813cab0bff6d08d8,Grêmio Novorizontino vs São Bernardo,h2h,,BetMGM,São Bernardo,5.5000
2026-09-25T14:05:26+00:00,580fc53eb7e9e19e813cab0bff6d08d8,Grêmio Novorizontino vs São Bernardo,h2h,,BetMGM,Draw,4.0000
2026-09-25T14:05:26+00:00,580fc53eb7e9e19e813cab0bff6d08d8,Grêmio Novorizontino vs São Bernardo,h2h,,BetOnline.ag,Grêmio Novorizontino,1.5200
2026-09-25T14:05:26+00:00,580fc53eb7e9e19e813cab0bff6d08d8,Grêmio Novorizontino vs São Bernardo,h2h,,BetOnline.ag,São Bernardo,6.0000
2026-09-25T14:05:26+00:00,580fc53eb7e9e19e813cab0bff6d08d8,Grêmio Novorizontino vs São Bernardo,h2h,,BetOnline.ag,Draw,4.1000
2026-09-25T14:05:26+00:00,580fc53eb7e9e19e813cab0bff6d08d8,Grêmio Novorizontino vs São Bernardo,h2h,,LowVig.ag,Grêmio Novorizontino,1.5200
2026-09-25T14:05:26+00:00,580fc53eb7e9e19e813cab0bff6d08d8,Grêmio Novorizontino vs São Bernardo,h2h,,LowVig.ag,São Bernardo,6.0000
2026-09-25T14:05:26+00:00,580fc53eb7e9e19e813cab0bff6d08d8,Grêmio Novorizontino vs São Bernardo,h2h,,LowVig.ag,Draw,4.1000
2026-09-25T14:05:26+00:00,580fc53eb7e9e19e813cab0bff6d08d8,Grêmio Novorizontino vs São Bernardo,h2h,,DraftKings,Grêmio Novorizontino,1.5300
2026-09-25T14:05:26+00:00,580fc53eb7e9e19e813cab0bff6d08d8,Grêmio Novorizontino vs São Bernardo,h2h,,DraftKings,São Bernardo,6.0000
2026-09-25T14:05:26+00:00,580fc53eb7e9e19e813cab0bff6d08d8,Grêmio Novorizontino vs São Bernardo,h2h,,DraftKings,Draw,4.2000
2026-09-25T14:05:26+00:00,580fc53eb7e9e19e813cab0bff6d08d8,Grêmio Novorizontino vs São Bernardo,h2h,,Bovada,Grêmio Novorizontino,1.4900
2026-09-25T14:05:26+00:00,580fc53eb7e9e19e813cab0bff6d08d8,Grêmio Novorizontino vs São Bernardo,h2h,,Bovada,São Bernardo,6.0000
2026-09-25T14:05:26+00:00,580fc53eb7e9e19e813cab0bff6d08d8,Grêmio Novorizontino vs São Bernardo,h2h,,Bovada,Draw,4.0000
2026-09-25T14:05:26+00:00,580fc53eb7e9e19e813cab0bff6d08d8,Grêmio Novorizontino vs São Bernardo,h2h,,BetUS,Grêmio Novorizontino,1.5200
2026-09-25T14:05:26+00:00,580fc53eb7e9e19e813cab0bff6d08d8,Grêmio Novorizontino vs São Bernardo,h2h,,BetUS,São Bernardo,6.0000
2026-09-25T14:05:26+00:00,580fc53eb7e9e19e813cab0bff6d08d8,Grêmio Novorizontino vs São Bernardo,h2h,,BetUS,Draw,4.1000
2026-09-25T14:05:26+00:00,580fc53eb7e9e19e813cab0bff6d08d8,Grêmio Novorizontino vs São Bernardo,totals,2.5,BetRivers,Over +2.5,1.7800
2026-09-25T14:05:26+00:00,580fc53eb7e9e19e813cab0bff6d08d8,Grêmio Novorizontino vs São Bernardo,totals,2.5,BetRivers,Under +2.5,1.9300
2026-09-25T14:05:26+00:00,580fc53eb7e9e19e813cab0bff6d08d8,Grêmio Novorizontino vs São Bernardo,totals,2.5,BetMGM,Over +2.5,1.7700
2026-09-25T14:05:26+00:00,580fc53eb7e9e19e813cab0bff6d08d8,Grêmio Novorizontino vs São Bernardo,totals,2.5,BetMGM,Under +2.5,1.9300
2026-09-25T14:05:26+00:00,580fc53eb7e9e19e813cab0bff6d08d8,Grêmio Novorizontino vs São Bernardo,totals,2.5,BetOnline.ag,Over +2.5,1.7800
2026-09-25T14:05:26+00:00,580fc53eb7e9e19e813cab0bff6d08d8,Grêmio Novorizontino vs São Bernardo,totals,2.5,BetOnline.ag,Under +2.5,1.8900
2026-09-25T14:05:26+00:00,580fc53eb7e9e19e813cab0bff6d08d8,Grêmio Novorizontino vs São Bernardo,totals,2.5,LowVig.ag,Over +2.5,1.7800
2026-09-25T14:05:26+00:00,580fc53eb7e9e19e813cab0bff6d08d8,Grêmio Novorizontino vs São Bernardo,totals,2.5,LowVig.ag,Under +2.5,1.8900
2026-09-25T14:05:26+00:00,580fc53eb7e9e19e813cab0bff6d08d8,Grêmio Novorizontino vs São Bernardo,totals,2.5,Bovada,Over +2.5,1.7800
2026-09-25T14:05:26+00:00,580fc53eb7e9e19e813cab0bff6d08d8,Grêmio Novorizontino vs São Bernardo,totals,2.5,Bovada,Under +2.5,1.9800
2026-09-25T14:05:26+00:00,580fc53eb7e9e19e813cab0bff6d08d8,Grêmio Novorizontino vs São Bernardo,totals,2.5,BetUS,Over +2.5,1.7700
2026-09-25T14:05:26+00:00,580fc53eb7e9e19e813cab0bff6d08d8,Grêmio Novorizontino vs São Bernardo,totals,2.5,BetUS,Under +2.5,2.0000
2026-09-25T14:05:26+00:00,580fc53eb7e9e19e813cab0bff6d08d8,Grêmio Novorizontino vs São Bernardo,spreads,-1.0,BetOnline.ag,Grêmio Novorizontino -1,1.8400
2026-09-25T14:05:26+00:00,580fc53eb7e9e19e813cab0bff6d08d8,Grêmio Novorizontino vs São Bernardo,spreads,1.0,BetOnline.ag,São Bernardo +1,1.8700
2026-09-25T14:05:26+00:00,580fc53eb7e9e19e813cab0bff6d08d8,Grêmio Novorizontino vs São Bernardo,spreads,-1.0,LowVig.ag,Grêmio Novorizontino -1,1.8400
2026-09-25T14:05:26+00:00,580fc53eb7e9e19e813cab0bff6d08d8,Grêmio Novorizontino vs São Bernardo,spreads,1.0,LowVig.ag,São Bernardo +1,1.8700
2026-09-25T14:05:26+00:00,580fc53eb7e9e19e813cab0bff6d08d8,Grêmio Novorizontino vs São Bernardo,spreads,-1.0,Bovada,Grêmio Novorizontino -1,1.8500
2026-09-25T14:05:26+00:00,580fc53eb7e9e19e813cab0bff6d08d8,Grêmio Novorizontino vs São Bernardo,spreads,1.0,Bovada,São Bernardo +1,1.8900
2026-09-25T14:05:26+00:00,580fc53eb7e9e19e813cab0bff6d08d8,Grêmio Novorizontino vs São Bernardo,spreads,-1.0,BetUS,Grêmio Novorizontino -1,1.8300
2026-09-25T14:05:26+00:00,580fc53eb7e9e19e813cab0bff6d08d8,Grêmio Novorizontino vs São Bernardo,spreads,1.0,BetUS,São Bernardo +1,1.9100
2026-09-25T14:05:26+00:00,816858473c3fb5e5be9e89ea44099597,Vila Nova vs Londrina,h2h,,BetRivers,Londrina,5.6000
2026-09-25T14:05:26+00:00,816858473c3fb5e5be9e89ea44099597,Vila Nova vs Londrina,h2h,,BetRivers,Vila Nova,1.5500
2026-09-25T14:05:26+00:00,816858473c3fb5e5be9e89ea44099597,Vila Nova vs Londrina,h2h,,BetRivers,Draw,3.6500
2026-09-25T14:05:26+00:00,816858473c3fb5e5be9e89ea44099597,Vila Nova vs Londrina,h2h,,LowVig.ag,Londrina,5.6000
2026-09-25T14:05:26+00:00,816858473c3fb5e5be9e89ea44099597,Vila Nova vs Londrina,h2h,,LowVig.ag,Vila Nova,1.6300
2026-09-25T14:05:26+00:00,816858473c3fb5e5be9e89ea44099597,Vila Nova vs Londrina,h2h,,LowVig.ag,Draw,3.7000
2026-09-25T14:05:26+00:00,816858473c3fb5e5be9e89ea44099597,Vila Nova vs Londrina,h2h,,FanDuel,Londrina,5.7000
2026-09-25T14:05:26+00:00,816858473c3fb5e5be9e89ea44099597,Vila Nova vs Londrina,h2h,,FanDuel,Vila Nova,1.6100
2026-09-25T14:05:26+00:00,816858473c3fb5e5be9e89ea44099597,Vila Nova vs Londrina,h2h,,FanDuel,Draw,3.7000
2026-09-25T14:05:26+00:00,816858473c3fb5e5be9e89ea44099597,Vila Nova vs Londrina,h2h,,BetOnline.ag,Londrina,5.6000
2026-09-25T14:05:26+00:00,816858473c3fb5e5be9e89ea44099597,Vila Nova vs Londrina,h2h,,BetOnline.ag,Vila Nova,1.6300
2026-09-25T14:05:26+00:00,816858473c3fb5e5be9e89ea44099597,Vila Nova vs Londrina,h2h,,BetOnline.ag,Draw,3.7000
2026-09-25T14:05:26+00:00,816858473c3fb5e5be9e89ea44099597,Vila Nova vs Londrina,h2h,,DraftKings,Londrina,5.7500
2026-09-25T14:05:26+00:00,816858473c3fb5e5be9e89ea44099597,Vila Nova vs Londrina,h2h,,DraftKings,Vila Nova,1.5900
2026-09-25T14:05:26+00:00,816858473c3fb5e5be9e89ea44099597,Vila Nova vs Londrina,h2h,,DraftKings,Draw,3.8500
2026-09-25T14:05:26+00:00,816858473c3fb5e5be9e89ea44099597,Vila Nova vs Londrina,h2h,,BetMGM,Londrina,5.2500
2026-09-25T14:05:26+00:00,816858473c3fb5e5be9e89ea44099597,Vila Nova vs Londrina,h2h,,BetMGM,Vila Nova,1.5700
2026-09-25T14:05:26+00:00,816858473c3fb5e5be9e89ea44099597,Vila Nova vs Londrina,h2h,,BetMGM,Draw,3.7000
2026-09-25T14:05:26+00:00,816858473c3fb5e5be9e89ea44099597,Vila Nova vs Londrina,h2h,,Bovada,Londrina,5.6000
2026-09-25T14:05:26+00:00,816858473c3fb5e5be9e89ea44099597,Vila Nova vs Londrina,h2h,,Bovada,Vila Nova,1.5800
2026-09-25T14:05:26+00:00,816858473c3fb5e5be9e89ea44099597,Vila Nova vs Londrina,h2h,,Bovada,Draw,3.6000
2026-09-25T14:05:26+00:00,816858473c3fb5e5be9e89ea44099597,Vila Nova vs Londrina,h2h,,BetUS,Londrina,5.6000
2026-09-25T14:05:26+00:00,816858473c3fb5e5be9e89ea44099597,Vila Nova vs Londrina,h2h,,BetUS,Vila Nova,1.6300
2026-09-25T14:05:26+00:00,816858473c3fb5e5be9e89ea44099597,Vila Nova vs Londrina,h2h,,BetUS,Draw,3.7000
2026-09-25T14:05:26+00:00,816858473c3fb5e5be9e89ea44099597,Vila Nova vs Londrina,totals,2.5,BetRivers,Over +2.5,2.0000
2026-09-25T14:05:26+00:00,816858473c3fb5e5be9e89ea44099597,Vila Nova vs Londrina,totals,2.5,BetRivers,Under +2.5,1.7200
2026-09-25T14:05:26+00:00,816858473c3fb5e5be9e89ea44099597,Vila Nova vs Londrina,totals,2.25,LowVig.ag,Over +2.25,1.7800
2026-09-25T14:05:26+00:00,816858473c3fb5e5be9e89ea44099597,Vila Nova vs Londrina,totals,2.25,LowVig.ag,Under +2.25,1.9300
2026-09-25T14:05:26+00:00,816858473c3fb5e5be9e89ea44099597,Vila Nova vs Londrina,totals,2.25,BetOnline.ag,Over +2.25,1.7800
2026-09-25T14:05:26+00:00,816858473c3fb5e5be9e89ea44099597,Vila Nova vs Londrina,totals,2.25,BetOnline.ag,Under +2.25,1.9300
2026-09-25T14:05:26+00:00,816858473c3fb5e5be9e89ea44099597,Vila Nova vs Londrina,totals,2.5,BetMGM,Over +2.5,1.9800
2026-09-25T14:05:26+00:00,816858473c3fb5e5be9e89ea44099597,Vila Nova vs Londrina,totals,2.5,BetMGM,Under +2.5,1.7100
2026-09-25T14:05:26+00:00,816858473c3fb5e5be9e89ea44099597,Vila Nova vs Londrina,totals,2.25,Bovada,Over +2.25,1.8000
2026-09-25T14:05:26+00:00,816858473c3fb5e5be9e89ea44099597,Vila Nova vs Londrina,totals,2.25,Bovada,Under +2.25,1.9500
2026-09-25T14:05:26+00:00,816858473c3fb5e5be9e89ea44099597,Vila Nova vs Londrina,totals,2.25,BetUS,Over +2.25,1.7700
2026-09-25T14:05:26+00:00,816858473c3fb5e5be9e89ea44099597,Vila Nova vs Londrina,totals,2.25,BetUS,Under +2.25,2.0000
2026-09-25T14:05:26+00:00,816858473c3fb5e5be9e89ea44099597,Vila Nova vs Londrina,spreads,0.75,LowVig.ag,Londrina +0.75,1.9500
2026-09-25T14:05:26+00:00,816858473c3fb5e5be9e89ea44099597,Vila Nova vs Londrina,spreads,-0.75,LowVig.ag,Vila Nova -0.75,1.7700
2026-09-25T14:05:26+00:00,816858473c3fb5e5be9e89ea44099597,Vila Nova vs Londrina,spreads,0.75,BetOnline.ag,Londrina +0.75,1.9500
2026-09-25T14:05:26+00:00,816858473c3fb5e5be9e89ea44099597,Vila Nova vs Londrina,spreads,-0.75,BetOnline.ag,Vila Nova -0.75,1.7700
2026-09-25T14:05:26+00:00,816858473c3fb5e5be9e89ea44099597,Vila Nova vs Londrina,spreads,0.75,Bovada,Londrina +0.75,1.9800
2026-09-25T14:05:26+00:00,816858473c3fb5e5be9e89ea44099597,Vila Nova vs Londrina,spreads,-0.75,Bovada,Vila Nova -0.75,1.7800
2026-09-25T14:05:26+00:00,b2e00a6bf19300777800e620e8af6115,TSV Havelse vs SC Fortuna Köln,h2h,,LowVig.ag,SC Fortuna Köln,2.5600
2026-09-25T14:05:26+00:00,b2e00a6bf19300777800e620e8af6115,TSV Havelse vs SC Fortuna Köln,h2h,,LowVig.ag,TSV Havelse,2.5600
2026-09-25T14:05:26+00:00,b2e00a6bf19300777800e620e8af6115,TSV Havelse vs SC Fortuna Köln,h2h,,LowVig.ag,Draw,3.5000
2026-09-25T14:05:26+00:00,b2e00a6bf19300777800e620e8af6115,TSV Havelse vs SC Fortuna Köln,h2h,,BetOnline.ag,SC Fortuna Köln,2.5600
2026-09-25T14:05:26+00:00,b2e00a6bf19300777800e620e8af6115,TSV Havelse vs SC Fortuna Köln,h2h,,BetOnline.ag,TSV Havelse,2.5600
2026-09-25T14:05:26+00:00,b2e00a6bf19300777800e620e8af6115,TSV Havelse vs SC Fortuna Köln,h2h,,BetOnline.ag,Draw,3.5000
2026-09-25T14:05:26+00:00,b2e00a6bf19300777800e620e8af6115,TSV Havelse vs SC Fortuna Köln,h2h,,Bovada,SC Fortuna Köln,2.4500
2026-09-25T14:05:26+00:00,b2e00a6bf19300777800e620e8af6115,TSV Havelse vs SC Fortuna Köln,h2h,,Bovada,TSV Havelse,2.5000
2026-09-25T14:05:26+00:00,b2e00a6bf19300777800e620e8af6115,TSV Havelse vs SC Fortuna Köln,h2h,,Bovada,Draw,3.4000
2026-09-25T14:05:26+00:00,b2e00a6bf19300777800e620e8af6115,TSV Havelse vs SC Fortuna Köln,spreads,0.0,LowVig.ag,SC Fortuna Köln +0,1.8900
2026-09-25T14:05:26+00:00,b2e00a6bf19300777800e620e8af6115,TSV Havelse vs SC Fortuna Köln,spreads,0.0,LowVig.ag,TSV Havelse +0,1.8900
2026-09-25T14:05:26+00:00,b2e00a6bf19300777800e620e8af6115,TSV Havelse vs SC Fortuna Köln,spreads,0.0,BetOnline.ag,SC Fortuna Köln +0,1.8900
2026-09-25T14:05:26+00:00,b2e00a6bf19300777800e620e8af6115,TSV Havelse vs SC Fortuna Köln,spreads,0.0,BetOnline.ag,TSV Havelse +0,1.8900
2026-09-25T14:05:26+00:00,b2e00a6bf19300777800e620e8af6115,TSV Havelse vs SC Fortuna Köln,spreads,0.0,Bovada,SC Fortuna Köln +0,1.8500
2026-09-25T14:05:26+00:00,b2e00a6bf19300777800e620e8af6115,TSV Havelse vs SC Fortuna Köln,spreads,0.0,Bovada,TSV Havelse +0,1.8900
2026-09-25T14:05:26+00:00,b2e00a6bf19300777800e620e8af6115,TSV Havelse vs SC Fortuna Köln,totals,2.75,LowVig.ag,Over +2.75,1.9000
2026-09-25T14:05:26+00:00,b2e00a6bf19300777800e620e8af6115,TSV Havelse vs SC Fortuna Köln,totals,2.75,LowVig.ag,Under +2.75,1.8700
2026-09-25T14:05:26+00:00,b2e00a6bf19300777800e620e8af6115,TSV Havelse vs SC Fortuna Köln,totals,2.75,BetOnline.ag,Over +2.75,1.9000
2026-09-25T14:05:26+00:00,b2e00a6bf19300777800e620e8af6115,TSV Havelse vs SC Fortuna Köln,totals,2.75,BetOnline.ag,Under +2.75,1.8700
2026-09-25T14:05:26+00:00,b2e00a6bf19300777800e620e8af6115,TSV Havelse vs SC Fortuna Köln,totals,2.5,Bovada,Over +2.5,1.6800
2026-09-25T14:05:26+00:00,b2e00a6bf19300777800e620e8af6115,TSV Havelse vs SC Fortuna Köln,totals,2.5,Bovada,Under +2.5,2.1300
2026-09-25T14:05:26+00:00,1af3c45efc067218eed9a695f1c3e49d,Galway United vs Shelbourne Dublin,h2h,,BetRivers,Galway United,2.6000
2026-09-25T14:05:26+00:00,1af3c45efc067218eed9a695f1c3e49d,Galway United vs Shelbourne Dublin,h2h,,BetRivers,Shelbourne Dublin,2.3300
2026-09-25T14:05:26+00:00,1af3c45efc067218eed9a695f1c3e49d,Galway United vs Shelbourne Dublin,h2h,,BetRivers,Draw,3.2500
2026-09-25T14:05:26+00:00,1af3c45efc067218eed9a695f1c3e49d,Galway United vs Shelbourne Dublin,h2h,,FanDuel,Galway United,2.6000
2026-09-25T14:05:26+00:00,1af3c45efc067218eed9a695f1c3e49d,Galway United vs Shelbourne Dublin,h2h,,FanDuel,Shelbourne Dublin,2.4500
2026-09-25T14:05:26+00:00,1af3c45efc067218eed9a695f1c3e49d,Galway United vs Shelbourne Dublin,h2h,,FanDuel,Draw,3.6000
2026-09-25T14:05:26+00:00,1af3c45efc067218eed9a695f1c3e49d,Galway United vs Shelbourne Dublin,h2h,,Bovada,Galway United,2.5500
2026-09-25T14:05:26+00:00,1af3c45efc067218eed9a695f1c3e49d,Galway United vs Shelbourne Dublin,h2h,,Bovada,Shelbourne Dublin,2.5000
2026-09-25T14:05:26+00:00,1af3c45efc067218eed9a695f1c3e49d,Galway United vs Shelbourne Dublin,h2h,,Bovada,Draw,3.3500
2026-09-25T14:05:26+00:00,1af3c45efc067218eed9a695f1c3e49d,Galway United vs Shelbourne Dublin,h2h,,BetOnline.ag,Galway United,2.6600
2026-09-25T14:05:26+00:00,1af3c45efc067218eed9a695f1c3e49d,Galway United vs Shelbourne Dublin,h2h,,BetOnline.ag,Shelbourne Dublin,2.5800
2026-09-25T14:05:26+00:00,1af3c45efc067218eed9a695f1c3e49d,Galway United vs Shelbourne Dublin,h2h,,BetOnline.ag,Draw,3.3500
2026-09-25T14:05:26+00:00,1af3c45efc067218eed9a695f1c3e49d,Galway United vs Shelbourne Dublin,h2h,,LowVig.ag,Galway United,2.6600
2026-09-25T14:05:26+00:00,1af3c45efc067218eed9a695f1c3e49d,Galway United vs Shelbourne Dublin,h2h,,LowVig.ag,Shelbourne Dublin,2.5800
2026-09-25T14:05:26+00:00,1af3c45efc067218eed9a695f1c3e49d,Galway United vs Shelbourne Dublin,h2h,,LowVig.ag,Draw,3.3500
2026-09-25T14:05:26+00:00,1af3c45efc067218eed9a695f1c3e49d,Galway United vs Shelbourne Dublin,h2h,,DraftKings,Galway United,2.6500
2026-09-25T14:05:26+00:00,1af3c45efc067218eed9a695f1c3e49d,Galway United vs Shelbourne Dublin,h2h,,DraftKings,Shelbourne Dublin,2.5000
2026-09-25T14:05:26+00:00,1af3c45efc067218eed9a695f1c3e49d,Galway United vs Shelbourne Dublin,h2h,,DraftKings,Draw,3.5500
2026-09-25T14:05:26+00:00,1af3c45efc067218eed9a695f1c3e49d,Galway United vs Shelbourne Dublin,h2h,,BetMGM,Galway United,2.5500
2026-09-25T14:05:26+00:00,1af3c45efc067218eed9a695f1c3e49d,Galway United vs Shelbourne Dublin,h2h,,BetMGM,Shelbourne Dublin,2.4500
2026-09-25T14:05:26+00:00,1af3c45efc067218eed9a695f1c3e49d,Galway United vs Shelbourne Dublin,h2h,,BetMGM,Draw,3.4000
2026-09-25T14:05:26+00:00,1af3c45efc067218eed9a695f1c3e49d,Galway United vs Shelbourne Dublin,h2h,,BetUS,Galway United,2.6600
2026-09-25T14:05:26+00:00,1af3c45efc067218eed9a695f1c3e49d,Galway United vs Shelbourne Dublin,h2h,,BetUS,Shelbourne Dublin,2.5800
2026-09-25T14:05:26+00:00,1af3c45efc067218eed9a695f1c3e49d,Galway United vs Shelbourne Dublin,h2h,,BetUS,Draw,3.3500
2026-09-25T14:05:26+00:00,1af3c45efc067218eed9a695f1c3e49d,Galway United vs Shelbourne Dublin,totals,2.5,BetRivers,Over +2.5,1.7100
2026-09-25T14:05:26+00:00,1af3c45efc067218eed9a695f1c3e49d,Galway United vs Shelbourne Dublin,totals,2.5,BetRivers,Under +2.5,1.9500
2026-09-25T14:05:26+00:00,1af3c45efc067218eed9a695f1c3e49d,Galway United vs Shelbourne Dublin,totals,3.0,Bovada,Over +3,2.0800
2026-09-25T14:05:26+00:00,1af3c45efc067218eed9a695f1c3e49d,Galway United vs Shelbourne Dublin,totals,3.0,Bovada,Under +3,1.7100
2026-09-25T14:05:26+00:00,1af3c45efc067218eed9a695f1c3e49d,Galway United vs Shelbourne Dublin,totals,2.75,BetOnline.ag,Over +2.75,1.8100
2026-09-25T14:05:26+00:00,1af3c45efc067218eed9a695f1c3e49d,Galway United vs Shelbourne Dublin,totals,2.75,BetOnline.ag,Under +2.75,1.9100
2026-09-25T14:05:26+00:00,1af3c45efc067218eed9a695f1c3e49d,Galway United vs Shelbourne Dublin,totals,2.75,LowVig.ag,Over +2.75,1.8100
2026-09-25T14:05:26+00:00,1af3c45efc067218eed9a695f1c3e49d,Galway United vs Shelbourne Dublin,totals,2.75,LowVig.ag,Under +2.75,1.9100
2026-09-25T14:05:26+00:00,1af3c45efc067218eed9a695f1c3e49d,Galway United vs Shelbourne Dublin,totals,2.5,BetMGM,Over +2.5,1.6700
2026-09-25T14:05:26+00:00,1af3c45efc067218eed9a695f1c3e49d,Galway United vs Shelbourne Dublin,totals,2.5,BetMGM,Under +2.5,2.0500
2026-09-25T14:05:26+00:00,1af3c45efc067218eed9a695f1c3e49d,Galway United vs Shelbourne Dublin,totals,2.75,BetUS,Over +2.75,1.8000
2026-09-25T14:05:26+00:00,1af3c45efc067218eed9a695f1c3e49d,Galway United vs Shelbourne Dublin,totals,2.75,BetUS,Under +2.75,1.9500
2026-09-25T14:05:26+00:00,1af3c45efc067218eed9a695f1c3e49d,Galway United vs Shelbourne Dublin,spreads,0.0,Bovada,Galway United +0,1.8700
2026-09-25T14:05:26+00:00,1af3c45efc067218eed9a695f1c3e49d,Galway United vs Shelbourne Dublin,spreads,0.0,Bovada,Shelbourne Dublin +0,1.8700
2026-09-25T14:05:26+00:00,1af3c45efc067218eed9a695f1c3e49d,Galway United vs Shelbourne Dublin,spreads,0.0,BetOnline.ag,Galway United +0,1.8800
2026-09-25T14:05:26+00:00,1af3c45efc067218eed9a695f1c3e49d,Galway United vs Shelbourne Dublin,spreads,0.0,BetOnline.ag,Shelbourne Dublin +0,1.8300
2026-09-25T14:05:26+00:00,1af3c45efc067218eed9a695f1c3e49d,Galway United vs Shelbourne Dublin,spreads,0.0,LowVig.ag,Galway United +0,1.8800
2026-09-25T14:05:26+00:00,1af3c45efc067218eed9a695f1c3e49d,Galway United vs Shelbourne Dublin,spreads,0.0,LowVig.ag,Shelbourne Dublin +0,1.8300
2026-09-25T14:05:26+00:00,1af3c45efc067218eed9a695f1c3e49d,Galway United vs Shelbourne Dublin,spreads,0.0,BetUS,Galway United +0,1.8700
2026-09-25T14:05:26+00:00,1af3c45efc067218eed9a695f1c3e49d,Galway United vs Shelbourne Dublin,spreads,0.0,BetUS,Shelbourne Dublin +0,1.8700
