ts,evento_id,evento,mercado,punto,casa,seleccion,decimal
2026-09-26T14:04:41+00:00,287e49b158c6a0b40e1ca1a98f81cee8,Washington Nationals vs New York Mets,h2h,,FanDuel,New York Mets,1.8900
2026-09-26T14:04:41+00:00,287e49b158c6a0b40e1ca1a98f81cee8,Washington Nationals vs New York Mets,h2h,,FanDuel,Washington Nationals,1.9600
2026-09-26T14:04:41+00:00,287e49b158c6a0b40e1ca1a98f81cee8,Washington Nationals vs New York Mets,h2h,,DraftKings,New York Mets,1.8500
2026-09-26T14:04:41+00:00,287e49b158c6a0b40e1ca1a98f81cee8,Washington Nationals vs New York Mets,h2h,,DraftKings,Washington Nationals,1.9800
2026-09-26T14:04:41+00:00,287e49b158c6a0b40e1ca1a98f81cee8,Washington Nationals vs New York Mets,h2h,,BetMGM,New York Mets,1.8700
2026-09-26T14:04:41+00:00,287e49b158c6a0b40e1ca1a98f81cee8,Washington Nationals vs New York Mets,h2h,,BetMGM,Washington Nationals,1.9500
2026-09-26T14:04:41+00:00,287e49b158c6a0b40e1ca1a98f81cee8,Washington Nationals vs New York Mets,h2h,,BetOnline.ag,New York Mets,1.9200
2026-09-26T14:04:41+00:00,287e49b158c6a0b40e1ca1a98f81cee8,Washington Nationals vs New York Mets,h2h,,BetOnline.ag,Washington Nationals,1.9900
2026-09-26T14:04:41+00:00,287e49b158c6a0b40e1ca1a98f81cee8,Washington Nationals vs New York Mets,h2h,,LowVig.ag,New York Mets,1.9200
2026-09-26T14:04:41+00:00,287e49b158c6a0b40e1ca1a98f81cee8,Washington Nationals vs New York Mets,h2h,,LowVig.ag,Washington Nationals,1.9900
2026-09-26T14:04:41+00:00,287e49b158c6a0b40e1ca1a98f81cee8,Washington Nationals vs New York Mets,h2h,,BetUS,New York Mets,1.9200
2026-09-26T14:04:41+00:00,287e49b158c6a0b40e1ca1a98f81cee8,Washington Nationals vs New York Mets,h2h,,BetUS,Washington Nationals,1.9900
2026-09-26T14:04:41+00:00,287e49b158c6a0b40e1ca1a98f81cee8,Washington Nationals vs New York Mets,h2h,,BetRivers,New York Mets,1.8200
2026-09-26T14:04:41+00:00,287e49b158c6a0b40e1ca1a98f81cee8,Washington Nationals vs New York Mets,h2h,,BetRivers,Washington Nationals,2.0200
2026-09-26T14:04:41+00:00,287e49b158c6a0b40e1ca1a98f81cee8,Washington Nationals vs New York Mets,h2h,,MyBookie.ag,New York Mets,1.8500
2026-09-26T14:04:41+00:00,287e49b158c6a0b40e1ca1a98f81cee8,Washington Nationals vs New York Mets,h2h,,MyBookie.ag,Washington Nationals,2.0000
2026-09-26T14:04:41+00:00,287e49b158c6a0b40e1ca1a98f81cee8,Washington Nationals vs New York Mets,h2h,,Bovada,New York Mets,1.8600
2026-09-26T14:04:41+00:00,287e49b158c6a0b40e1ca1a98f81cee8,Washington Nationals vs New York Mets,h2h,,Bovada,Washington Nationals,1.9600
2026-09-26T14:04:41+00:00,287e49b158c6a0b40e1ca1a98f81cee8,Washington Nationals vs New York Mets,spreads,-1.5,FanDuel,New York Mets -1.5,2.3400
2026-09-26T14:04:41+00:00,287e49b158c6a0b40e1ca1a98f81cee8,Washington Nationals vs New York Mets,spreads,1.5,FanDuel,Washington Nationals +1.5,1.6200
2026-09-26T14:04:41+00:00,287e49b158c6a0b40e1ca1a98f81cee8,Washington Nationals vs New York Mets,spreads,-1.5,DraftKings,New York Mets -1.5,2.3600
2026-09-26T14:04:41+00:00,287e49b158c6a0b40e1ca1a98f81cee8,Washington Nationals vs New York Mets,spreads,1.5,DraftKings,Washington Nationals +1.5,1.6100
2026-09-26T14:04:41+00:00,287e49b158c6a0b40e1ca1a98f81cee8,Washington Nationals vs New York Mets,spreads,-1.5,BetMGM,New York Mets -1.5,2.3500
2026-09-26T14:04:41+00:00,287e49b158c6a0b40e1ca1a98f81cee8,Washington Nationals vs New York Mets,spreads,1.5,BetMGM,Washington Nationals +1.5,1.6100
2026-09-26T14:04:41+00:00,287e49b158c6a0b40e1ca1a98f81cee8,Washington Nationals vs New York Mets,spreads,-1.5,BetOnline.ag,New York Mets -1.5,2.4500
2026-09-26T14:04:41+00:00,287e49b158c6a0b40e1ca1a98f81cee8,Washington Nationals vs New York Mets,spreads,1.5,BetOnline.ag,Washington Nationals +1.5,1.6100
2026-09-26T14:04:41+00:00,287e49b158c6a0b40e1ca1a98f81cee8,Washington Nationals vs New York Mets,spreads,-1.5,LowVig.ag,New York Mets -1.5,2.4600
2026-09-26T14:04:41+00:00,287e49b158c6a0b40e1ca1a98f81cee8,Washington Nationals vs New York Mets,spreads,1.5,LowVig.ag,Washington Nationals +1.5,1.6100
2026-09-26T14:04:41+00:00,287e49b158c6a0b40e1ca1a98f81cee8,Washington Nationals vs New York Mets,spreads,-1.5,BetUS,New York Mets -1.5,2.4400
2026-09-26T14:04:41+00:00,287e49b158c6a0b40e1ca1a98f81cee8,Washington Nationals vs New York Mets,spreads,1.5,BetUS,Washington Nationals +1.5,1.6100
2026-09-26T14:04:41+00:00,287e49b158c6a0b40e1ca1a98f81cee8,Washington Nationals vs New York Mets,spreads,-1.5,BetRivers,New York Mets -1.5,2.2500
2026-09-26T14:04:41+00:00,287e49b158c6a0b40e1ca1a98f81cee8,Washington Nationals vs New York Mets,spreads,1.5,BetRivers,Washington Nationals +1.5,1.6600
2026-09-26T14:04:41+00:00,287e49b158c6a0b40e1ca1a98f81cee8,Washington Nationals vs New York Mets,spreads,-1.5,MyBookie.ag,New York Mets -1.5,2.4700
2026-09-26T14:04:41+00:00,287e49b158c6a0b40e1ca1a98f81cee8,Washington Nationals vs New York Mets,spreads,1.5,MyBookie.ag,Washington Nationals +1.5,1.5800
2026-09-26T14:04:41+00:00,287e49b158c6a0b40e1ca1a98f81cee8,Washington Nationals vs New York Mets,spreads,-1.5,Bovada,New York Mets -1.5,2.4000
2026-09-26T14:04:41+00:00,287e49b158c6a0b40e1ca1a98f81cee8,Washington Nationals vs New York Mets,spreads,1.5,Bovada,Washington Nationals +1.5,1.6100
2026-09-26T14:04:41+00:00,287e49b158c6a0b40e1ca1a98f81cee8,Washington Nationals vs New York Mets,totals,8.5,FanDuel,Over +8.5,1.9400
2026-09-26T14:04:41+00:00,287e49b158c6a0b40e1ca1a98f81cee8,Washington Nationals vs New York Mets,totals,8.5,FanDuel,Under +8.5,1.8800
2026-09-26T14:04:41+00:00,287e49b158c6a0b40e1ca1a98f81cee8,Washington Nationals vs New York Mets,totals,8.5,DraftKings,Over +8.5,1.9600
2026-09-26T14:04:41+00:00,287e49b158c6a0b40e1ca1a98f81cee8,Washington Nationals vs New York Mets,totals,8.5,DraftKings,Under +8.5,1.8700
2026-09-26T14:04:41+00:00,287e49b158c6a0b40e1ca1a98f81cee8,Washington Nationals vs New York Mets,totals,8.5,BetMGM,Over +8.5,1.9500
2026-09-26T14:04:41+00:00,287e49b158c6a0b40e1ca1a98f81cee8,Washington Nationals vs New York Mets,totals,8.5,BetMGM,Under +8.5,1.8700
2026-09-26T14:04:41+00:00,287e49b158c6a0b40e1ca1a98f81cee8,Washington Nationals vs New York Mets,totals,8.5,BetOnline.ag,Over +8.5,1.9500
2026-09-26T14:04:41+00:00,287e49b158c6a0b40e1ca1a98f81cee8,Washington Nationals vs New York Mets,totals,8.5,BetOnline.ag,Under +8.5,1.8700
2026-09-26T14:04:41+00:00,287e49b158c6a0b40e1ca1a98f81cee8,Washington Nationals vs New York Mets,totals,8.5,LowVig.ag,Over +8.5,1.9800
2026-09-26T14:04:41+00:00,287e49b158c6a0b40e1ca1a98f81cee8,Washington Nationals vs New York Mets,totals,8.5,LowVig.ag,Under +8.5,1.8800
2026-09-26T14:04:41+00:00,287e49b158c6a0b40e1ca1a98f81cee8,Washington Nationals vs New York Mets,totals,8.5,BetUS,Over +8.5,1.9500
2026-09-26T14:04:41+00:00,287e49b158c6a0b40e1ca1a98f81cee8,Washington Nationals vs New York Mets,totals,8.5,BetUS,Under +8.5,1.8700
2026-09-26T14:04:41+00:00,287e49b158c6a0b40e1ca1a98f81cee8,Washington Nationals vs New York Mets,totals,8.5,BetRivers,Over +8.5,1.9400
2026-09-26T14:04:41+00:00,287e49b158c6a0b40e1ca1a98f81cee8,Washington Nationals vs New York Mets,totals,8.5,BetRivers,Under +8.5,1.8700
2026-09-26T14:04:41+00:00,287e49b158c6a0b40e1ca1a98f81cee8,Washington Nationals vs New York Mets,totals,8.5,MyBookie.ag,Over +8.5,1.9300
2026-09-26T14:04:41+00:00,287e49b158c6a0b40e1ca1a98f81cee8,Washington Nationals vs New York Mets,totals,8.5,MyBookie.ag,Under +8.5,1.8800
2026-09-26T14:04:41+00:00,287e49b158c6a0b40e1ca1a98f81cee8,Washington Nationals vs New York Mets,totals,8.5,Bovada,Over +8.5,1.9500
2026-09-26T14:04:41+00:00,287e49b158c6a0b40e1ca1a98f81cee8,Washington Nationals vs New York Mets,totals,8.5,Bovada,Under +8.5,1.8700
2026-09-26T14:04:41+00:00,f6f4976b029249f664cf53c32044f64a,Detroit Tigers vs Pittsburgh Pirates,h2h,,FanDuel,Detroit Tigers,1.8900
2026-09-26T14:04:41+00:00,f6f4976b029249f664cf53c32044f64a,Detroit Tigers vs Pittsburgh Pirates,h2h,,FanDuel,Pittsburgh Pirates,1.9600
2026-09-26T14:04:41+00:00,f6f4976b029249f664cf53c32044f64a,Detroit Tigers vs Pittsburgh Pirates,h2h,,MyBookie.ag,Detroit Tigers,1.8800
2026-09-26T14:04:41+00:00,f6f4976b029249f664cf53c32044f64a,Detroit Tigers vs Pittsburgh Pirates,h2h,,MyBookie.ag,Pittsburgh Pirates,1.9700
2026-09-26T14:04:41+00:00,f6f4976b029249f664cf53c32044f64a,Detroit Tigers vs Pittsburgh Pirates,h2h,,DraftKings,Detroit Tigers,1.9100
2026-09-26T14:04:41+00:00,f6f4976b029249f664cf53c32044f64a,Detroit Tigers vs Pittsburgh Pirates,h2h,,DraftKings,Pittsburgh Pirates,1.9200
2026-09-26T14:04:41+00:00,f6f4976b029249f664cf53c32044f64a,Detroit Tigers vs Pittsburgh Pirates,h2h,,BetOnline.ag,Detroit Tigers,1.9500
2026-09-26T14:04:41+00:00,f6f4976b029249f664cf53c32044f64a,Detroit Tigers vs Pittsburgh Pirates,h2h,,BetOnline.ag,Pittsburgh Pirates,1.9500
2026-09-26T14:04:41+00:00,f6f4976b029249f664cf53c32044f64a,Detroit Tigers vs Pittsburgh Pirates,h2h,,LowVig.ag,Detroit Tigers,1.9500
2026-09-26T14:04:41+00:00,f6f4976b029249f664cf53c32044f64a,Detroit Tigers vs Pittsburgh Pirates,h2h,,LowVig.ag,Pittsburgh Pirates,1.9500
2026-09-26T14:04:41+00:00,f6f4976b029249f664cf53c32044f64a,Detroit Tigers vs Pittsburgh Pirates,h2h,,BetMGM,Detroit Tigers,1.9100
2026-09-26T14:04:41+00:00,f6f4976b029249f664cf53c32044f64a,Detroit Tigers vs Pittsburgh Pirates,h2h,,BetMGM,Pittsburgh Pirates,1.9100
2026-09-26T14:04:41+00:00,f6f4976b029249f664cf53c32044f64a,Detroit Tigers vs Pittsburgh Pirates,h2h,,BetRivers,Detroit Tigers,1.9300
2026-09-26T14:04:41+00:00,f6f4976b029249f664cf53c32044f64a,Detroit Tigers vs Pittsburgh Pirates,h2h,,BetRivers,Pittsburgh Pirates,1.8900
2026-09-26T14:04:41+00:00,f6f4976b029249f664cf53c32044f64a,Detroit Tigers vs Pittsburgh Pirates,h2h,,BetUS,Detroit Tigers,1.9600
2026-09-26T14:04:41+00:00,f6f4976b029249f664cf53c32044f64a,Detroit Tigers vs Pittsburgh Pirates,h2h,,BetUS,Pittsburgh Pirates,1.9400
2026-09-26T14:04:41+00:00,f6f4976b029249f664cf53c32044f64a,Detroit Tigers vs Pittsburgh Pirates,h2h,,Bovada,Detroit Tigers,1.9100
2026-09-26T14:04:41+00:00,f6f4976b029249f664cf53c32044f64a,Detroit Tigers vs Pittsburgh Pirates,h2h,,Bovada,Pittsburgh Pirates,1.9100
2026-09-26T14:04:41+00:00,f6f4976b029249f664cf53c32044f64a,Detroit Tigers vs Pittsburgh Pirates,spreads,1.5,FanDuel,Detroit Tigers +1.5,1.4900
2026-09-26T14:04:41+00:00,f6f4976b029249f664cf53c32044f64a,Detroit Tigers vs Pittsburgh Pirates,spreads,-1.5,FanDuel,Pittsburgh Pirates -1.5,2.6800
2026-09-26T14:04:41+00:00,f6f4976b029249f664cf53c32044f64a,Detroit Tigers vs Pittsburgh Pirates,spreads,1.5,MyBookie.ag,Detroit Tigers +1.5,1.5800
2026-09-26T14:04:41+00:00,f6f4976b029249f664cf53c32044f64a,Detroit Tigers vs Pittsburgh Pirates,spreads,-1.5,MyBookie.ag,Pittsburgh Pirates -1.5,2.4700
2026-09-26T14:04:41+00:00,f6f4976b029249f664cf53c32044f64a,Detroit Tigers vs Pittsburgh Pirates,spreads,1.5,DraftKings,Detroit Tigers +1.5,1.5500
2026-09-26T14:04:41+00:00,f6f4976b029249f664cf53c32044f64a,Detroit Tigers vs Pittsburgh Pirates,spreads,-1.5,DraftKings,Pittsburgh Pirates -1.5,2.4900
2026-09-26T14:04:41+00:00,f6f4976b029249f664cf53c32044f64a,Detroit Tigers vs Pittsburgh Pirates,spreads,-1.5,BetOnline.ag,Detroit Tigers -1.5,2.7700
2026-09-26T14:04:41+00:00,f6f4976b029249f664cf53c32044f64a,Detroit Tigers vs Pittsburgh Pirates,spreads,1.5,BetOnline.ag,Pittsburgh Pirates +1.5,1.4900
2026-09-26T14:04:41+00:00,f6f4976b029249f664cf53c32044f64a,Detroit Tigers vs Pittsburgh Pirates,spreads,-1.5,LowVig.ag,Detroit Tigers -1.5,2.7900
2026-09-26T14:04:41+00:00,f6f4976b029249f664cf53c32044f64a,Detroit Tigers vs Pittsburgh Pirates,spreads,1.5,LowVig.ag,Pittsburgh Pirates +1.5,1.4900
2026-09-26T14:04:41+00:00,f6f4976b029249f664cf53c32044f64a,Detroit Tigers vs Pittsburgh Pirates,spreads,1.5,BetMGM,Detroit Tigers +1.5,1.5300
2026-09-26T14:04:41+00:00,f6f4976b029249f664cf53c32044f64a,Detroit Tigers vs Pittsburgh Pirates,spreads,-1.5,BetMGM,Pittsburgh Pirates -1.5,2.5400
2026-09-26T14:04:41+00:00,f6f4976b029249f664cf53c32044f64a,Detroit Tigers vs Pittsburgh Pirates,spreads,-1.5,BetRivers,Detroit Tigers -1.5,2.5500
2026-09-26T14:04:41+00:00,f6f4976b029249f664cf53c32044f64a,Detroit Tigers vs Pittsburgh Pirates,spreads,1.5,BetRivers,Pittsburgh Pirates +1.5,1.5100
2026-09-26T14:04:41+00:00,f6f4976b029249f664cf53c32044f64a,Detroit Tigers vs Pittsburgh Pirates,spreads,-1.5,BetUS,Detroit Tigers -1.5,2.7600
2026-09-26T14:04:41+00:00,f6f4976b029249f664cf53c32044f64a,Detroit Tigers vs Pittsburgh Pirates,spreads,1.5,BetUS,Pittsburgh Pirates +1.5,1.4900
2026-09-26T14:04:41+00:00,f6f4976b029249f664cf53c32044f64a,Detroit Tigers vs Pittsburgh Pirates,spreads,1.5,Bovada,Detroit Tigers +1.5,1.5600
2026-09-26T14:04:41+00:00,f6f4976b029249f664cf53c32044f64a,Detroit Tigers vs Pittsburgh Pirates,spreads,-1.5,Bovada,Pittsburgh Pirates -1.5,2.5500
2026-09-26T14:04:41+00:00,f6f4976b029249f664cf53c32044f64a,Detroit Tigers vs Pittsburgh Pirates,totals,8.5,FanDuel,Over +8.5,1.7800
2026-09-26T14:04:41+00:00,f6f4976b029249f664cf53c32044f64a,Detroit Tigers vs Pittsburgh Pirates,totals,8.5,FanDuel,Under +8.5,2.0400
2026-09-26T14:04:41+00:00,f6f4976b029249f664cf53c32044f64a,Detroit Tigers vs Pittsburgh Pirates,totals,9.0,MyBookie.ag,Over +9,1.9200
2026-09-26T14:04:41+00:00,f6f4976b029249f664cf53c32044f64a,Detroit Tigers vs Pittsburgh Pirates,totals,9.0,MyBookie.ag,Under +9,1.8900
2026-09-26T14:04:41+00:00,f6f4976b029249f664cf53c32044f64a,Detroit Tigers vs Pittsburgh Pirates,totals,9.0,DraftKings,Over +9,1.9500
2026-09-26T14:04:41+00:00,f6f4976b029249f664cf53c32044f64a,Detroit Tigers vs Pittsburgh Pirates,totals,9.0,DraftKings,Under +9,1.8700
2026-09-26T14:04:41+00:00,f6f4976b029249f664cf53c32044f64a,Detroit Tigers vs Pittsburgh Pirates,totals,9.0,BetOnline.ag,Over +9,1.9500
2026-09-26T14:04:41+00:00,f6f4976b029249f664cf53c32044f64a,Detroit Tigers vs Pittsburgh Pirates,totals,9.0,BetOnline.ag,Under +9,1.8700
2026-09-26T14:04:41+00:00,f6f4976b029249f664cf53c32044f64a,Detroit Tigers vs Pittsburgh Pirates,totals,9.0,LowVig.ag,Over +9,1.9800
2026-09-26T14:04:41+00:00,f6f4976b029249f664cf53c32044f64a,Detroit Tigers vs Pittsburgh Pirates,totals,9.0,LowVig.ag,Under +9,1.8800
2026-09-26T14:04:41+00:00,f6f4976b029249f664cf53c32044f64a,Detroit Tigers vs Pittsburgh Pirates,totals,8.5,BetMGM,Over +8.5,1.8300
2026-09-26T14:04:41+00:00,f6f4976b029249f664cf53c32044f64a,Detroit Tigers vs Pittsburgh Pirates,totals,8.5,BetMGM,Under +8.5,2.0000
2026-09-26T14:04:41+00:00,f6f4976b029249f664cf53c32044f64a,Detroit Tigers vs Pittsburgh Pirates,totals,8.5,BetRivers,Over +8.5,1.8300
2026-09-26T14:04:41+00:00,f6f4976b029249f664cf53c32044f64a,Detroit Tigers vs Pittsburgh Pirates,totals,8.5,BetRivers,Under +8.5,1.9700
2026-09-26T14:04:41+00:00,f6f4976b029249f664cf53c32044f64a,Detroit Tigers vs Pittsburgh Pirates,totals,9.0,BetUS,Over +9,1.9500
2026-09-26T14:04:41+00:00,f6f4976b029249f664cf53c32044f64a,Detroit Tigers vs Pittsburgh Pirates,totals,9.0,BetUS,Under +9,1.8700
2026-09-26T14:04:41+00:00,f6f4976b029249f664cf53c32044f64a,Detroit Tigers vs Pittsburgh Pirates,totals,9.0,Bovada,Over +9,1.9500
2026-09-26T14:04:41+00:00,f6f4976b029249f664cf53c32044f64a,Detroit Tigers vs Pittsburgh Pirates,totals,9.0,Bovada,Under +9,1.8700
2026-09-26T14:04:41+00:00,0112f4a595862d820eb4e9640d31ea4c,Toronto Blue Jays vs Cincinnati Reds,h2h,,FanDuel,Cincinnati Reds,2.3800
2026-09-26T14:04:41+00:00,0112f4a595862d820eb4e9640d31ea4c,Toronto Blue Jays vs Cincinnati Reds,h2h,,FanDuel,Toronto Blue Jays,1.6100
2026-09-26T14:04:41+00:00,0112f4a595862d820eb4e9640d31ea4c,Toronto Blue Jays vs Cincinnati Reds,h2h,,MyBookie.ag,Cincinnati Reds,2.3900
2026-09-26T14:04:41+00:00,0112f4a595862d820eb4e9640d31ea4c,Toronto Blue Jays vs Cincinnati Reds,h2h,,MyBookie.ag,Toronto Blue Jays,1.6100
2026-09-26T14:04:41+00:00,0112f4a595862d820eb4e9640d31ea4c,Toronto Blue Jays vs Cincinnati Reds,h2h,,DraftKings,Cincinnati Reds,2.3900
2026-09-26T14:04:41+00:00,0112f4a595862d820eb4e9640d31ea4c,Toronto Blue Jays vs Cincinnati Reds,h2h,,DraftKings,Toronto Blue Jays,1.6000
2026-09-26T14:04:41+00:00,0112f4a595862d820eb4e9640d31ea4c,Toronto Blue Jays vs Cincinnati Reds,h2h,,LowVig.ag,Cincinnati Reds,2.4600
2026-09-26T14:04:41+00:00,0112f4a595862d820eb4e9640d31ea4c,Toronto Blue Jays vs Cincinnati Reds,h2h,,LowVig.ag,Toronto Blue Jays,1.6200
2026-09-26T14:04:41+00:00,0112f4a595862d820eb4e9640d31ea4c,Toronto Blue Jays vs Cincinnati Reds,h2h,,BetOnline.ag,Cincinnati Reds,2.4600
2026-09-26T14:04:41+00:00,0112f4a595862d820eb4e9640d31ea4c,Toronto Blue Jays vs Cincinnati Reds,h2h,,BetOnline.ag,Toronto Blue Jays,1.6200
2026-09-26T14:04:41+00:00,0112f4a595862d820eb4e9640d31ea4c,Toronto Blue Jays vs Cincinnati Reds,h2h,,BetMGM,Cincinnati Reds,2.4000
2026-09-26T14:04:41+00:00,0112f4a595862d820eb4e9640d31ea4c,Toronto Blue Jays vs Cincinnati Reds,h2h,,BetMGM,Toronto Blue Jays,1.5900
2026-09-26T14:04:41+00:00,0112f4a595862d820eb4e9640d31ea4c,Toronto Blue Jays vs Cincinnati Reds,h2h,,BetRivers,Cincinnati Reds,2.2800
2026-09-26T14:04:41+00:00,0112f4a595862d820eb4e9640d31ea4c,Toronto Blue Jays vs Cincinnati Reds,h2h,,BetRivers,Toronto Blue Jays,1.6500
2026-09-26T14:04:41+00:00,0112f4a595862d820eb4e9640d31ea4c,Toronto Blue Jays vs Cincinnati Reds,h2h,,BetUS,Cincinnati Reds,2.4200
2026-09-26T14:04:41+00:00,0112f4a595862d820eb4e9640d31ea4c,Toronto Blue Jays vs Cincinnati Reds,h2h,,BetUS,Toronto Blue Jays,1.6200
2026-09-26T14:04:41+00:00,0112f4a595862d820eb4e9640d31ea4c,Toronto Blue Jays vs Cincinnati Reds,h2h,,Bovada,Cincinnati Reds,2.3800
2026-09-26T14:04:41+00:00,0112f4a595862d820eb4e9640d31ea4c,Toronto Blue Jays vs Cincinnati Reds,h2h,,Bovada,Toronto Blue Jays,1.6100
2026-09-26T14:04:41+00:00,0112f4a595862d820eb4e9640d31ea4c,Toronto Blue Jays vs Cincinnati Reds,spreads,1.5,FanDuel,Cincinnati Reds +1.5,1.6100
2026-09-26T14:04:41+00:00,0112f4a595862d820eb4e9640d31ea4c,Toronto Blue Jays vs Cincinnati Reds,spreads,-1.5,FanDuel,Toronto Blue Jays -1.5,2.3600
2026-09-26T14:04:41+00:00,0112f4a595862d820eb4e9640d31ea4c,Toronto Blue Jays vs Cincinnati Reds,spreads,1.5,MyBookie.ag,Cincinnati Reds +1.5,1.6600
2026-09-26T14:04:41+00:00,0112f4a595862d820eb4e9640d31ea4c,Toronto Blue Jays vs Cincinnati Reds,spreads,-1.5,MyBookie.ag,Toronto Blue Jays -1.5,2.2900
2026-09-26T14:04:41+00:00,0112f4a595862d820eb4e9640d31ea4c,Toronto Blue Jays vs Cincinnati Reds,spreads,1.5,DraftKings,Cincinnati Reds +1.5,1.6400
2026-09-26T14:04:41+00:00,0112f4a595862d820eb4e9640d31ea4c,Toronto Blue Jays vs Cincinnati Reds,spreads,-1.5,DraftKings,Toronto Blue Jays -1.5,2.2900
2026-09-26T14:04:41+00:00,0112f4a595862d820eb4e9640d31ea4c,Toronto Blue Jays vs Cincinnati Reds,spreads,1.5,LowVig.ag,Cincinnati Reds +1.5,1.6700
2026-09-26T14:04:41+00:00,0112f4a595862d820eb4e9640d31ea4c,Toronto Blue Jays vs Cincinnati Reds,spreads,-1.5,LowVig.ag,Toronto Blue Jays -1.5,2.3200
2026-09-26T14:04:41+00:00,0112f4a595862d820eb4e9640d31ea4c,Toronto Blue Jays vs Cincinnati Reds,spreads,1.5,BetOnline.ag,Cincinnati Reds +1.5,1.6700
2026-09-26T14:04:41+00:00,0112f4a595862d820eb4e9640d31ea4c,Toronto Blue Jays vs Cincinnati Reds,spreads,-1.5,BetOnline.ag,Toronto Blue Jays -1.5,2.3000
2026-09-26T14:04:41+00:00,0112f4a595862d820eb4e9640d31ea4c,Toronto Blue Jays vs Cincinnati Reds,spreads,1.5,BetMGM,Cincinnati Reds +1.5,1.6500
2026-09-26T14:04:41+00:00,0112f4a595862d820eb4e9640d31ea4c,Toronto Blue Jays vs Cincinnati Reds,spreads,-1.5,BetMGM,Toronto Blue Jays -1.5,2.2500
2026-09-26T14:04:41+00:00,0112f4a595862d820eb4e9640d31ea4c,Toronto Blue Jays vs Cincinnati Reds,spreads,1.5,BetRivers,Cincinnati Reds +1.5,1.6800
2026-09-26T14:04:41+00:00,0112f4a595862d820eb4e9640d31ea4c,Toronto Blue Jays vs Cincinnati Reds,spreads,-1.5,BetRivers,Toronto Blue Jays -1.5,2.2000
2026-09-26T14:04:41+00:00,0112f4a595862d820eb4e9640d31ea4c,Toronto Blue Jays vs Cincinnati Reds,spreads,1.5,BetUS,Cincinnati Reds +1.5,1.6700
2026-09-26T14:04:41+00:00,0112f4a595862d820eb4e9640d31ea4c,Toronto Blue Jays vs Cincinnati Reds,spreads,-1.5,BetUS,Toronto Blue Jays -1.5,2.3000
2026-09-26T14:04:41+00:00,0112f4a595862d820eb4e9640d31ea4c,Toronto Blue Jays vs Cincinnati Reds,spreads,1.5,Bovada,Cincinnati Reds +1.5,1.6200
2026-09-26T14:04:41+00:00,0112f4a595862d820eb4e9640d31ea4c,Toronto Blue Jays vs Cincinnati Reds,spreads,-1.5,Bovada,Toronto Blue Jays -1.5,2.3500
2026-09-26T14:04:41+00:00,0112f4a595862d820eb4e9640d31ea4c,Toronto Blue Jays vs Cincinnati Reds,totals,8.5,FanDuel,Over +8.5,2.1200
2026-09-26T14:04:41+00:00,0112f4a595862d820eb4e9640d31ea4c,Toronto Blue Jays vs Cincinnati Reds,totals,8.5,FanDuel,Under +8.5,1.7200
2026-09-26T14:04:41+00:00,0112f4a595862d820eb4e9640d31ea4c,Toronto Blue Jays vs Cincinnati Reds,totals,8.0,MyBookie.ag,Over +8,1.9500
2026-09-26T14:04:41+00:00,0112f4a595862d820eb4e9640d31ea4c,Toronto Blue Jays vs Cincinnati Reds,totals,8.0,MyBookie.ag,Under +8,1.8500
2026-09-26T14:04:41+00:00,0112f4a595862d820eb4e9640d31ea4c,Toronto Blue Jays vs Cincinnati Reds,totals,8.0,DraftKings,Over +8,1.9600
2026-09-26T14:04:41+00:00,0112f4a595862d820eb4e9640d31ea4c,Toronto Blue Jays vs Cincinnati Reds,totals,8.0,DraftKings,Under +8,1.8700
2026-09-26T14:04:41+00:00,0112f4a595862d820eb4e9640d31ea4c,Toronto Blue Jays vs Cincinnati Reds,totals,8.0,LowVig.ag,Over +8,2.0500
2026-09-26T14:04:41+00:00,0112f4a595862d820eb4e9640d31ea4c,Toronto Blue Jays vs Cincinnati Reds,totals,8.0,LowVig.ag,Under +8,1.8300
2026-09-26T14:04:41+00:00,0112f4a595862d820eb4e9640d31ea4c,Toronto Blue Jays vs Cincinnati Reds,totals,8.0,BetOnline.ag,Over +8,2.0200
2026-09-26T14:04:41+00:00,0112f4a595862d820eb4e9640d31ea4c,Toronto Blue Jays vs Cincinnati Reds,totals,8.0,BetOnline.ag,Under +8,1.8200
2026-09-26T14:04:41+00:00,0112f4a595862d820eb4e9640d31ea4c,Toronto Blue Jays vs Cincinnati Reds,totals,8.0,BetMGM,Over +8,2.0000
2026-09-26T14:04:41+00:00,0112f4a595862d820eb4e9640d31ea4c,Toronto Blue Jays vs Cincinnati Reds,totals,8.0,BetMGM,Under +8,1.8300
2026-09-26T14:04:41+00:00,0112f4a595862d820eb4e9640d31ea4c,Toronto Blue Jays vs Cincinnati Reds,totals,8.0,BetRivers,Over +8,1.8300
2026-09-26T14:04:41+00:00,0112f4a595862d820eb4e9640d31ea4c,Toronto Blue Jays vs Cincinnati Reds,totals,8.0,BetRivers,Under +8,1.8300
2026-09-26T14:04:41+00:00,0112f4a595862d820eb4e9640d31ea4c,Toronto Blue Jays vs Cincinnati Reds,totals,8.0,BetUS,Over +8,2.0000
2026-09-26T14:04:41+00:00,0112f4a595862d820eb4e9640d31ea4c,Toronto Blue Jays vs Cincinnati Reds,totals,8.0,BetUS,Under +8,1.8300
2026-09-26T14:04:41+00:00,0112f4a595862d820eb4e9640d31ea4c,Toronto Blue Jays vs Cincinnati Reds,totals,7.5,Bovada,Over +7.5,1.8700
2026-09-26T14:04:41+00:00,0112f4a595862d820eb4e9640d31ea4c,Toronto Blue Jays vs Cincinnati Reds,totals,7.5,Bovada,Under +7.5,1.9500
2026-09-26T14:04:41+00:00,93809969d7d5e6b21cc1e8a6070121e9,San Francisco Giants vs Los Angeles Dodgers,h2h,,FanDuel,Los Angeles Dodgers,1.3200
2026-09-26T14:04:41+00:00,93809969d7d5e6b21cc1e8a6070121e9,San Francisco Giants vs Los Angeles Dodgers,h2h,,FanDuel,San Francisco Giants,3.5000
2026-09-26T14:04:41+00:00,93809969d7d5e6b21cc1e8a6070121e9,San Francisco Giants vs Los Angeles Dodgers,h2h,,LowVig.ag,Los Angeles Dodgers,1.3800
2026-09-26T14:04:41+00:00,93809969d7d5e6b21cc1e8a6070121e9,San Francisco Giants vs Los Angeles Dodgers,h2h,,LowVig.ag,San Francisco Giants,3.3100
2026-09-26T14:04:41+00:00,93809969d7d5e6b21cc1e8a6070121e9,San Francisco Giants vs Los Angeles Dodgers,h2h,,BetOnline.ag,Los Angeles Dodgers,1.3800
2026-09-26T14:04:41+00:00,93809969d7d5e6b21cc1e8a6070121e9,San Francisco Giants vs Los Angeles Dodgers,h2h,,BetOnline.ag,San Francisco Giants,3.3100
2026-09-26T14:04:41+00:00,93809969d7d5e6b21cc1e8a6070121e9,San Francisco Giants vs Los Angeles Dodgers,h2h,,DraftKings,Los Angeles Dodgers,1.3500
2026-09-26T14:04:41+00:00,93809969d7d5e6b21cc1e8a6070121e9,San Francisco Giants vs Los Angeles Dodgers,h2h,,DraftKings,San Francisco Giants,3.3100
2026-09-26T14:04:41+00:00,93809969d7d5e6b21cc1e8a6070121e9,San Francisco Giants vs Los Angeles Dodgers,h2h,,BetRivers,Los Angeles Dodgers,1.3500
2026-09-26T14:04:41+00:00,93809969d7d5e6b21cc1e8a6070121e9,San Francisco Giants vs Los Angeles Dodgers,h2h,,BetRivers,San Francisco Giants,3.3500
2026-09-26T14:04:41+00:00,93809969d7d5e6b21cc1e8a6070121e9,San Francisco Giants vs Los Angeles Dodgers,h2h,,BetMGM,Los Angeles Dodgers,1.3500
2026-09-26T14:04:41+00:00,93809969d7d5e6b21cc1e8a6070121e9,San Francisco Giants vs Los Angeles Dodgers,h2h,,BetMGM,San Francisco Giants,3.2500
2026-09-26T14:04:41+00:00,93809969d7d5e6b21cc1e8a6070121e9,San Francisco Giants vs Los Angeles Dodgers,h2h,,Bovada,Los Angeles Dodgers,1.3400
2026-09-26T14:04:41+00:00,93809969d7d5e6b21cc1e8a6070121e9,San Francisco Giants vs Los Angeles Dodgers,h2h,,Bovada,San Francisco Giants,3.3000
2026-09-26T14:04:41+00:00,93809969d7d5e6b21cc1e8a6070121e9,San Francisco Giants vs Los Angeles Dodgers,h2h,,MyBookie.ag,Los Angeles Dodgers,1.3600
2026-09-26T14:04:41+00:00,93809969d7d5e6b21cc1e8a6070121e9,San Francisco Giants vs Los Angeles Dodgers,h2h,,MyBookie.ag,San Francisco Giants,3.2600
2026-09-26T14:04:41+00:00,93809969d7d5e6b21cc1e8a6070121e9,San Francisco Giants vs Los Angeles Dodgers,h2h,,BetUS,Los Angeles Dodgers,1.3800
2026-09-26T14:04:41+00:00,93809969d7d5e6b21cc1e8a6070121e9,San Francisco Giants vs Los Angeles Dodgers,h2h,,BetUS,San Francisco Giants,3.2200
2026-09-26T14:04:41+00:00,93809969d7d5e6b21cc1e8a6070121e9,San Francisco Giants vs Los Angeles Dodgers,spreads,-1.5,FanDuel,Los Angeles Dodgers -1.5,1.6100
2026-09-26T14:04:41+00:00,93809969d7d5e6b21cc1e8a6070121e9,San Francisco Giants vs Los Angeles Dodgers,spreads,1.5,FanDuel,San Francisco Giants +1.5,2.3600
2026-09-26T14:04:41+00:00,93809969d7d5e6b21cc1e8a6070121e9,San Francisco Giants vs Los Angeles Dodgers,spreads,-1.5,LowVig.ag,Los Angeles Dodgers -1.5,1.6700
2026-09-26T14:04:41+00:00,93809969d7d5e6b21cc1e8a6070121e9,San Francisco Giants vs Los Angeles Dodgers,spreads,1.5,LowVig.ag,San Francisco Giants +1.5,2.3200
2026-09-26T14:04:41+00:00,93809969d7d5e6b21cc1e8a6070121e9,San Francisco Giants vs Los Angeles Dodgers,spreads,-1.5,BetOnline.ag,Los Angeles Dodgers -1.5,1.6700
2026-09-26T14:04:41+00:00,93809969d7d5e6b21cc1e8a6070121e9,San Francisco Giants vs Los Angeles Dodgers,spreads,1.5,BetOnline.ag,San Francisco Giants +1.5,2.3000
2026-09-26T14:04:41+00:00,93809969d7d5e6b21cc1e8a6070121e9,San Francisco Giants vs Los Angeles Dodgers,spreads,-1.5,DraftKings,Los Angeles Dodgers -1.5,1.6400
2026-09-26T14:04:41+00:00,93809969d7d5e6b21cc1e8a6070121e9,San Francisco Giants vs Los Angeles Dodgers,spreads,1.5,DraftKings,San Francisco Giants +1.5,2.3000
2026-09-26T14:04:41+00:00,93809969d7d5e6b21cc1e8a6070121e9,San Francisco Giants vs Los Angeles Dodgers,spreads,-1.5,BetRivers,Los Angeles Dodgers -1.5,1.6100
2026-09-26T14:04:41+00:00,93809969d7d5e6b21cc1e8a6070121e9,San Francisco Giants vs Los Angeles Dodgers,spreads,1.5,BetRivers,San Francisco Giants +1.5,2.3500
2026-09-26T14:04:41+00:00,93809969d7d5e6b21cc1e8a6070121e9,San Francisco Giants vs Los Angeles Dodgers,spreads,-2.5,BetMGM,Los Angeles Dodgers -2.5,2.0500
2026-09-26T14:04:41+00:00,93809969d7d5e6b21cc1e8a6070121e9,San Francisco Giants vs Los Angeles Dodgers,spreads,2.5,BetMGM,San Francisco Giants +2.5,1.8000
2026-09-26T14:04:41+00:00,93809969d7d5e6b21cc1e8a6070121e9,San Francisco Giants vs Los Angeles Dodgers,spreads,-1.5,Bovada,Los Angeles Dodgers -1.5,1.6700
2026-09-26T14:04:41+00:00,93809969d7d5e6b21cc1e8a6070121e9,San Francisco Giants vs Los Angeles Dodgers,spreads,1.5,Bovada,San Francisco Giants +1.5,2.3000
2026-09-26T14:04:41+00:00,93809969d7d5e6b21cc1e8a6070121e9,San Francisco Giants vs Los Angeles Dodgers,spreads,-2.5,MyBookie.ag,Los Angeles Dodgers -2.5,2.0500
2026-09-26T14:04:41+00:00,93809969d7d5e6b21cc1e8a6070121e9,San Francisco Giants vs Los Angeles Dodgers,spreads,2.5,MyBookie.ag,San Francisco Giants +2.5,1.8100
2026-09-26T14:04:41+00:00,93809969d7d5e6b21cc1e8a6070121e9,San Francisco Giants vs Los Angeles Dodgers,spreads,-1.5,BetUS,Los Angeles Dodgers -1.5,1.6700
2026-09-26T14:04:41+00:00,93809969d7d5e6b21cc1e8a6070121e9,San Francisco Giants vs Los Angeles Dodgers,spreads,1.5,BetUS,San Francisco Giants +1.5,2.3000
2026-09-26T14:04:41+00:00,93809969d7d5e6b21cc1e8a6070121e9,San Francisco Giants vs Los Angeles Dodgers,totals,7.5,FanDuel,Over +7.5,2.0000
2026-09-26T14:04:41+00:00,93809969d7d5e6b21cc1e8a6070121e9,San Francisco Giants vs Los Angeles Dodgers,totals,7.5,FanDuel,Under +7.5,1.8200
2026-09-26T14:04:41+00:00,93809969d7d5e6b21cc1e8a6070121e9,San Francisco Giants vs Los Angeles Dodgers,totals,7.5,LowVig.ag,Over +7.5,2.0300
2026-09-26T14:04:41+00:00,93809969d7d5e6b21cc1e8a6070121e9,San Francisco Giants vs Los Angeles Dodgers,totals,7.5,LowVig.ag,Under +7.5,1.8500
2026-09-26T14:04:41+00:00,93809969d7d5e6b21cc1e8a6070121e9,San Francisco Giants vs Los Angeles Dodgers,totals,7.5,BetOnline.ag,Over +7.5,2.0000
2026-09-26T14:04:41+00:00,93809969d7d5e6b21cc1e8a6070121e9,San Francisco Giants vs Los Angeles Dodgers,totals,7.5,BetOnline.ag,Under +7.5,1.8300
2026-09-26T14:04:41+00:00,93809969d7d5e6b21cc1e8a6070121e9,San Francisco Giants vs Los Angeles Dodgers,totals,7.5,DraftKings,Over +7.5,2.0100
2026-09-26T14:04:41+00:00,93809969d7d5e6b21cc1e8a6070121e9,San Francisco Giants vs Los Angeles Dodgers,totals,7.5,DraftKings,Under +7.5,1.8200
2026-09-26T14:04:41+00:00,93809969d7d5e6b21cc1e8a6070121e9,San Francisco Giants vs Los Angeles Dodgers,totals,7.5,BetRivers,Over +7.5,1.9700
2026-09-26T14:04:41+00:00,93809969d7d5e6b21cc1e8a6070121e9,San Francisco Giants vs Los Angeles Dodgers,totals,7.5,BetRivers,Under +7.5,1.8300
2026-09-26T14:04:41+00:00,93809969d7d5e6b21cc1e8a6070121e9,San Francisco Giants vs Los Angeles Dodgers,totals,7.5,BetMGM,Over +7.5,2.0000
2026-09-26T14:04:41+00:00,93809969d7d5e6b21cc1e8a6070121e9,San Francisco Giants vs Los Angeles Dodgers,totals,7.5,BetMGM,Under +7.5,1.8300
2026-09-26T14:04:41+00:00,93809969d7d5e6b21cc1e8a6070121e9,San Francisco Giants vs Los Angeles Dodgers,totals,7.5,Bovada,Over +7.5,2.0000
2026-09-26T14:04:41+00:00,93809969d7d5e6b21cc1e8a6070121e9,San Francisco Giants vs Los Angeles Dodgers,totals,7.5,Bovada,Under +7.5,1.8300
2026-09-26T14:04:41+00:00,93809969d7d5e6b21cc1e8a6070121e9,San Francisco Giants vs Los Angeles Dodgers,totals,7.5,MyBookie.ag,Over +7.5,1.9700
2026-09-26T14:04:41+00:00,93809969d7d5e6b21cc1e8a6070121e9,San Francisco Giants vs Los Angeles Dodgers,totals,7.5,MyBookie.ag,Under +7.5,1.8400
2026-09-26T14:04:41+00:00,93809969d7d5e6b21cc1e8a6070121e9,San Francisco Giants vs Los Angeles Dodgers,totals,7.5,BetUS,Over +7.5,2.0000
2026-09-26T14:04:41+00:00,93809969d7d5e6b21cc1e8a6070121e9,San Francisco Giants vs Los Angeles Dodgers,totals,7.5,BetUS,Under +7.5,1.8300
2026-09-26T14:04:41+00:00,c067c47b7d8f62f37eeeaba15f35ae55,Miami Marlins vs Atlanta Braves,h2h,,FanDuel,Atlanta Braves,1.8200
2026-09-26T14:04:41+00:00,c067c47b7d8f62f37eeeaba15f35ae55,Miami Marlins vs Atlanta Braves,h2h,,FanDuel,Miami Marlins,2.0400
2026-09-26T14:04:41+00:00,c067c47b7d8f62f37eeeaba15f35ae55,Miami Marlins vs Atlanta Braves,h2h,,LowVig.ag,Atlanta Braves,1.8800
2026-09-26T14:04:41+00:00,c067c47b7d8f62f37eeeaba15f35ae55,Miami Marlins vs Atlanta Braves,h2h,,LowVig.ag,Miami Marlins,2.0300
2026-09-26T14:04:41+00:00,c067c47b7d8f62f37eeeaba15f35ae55,Miami Marlins vs Atlanta Braves,h2h,,BetOnline.ag,Atlanta Braves,1.8800
2026-09-26T14:04:41+00:00,c067c47b7d8f62f37eeeaba15f35ae55,Miami Marlins vs Atlanta Braves,h2h,,BetOnline.ag,Miami Marlins,2.0300
2026-09-26T14:04:41+00:00,c067c47b7d8f62f37eeeaba15f35ae55,Miami Marlins vs Atlanta Braves,h2h,,BetMGM,Atlanta Braves,1.8000
2026-09-26T14:04:41+00:00,c067c47b7d8f62f37eeeaba15f35ae55,Miami Marlins vs Atlanta Braves,h2h,,BetMGM,Miami Marlins,2.0500
2026-09-26T14:04:41+00:00,c067c47b7d8f62f37eeeaba15f35ae55,Miami Marlins vs Atlanta Braves,h2h,,DraftKings,Atlanta Braves,1.8400
2026-09-26T14:04:41+00:00,c067c47b7d8f62f37eeeaba15f35ae55,Miami Marlins vs Atlanta Braves,h2h,,DraftKings,Miami Marlins,1.9900
2026-09-26T14:04:41+00:00,c067c47b7d8f62f37eeeaba15f35ae55,Miami Marlins vs Atlanta Braves,h2h,,BetRivers,Atlanta Braves,1.7600
2026-09-26T14:04:41+00:00,c067c47b7d8f62f37eeeaba15f35ae55,Miami Marlins vs Atlanta Braves,h2h,,BetRivers,Miami Marlins,2.1000
2026-09-26T14:04:41+00:00,c067c47b7d8f62f37eeeaba15f35ae55,Miami Marlins vs Atlanta Braves,h2h,,BetUS,Atlanta Braves,1.8800
2026-09-26T14:04:41+00:00,c067c47b7d8f62f37eeeaba15f35ae55,Miami Marlins vs Atlanta Braves,h2h,,BetUS,Miami Marlins,2.0300
2026-09-26T14:04:41+00:00,c067c47b7d8f62f37eeeaba15f35ae55,Miami Marlins vs Atlanta Braves,h2h,,MyBookie.ag,Atlanta Braves,1.8300
2026-09-26T14:04:41+00:00,c067c47b7d8f62f37eeeaba15f35ae55,Miami Marlins vs Atlanta Braves,h2h,,MyBookie.ag,Miami Marlins,2.0200
2026-09-26T14:04:41+00:00,c067c47b7d8f62f37eeeaba15f35ae55,Miami Marlins vs Atlanta Braves,h2h,,Bovada,Atlanta Braves,1.8500
2026-09-26T14:04:41+00:00,c067c47b7d8f62f37eeeaba15f35ae55,Miami Marlins vs Atlanta Braves,h2h,,Bovada,Miami Marlins,1.9700
2026-09-26T14:04:41+00:00,c067c47b7d8f62f37eeeaba15f35ae55,Miami Marlins vs Atlanta Braves,spreads,-1.5,FanDuel,Atlanta Braves -1.5,2.4000
2026-09-26T14:04:41+00:00,c067c47b7d8f62f37eeeaba15f35ae55,Miami Marlins vs Atlanta Braves,spreads,1.5,FanDuel,Miami Marlins +1.5,1.5900
2026-09-26T14:04:41+00:00,c067c47b7d8f62f37eeeaba15f35ae55,Miami Marlins vs Atlanta Braves,spreads,-1.5,LowVig.ag,Atlanta Braves -1.5,2.4100
2026-09-26T14:04:41+00:00,c067c47b7d8f62f37eeeaba15f35ae55,Miami Marlins vs Atlanta Braves,spreads,1.5,LowVig.ag,Miami Marlins +1.5,1.6200
2026-09-26T14:04:41+00:00,c067c47b7d8f62f37eeeaba15f35ae55,Miami Marlins vs Atlanta Braves,spreads,-1.5,BetOnline.ag,Atlanta Braves -1.5,2.4000
2026-09-26T14:04:41+00:00,c067c47b7d8f62f37eeeaba15f35ae55,Miami Marlins vs Atlanta Braves,spreads,1.5,BetOnline.ag,Miami Marlins +1.5,1.6200
2026-09-26T14:04:41+00:00,c067c47b7d8f62f37eeeaba15f35ae55,Miami Marlins vs Atlanta Braves,spreads,-1.5,BetMGM,Atlanta Braves -1.5,2.3500
2026-09-26T14:04:41+00:00,c067c47b7d8f62f37eeeaba15f35ae55,Miami Marlins vs Atlanta Braves,spreads,1.5,BetMGM,Miami Marlins +1.5,1.6100
2026-09-26T14:04:41+00:00,c067c47b7d8f62f37eeeaba15f35ae55,Miami Marlins vs Atlanta Braves,spreads,-1.5,DraftKings,Atlanta Braves -1.5,2.3500
2026-09-26T14:04:41+00:00,c067c47b7d8f62f37eeeaba15f35ae55,Miami Marlins vs Atlanta Braves,spreads,1.5,DraftKings,Miami Marlins +1.5,1.6100
2026-09-26T14:04:41+00:00,c067c47b7d8f62f37eeeaba15f35ae55,Miami Marlins vs Atlanta Braves,spreads,-1.5,BetRivers,Atlanta Braves -1.5,2.1800
2026-09-26T14:04:41+00:00,c067c47b7d8f62f37eeeaba15f35ae55,Miami Marlins vs Atlanta Braves,spreads,1.5,BetRivers,Miami Marlins +1.5,1.6800
2026-09-26T14:04:41+00:00,c067c47b7d8f62f37eeeaba15f35ae55,Miami Marlins vs Atlanta Braves,spreads,-1.5,BetUS,Atlanta Braves -1.5,2.4000
2026-09-26T14:04:41+00:00,c067c47b7d8f62f37eeeaba15f35ae55,Miami Marlins vs Atlanta Braves,spreads,1.5,BetUS,Miami Marlins +1.5,1.6200
2026-09-26T14:04:41+00:00,c067c47b7d8f62f37eeeaba15f35ae55,Miami Marlins vs Atlanta Braves,spreads,-1.5,MyBookie.ag,Atlanta Braves -1.5,2.3300
2026-09-26T14:04:41+00:00,c067c47b7d8f62f37eeeaba15f35ae55,Miami Marlins vs Atlanta Braves,spreads,1.5,MyBookie.ag,Miami Marlins +1.5,1.6400
2026-09-26T14:04:41+00:00,c067c47b7d8f62f37eeeaba15f35ae55,Miami Marlins vs Atlanta Braves,spreads,-1.5,Bovada,Atlanta Braves -1.5,2.4000
2026-09-26T14:04:41+00:00,c067c47b7d8f62f37eeeaba15f35ae55,Miami Marlins vs Atlanta Braves,spreads,1.5,Bovada,Miami Marlins +1.5,1.6100
2026-09-26T14:04:41+00:00,c067c47b7d8f62f37eeeaba15f35ae55,Miami Marlins vs Atlanta Braves,totals,8.5,FanDuel,Over +8.5,1.8800
2026-09-26T14:04:41+00:00,c067c47b7d8f62f37eeeaba15f35ae55,Miami Marlins vs Atlanta Braves,totals,8.5,FanDuel,Under +8.5,1.9400
2026-09-26T14:04:41+00:00,c067c47b7d8f62f37eeeaba15f35ae55,Miami Marlins vs Atlanta Braves,totals,8.5,LowVig.ag,Over +8.5,1.8800
2026-09-26T14:04:41+00:00,c067c47b7d8f62f37eeeaba15f35ae55,Miami Marlins vs Atlanta Braves,totals,8.5,LowVig.ag,Under +8.5,1.9800
2026-09-26T14:04:41+00:00,c067c47b7d8f62f37eeeaba15f35ae55,Miami Marlins vs Atlanta Braves,totals,8.5,BetOnline.ag,Over +8.5,1.8700
2026-09-26T14:04:41+00:00,c067c47b7d8f62f37eeeaba15f35ae55,Miami Marlins vs Atlanta Braves,totals,8.5,BetOnline.ag,Under +8.5,1.9500
2026-09-26T14:04:41+00:00,c067c47b7d8f62f37eeeaba15f35ae55,Miami Marlins vs Atlanta Braves,totals,8.5,BetMGM,Over +8.5,1.8700
2026-09-26T14:04:41+00:00,c067c47b7d8f62f37eeeaba15f35ae55,Miami Marlins vs Atlanta Braves,totals,8.5,BetMGM,Under +8.5,1.9500
2026-09-26T14:04:41+00:00,c067c47b7d8f62f37eeeaba15f35ae55,Miami Marlins vs Atlanta Braves,totals,8.5,DraftKings,Over +8.5,1.8700
2026-09-26T14:04:41+00:00,c067c47b7d8f62f37eeeaba15f35ae55,Miami Marlins vs Atlanta Braves,totals,8.5,DraftKings,Under +8.5,1.9500
2026-09-26T14:04:41+00:00,c067c47b7d8f62f37eeeaba15f35ae55,Miami Marlins vs Atlanta Braves,totals,8.5,BetRivers,Over +8.5,1.8800
2026-09-26T14:04:41+00:00,c067c47b7d8f62f37eeeaba15f35ae55,Miami Marlins vs Atlanta Braves,totals,8.5,BetRivers,Under +8.5,1.9300
2026-09-26T14:04:41+00:00,c067c47b7d8f62f37eeeaba15f35ae55,Miami Marlins vs Atlanta Braves,totals,8.5,BetUS,Over +8.5,1.8700
2026-09-26T14:04:41+00:00,c067c47b7d8f62f37eeeaba15f35ae55,Miami Marlins vs Atlanta Braves,totals,8.5,BetUS,Under +8.5,1.9500
2026-09-26T14:04:41+00:00,c067c47b7d8f62f37eeeaba15f35ae55,Miami Marlins vs Atlanta Braves,totals,8.5,MyBookie.ag,Over +8.5,1.8500
2026-09-26T14:04:41+00:00,c067c47b7d8f62f37eeeaba15f35ae55,Miami Marlins vs Atlanta Braves,totals,8.5,MyBookie.ag,Under +8.5,1.9700
2026-09-26T14:04:41+00:00,c067c47b7d8f62f37eeeaba15f35ae55,Miami Marlins vs Atlanta Braves,totals,8.5,Bovada,Over +8.5,1.8700
2026-09-26T14:04:41+00:00,c067c47b7d8f62f37eeeaba15f35ae55,Miami Marlins vs Atlanta Braves,totals,8.5,Bovada,Under +8.5,1.9500
2026-09-26T14:04:41+00:00,f02fbe7c7bb8a6741f285b306e7d8fa8,Minnesota Twins vs Texas Rangers,h2h,,FanDuel,Minnesota Twins,2.0800
2026-09-26T14:04:41+00:00,f02fbe7c7bb8a6741f285b306e7d8fa8,Minnesota Twins vs Texas Rangers,h2h,,FanDuel,Texas Rangers,1.7900
2026-09-26T14:04:41+00:00,f02fbe7c7bb8a6741f285b306e7d8fa8,Minnesota Twins vs Texas Rangers,h2h,,DraftKings,Minnesota Twins,2.0400
2026-09-26T14:04:41+00:00,f02fbe7c7bb8a6741f285b306e7d8fa8,Minnesota Twins vs Texas Rangers,h2h,,DraftKings,Texas Rangers,1.7900
2026-09-26T14:04:41+00:00,f02fbe7c7bb8a6741f285b306e7d8fa8,Minnesota Twins vs Texas Rangers,h2h,,BetRivers,Minnesota Twins,2.0400
2026-09-26T14:04:41+00:00,f02fbe7c7bb8a6741f285b306e7d8fa8,Minnesota Twins vs Texas Rangers,h2h,,BetRivers,Texas Rangers,1.8100
2026-09-26T14:04:41+00:00,f02fbe7c7bb8a6741f285b306e7d8fa8,Minnesota Twins vs Texas Rangers,h2h,,BetMGM,Minnesota Twins,2.0500
2026-09-26T14:04:41+00:00,f02fbe7c7bb8a6741f285b306e7d8fa8,Minnesota Twins vs Texas Rangers,h2h,,BetMGM,Texas Rangers,1.7700
2026-09-26T14:04:41+00:00,f02fbe7c7bb8a6741f285b306e7d8fa8,Minnesota Twins vs Texas Rangers,h2h,,Bovada,Minnesota Twins,2.0700
2026-09-26T14:04:41+00:00,f02fbe7c7bb8a6741f285b306e7d8fa8,Minnesota Twins vs Texas Rangers,h2h,,Bovada,Texas Rangers,1.7800
2026-09-26T14:04:41+00:00,f02fbe7c7bb8a6741f285b306e7d8fa8,Minnesota Twins vs Texas Rangers,h2h,,MyBookie.ag,Minnesota Twins,2.0700
2026-09-26T14:04:41+00:00,f02fbe7c7bb8a6741f285b306e7d8fa8,Minnesota Twins vs Texas Rangers,h2h,,MyBookie.ag,Texas Rangers,1.8000
2026-09-26T14:04:41+00:00,f02fbe7c7bb8a6741f285b306e7d8fa8,Minnesota Twins vs Texas Rangers,h2h,,BetUS,Minnesota Twins,2.0700
2026-09-26T14:04:41+00:00,f02fbe7c7bb8a6741f285b306e7d8fa8,Minnesota Twins vs Texas Rangers,h2h,,BetUS,Texas Rangers,1.8500
2026-09-26T14:04:41+00:00,f02fbe7c7bb8a6741f285b306e7d8fa8,Minnesota Twins vs Texas Rangers,h2h,,LowVig.ag,Minnesota Twins,2.0700
2026-09-26T14:04:41+00:00,f02fbe7c7bb8a6741f285b306e7d8fa8,Minnesota Twins vs Texas Rangers,h2h,,LowVig.ag,Texas Rangers,1.8500
2026-09-26T14:04:41+00:00,f02fbe7c7bb8a6741f285b306e7d8fa8,Minnesota Twins vs Texas Rangers,h2h,,BetOnline.ag,Minnesota Twins,2.0700
2026-09-26T14:04:41+00:00,f02fbe7c7bb8a6741f285b306e7d8fa8,Minnesota Twins vs Texas Rangers,h2h,,BetOnline.ag,Texas Rangers,1.8500
2026-09-26T14:04:41+00:00,f02fbe7c7bb8a6741f285b306e7d8fa8,Minnesota Twins vs Texas Rangers,spreads,1.5,FanDuel,Minnesota Twins +1.5,1.6100
2026-09-26T14:04:41+00:00,f02fbe7c7bb8a6741f285b306e7d8fa8,Minnesota Twins vs Texas Rangers,spreads,-1.5,FanDuel,Texas Rangers -1.5,2.3600
2026-09-26T14:04:41+00:00,f02fbe7c7bb8a6741f285b306e7d8fa8,Minnesota Twins vs Texas Rangers,spreads,1.5,DraftKings,Minnesota Twins +1.5,1.6200
2026-09-26T14:04:41+00:00,f02fbe7c7bb8a6741f285b306e7d8fa8,Minnesota Twins vs Texas Rangers,spreads,-1.5,DraftKings,Texas Rangers -1.5,2.3400
2026-09-26T14:04:41+00:00,f02fbe7c7bb8a6741f285b306e7d8fa8,Minnesota Twins vs Texas Rangers,spreads,1.5,BetRivers,Minnesota Twins +1.5,1.6300
2026-09-26T14:04:41+00:00,f02fbe7c7bb8a6741f285b306e7d8fa8,Minnesota Twins vs Texas Rangers,spreads,-1.5,BetRivers,Texas Rangers -1.5,2.3000
2026-09-26T14:04:41+00:00,f02fbe7c7bb8a6741f285b306e7d8fa8,Minnesota Twins vs Texas Rangers,spreads,1.5,Bovada,Minnesota Twins +1.5,1.6700
2026-09-26T14:04:41+00:00,f02fbe7c7bb8a6741f285b306e7d8fa8,Minnesota Twins vs Texas Rangers,spreads,-1.5,Bovada,Texas Rangers -1.5,2.3000
2026-09-26T14:04:41+00:00,f02fbe7c7bb8a6741f285b306e7d8fa8,Minnesota Twins vs Texas Rangers,spreads,1.5,MyBookie.ag,Minnesota Twins +1.5,1.6000
2026-09-26T14:04:41+00:00,f02fbe7c7bb8a6741f285b306e7d8fa8,Minnesota Twins vs Texas Rangers,spreads,-1.5,MyBookie.ag,Texas Rangers -1.5,2.3900
2026-09-26T14:04:41+00:00,f02fbe7c7bb8a6741f285b306e7d8fa8,Minnesota Twins vs Texas Rangers,spreads,1.5,BetUS,Minnesota Twins +1.5,1.6200
2026-09-26T14:04:41+00:00,f02fbe7c7bb8a6741f285b306e7d8fa8,Minnesota Twins vs Texas Rangers,spreads,-1.5,BetUS,Texas Rangers -1.5,2.4000
2026-09-26T14:04:41+00:00,f02fbe7c7bb8a6741f285b306e7d8fa8,Minnesota Twins vs Texas Rangers,spreads,1.5,LowVig.ag,Minnesota Twins +1.5,1.6400
2026-09-26T14:04:41+00:00,f02fbe7c7bb8a6741f285b306e7d8fa8,Minnesota Twins vs Texas Rangers,spreads,-1.5,LowVig.ag,Texas Rangers -1.5,2.3900
2026-09-26T14:04:41+00:00,f02fbe7c7bb8a6741f285b306e7d8fa8,Minnesota Twins vs Texas Rangers,spreads,1.5,BetOnline.ag,Minnesota Twins +1.5,1.6300
2026-09-26T14:04:41+00:00,f02fbe7c7bb8a6741f285b306e7d8fa8,Minnesota Twins vs Texas Rangers,spreads,-1.5,BetOnline.ag,Texas Rangers -1.5,2.3800
2026-09-26T14:04:41+00:00,f02fbe7c7bb8a6741f285b306e7d8fa8,Minnesota Twins vs Texas Rangers,totals,7.5,FanDuel,Over +7.5,1.8100
2026-09-26T14:04:41+00:00,f02fbe7c7bb8a6741f285b306e7d8fa8,Minnesota Twins vs Texas Rangers,totals,7.5,FanDuel,Under +7.5,2.0200
2026-09-26T14:04:41+00:00,f02fbe7c7bb8a6741f285b306e7d8fa8,Minnesota Twins vs Texas Rangers,totals,8.0,DraftKings,Over +8,1.9300
2026-09-26T14:04:41+00:00,f02fbe7c7bb8a6741f285b306e7d8fa8,Minnesota Twins vs Texas Rangers,totals,8.0,DraftKings,Under +8,1.8900
2026-09-26T14:04:41+00:00,f02fbe7c7bb8a6741f285b306e7d8fa8,Minnesota Twins vs Texas Rangers,totals,8.0,BetRivers,Over +8,1.8500
2026-09-26T14:04:41+00:00,f02fbe7c7bb8a6741f285b306e7d8fa8,Minnesota Twins vs Texas Rangers,totals,8.0,BetRivers,Under +8,1.8300
2026-09-26T14:04:41+00:00,f02fbe7c7bb8a6741f285b306e7d8fa8,Minnesota Twins vs Texas Rangers,totals,8.0,BetMGM,Over +8,1.9500
2026-09-26T14:04:41+00:00,f02fbe7c7bb8a6741f285b306e7d8fa8,Minnesota Twins vs Texas Rangers,totals,8.0,BetMGM,Under +8,1.8700
2026-09-26T14:04:41+00:00,f02fbe7c7bb8a6741f285b306e7d8fa8,Minnesota Twins vs Texas Rangers,totals,8.0,Bovada,Over +8,1.8700
2026-09-26T14:04:41+00:00,f02fbe7c7bb8a6741f285b306e7d8fa8,Minnesota Twins vs Texas Rangers,totals,8.0,Bovada,Under +8,1.9500
2026-09-26T14:04:41+00:00,f02fbe7c7bb8a6741f285b306e7d8fa8,Minnesota Twins vs Texas Rangers,totals,8.0,MyBookie.ag,Over +8,1.9000
2026-09-26T14:04:41+00:00,f02fbe7c7bb8a6741f285b306e7d8fa8,Minnesota Twins vs Texas Rangers,totals,8.0,MyBookie.ag,Under +8,1.9100
2026-09-26T14:04:41+00:00,f02fbe7c7bb8a6741f285b306e7d8fa8,Minnesota Twins vs Texas Rangers,totals,8.0,BetUS,Over +8,1.9500
2026-09-26T14:04:41+00:00,f02fbe7c7bb8a6741f285b306e7d8fa8,Minnesota Twins vs Texas Rangers,totals,8.0,BetUS,Under +8,1.8700
2026-09-26T14:04:41+00:00,f02fbe7c7bb8a6741f285b306e7d8fa8,Minnesota Twins vs Texas Rangers,totals,7.5,LowVig.ag,Over +7.5,1.8100
2026-09-26T14:04:41+00:00,f02fbe7c7bb8a6741f285b306e7d8fa8,Minnesota Twins vs Texas Rangers,totals,7.5,LowVig.ag,Under +7.5,2.0700
2026-09-26T14:04:41+00:00,f02fbe7c7bb8a6741f285b306e7d8fa8,Minnesota Twins vs Texas Rangers,totals,7.5,BetOnline.ag,Over +7.5,1.8000
2026-09-26T14:04:41+00:00,f02fbe7c7bb8a6741f285b306e7d8fa8,Minnesota Twins vs Texas Rangers,totals,7.5,BetOnline.ag,Under +7.5,2.0500
2026-09-26T14:04:41+00:00,6b474c64214114311f42d90b1a674c02,Kansas City Royals vs Cleveland Guardians,h2h,,DraftKings,Cleveland Guardians,1.8700
2026-09-26T14:04:41+00:00,6b474c64214114311f42d90b1a674c02,Kansas City Royals vs Cleveland Guardians,h2h,,DraftKings,Kansas City Royals,1.9500
2026-09-26T14:04:41+00:00,6b474c64214114311f42d90b1a674c02,Kansas City Royals vs Cleveland Guardians,h2h,,BetOnline.ag,Cleveland Guardians,1.9100
2026-09-26T14:04:41+00:00,6b474c64214114311f42d90b1a674c02,Kansas City Royals vs Cleveland Guardians,h2h,,BetOnline.ag,Kansas City Royals,2.0000
2026-09-26T14:04:41+00:00,6b474c64214114311f42d90b1a674c02,Kansas City Royals vs Cleveland Guardians,h2h,,LowVig.ag,Cleveland Guardians,1.9100
2026-09-26T14:04:41+00:00,6b474c64214114311f42d90b1a674c02,Kansas City Royals vs Cleveland Guardians,h2h,,LowVig.ag,Kansas City Royals,2.0000
2026-09-26T14:04:41+00:00,6b474c64214114311f42d90b1a674c02,Kansas City Royals vs Cleveland Guardians,h2h,,MyBookie.ag,Cleveland Guardians,1.8900
2026-09-26T14:04:41+00:00,6b474c64214114311f42d90b1a674c02,Kansas City Royals vs Cleveland Guardians,h2h,,MyBookie.ag,Kansas City Royals,1.9500
2026-09-26T14:04:41+00:00,6b474c64214114311f42d90b1a674c02,Kansas City Royals vs Cleveland Guardians,h2h,,FanDuel,Cleveland Guardians,1.8900
2026-09-26T14:04:41+00:00,6b474c64214114311f42d90b1a674c02,Kansas City Royals vs Cleveland Guardians,h2h,,FanDuel,Kansas City Royals,1.9600
2026-09-26T14:04:41+00:00,6b474c64214114311f42d90b1a674c02,Kansas City Royals vs Cleveland Guardians,h2h,,BetMGM,Cleveland Guardians,1.8700
2026-09-26T14:04:41+00:00,6b474c64214114311f42d90b1a674c02,Kansas City Royals vs Cleveland Guardians,h2h,,BetMGM,Kansas City Royals,1.9500
2026-09-26T14:04:41+00:00,6b474c64214114311f42d90b1a674c02,Kansas City Royals vs Cleveland Guardians,h2h,,BetUS,Cleveland Guardians,1.9000
2026-09-26T14:04:41+00:00,6b474c64214114311f42d90b1a674c02,Kansas City Royals vs Cleveland Guardians,h2h,,BetUS,Kansas City Royals,2.0100
2026-09-26T14:04:41+00:00,6b474c64214114311f42d90b1a674c02,Kansas City Royals vs Cleveland Guardians,h2h,,BetRivers,Cleveland Guardians,1.8100
2026-09-26T14:04:41+00:00,6b474c64214114311f42d90b1a674c02,Kansas City Royals vs Cleveland Guardians,h2h,,BetRivers,Kansas City Royals,2.0400
2026-09-26T14:04:41+00:00,6b474c64214114311f42d90b1a674c02,Kansas City Royals vs Cleveland Guardians,h2h,,Bovada,Cleveland Guardians,1.8800
2026-09-26T14:04:41+00:00,6b474c64214114311f42d90b1a674c02,Kansas City Royals vs Cleveland Guardians,h2h,,Bovada,Kansas City Royals,1.9300
2026-09-26T14:04:41+00:00,6b474c64214114311f42d90b1a674c02,Kansas City Royals vs Cleveland Guardians,spreads,-1.5,DraftKings,Cleveland Guardians -1.5,2.4400
2026-09-26T14:04:41+00:00,6b474c64214114311f42d90b1a674c02,Kansas City Royals vs Cleveland Guardians,spreads,1.5,DraftKings,Kansas City Royals +1.5,1.5700
2026-09-26T14:04:41+00:00,6b474c64214114311f42d90b1a674c02,Kansas City Royals vs Cleveland Guardians,spreads,-1.5,BetOnline.ag,Cleveland Guardians -1.5,2.4800
2026-09-26T14:04:41+00:00,6b474c64214114311f42d90b1a674c02,Kansas City Royals vs Cleveland Guardians,spreads,1.5,BetOnline.ag,Kansas City Royals +1.5,1.6000
2026-09-26T14:04:41+00:00,6b474c64214114311f42d90b1a674c02,Kansas City Royals vs Cleveland Guardians,spreads,-1.5,LowVig.ag,Cleveland Guardians -1.5,2.4900
2026-09-26T14:04:41+00:00,6b474c64214114311f42d90b1a674c02,Kansas City Royals vs Cleveland Guardians,spreads,1.5,LowVig.ag,Kansas City Royals +1.5,1.6000
2026-09-26T14:04:41+00:00,6b474c64214114311f42d90b1a674c02,Kansas City Royals vs Cleveland Guardians,spreads,-1.5,MyBookie.ag,Cleveland Guardians -1.5,2.4800
2026-09-26T14:04:41+00:00,6b474c64214114311f42d90b1a674c02,Kansas City Royals vs Cleveland Guardians,spreads,1.5,MyBookie.ag,Kansas City Royals +1.5,1.5700
2026-09-26T14:04:41+00:00,6b474c64214114311f42d90b1a674c02,Kansas City Royals vs Cleveland Guardians,spreads,-1.5,FanDuel,Cleveland Guardians -1.5,2.4600
2026-09-26T14:04:41+00:00,6b474c64214114311f42d90b1a674c02,Kansas City Royals vs Cleveland Guardians,spreads,1.5,FanDuel,Kansas City Royals +1.5,1.5600
2026-09-26T14:04:41+00:00,6b474c64214114311f42d90b1a674c02,Kansas City Royals vs Cleveland Guardians,spreads,-1.5,BetMGM,Cleveland Guardians -1.5,2.4500
2026-09-26T14:04:41+00:00,6b474c64214114311f42d90b1a674c02,Kansas City Royals vs Cleveland Guardians,spreads,1.5,BetMGM,Kansas City Royals +1.5,1.5700
2026-09-26T14:04:41+00:00,6b474c64214114311f42d90b1a674c02,Kansas City Royals vs Cleveland Guardians,spreads,-1.5,BetUS,Cleveland Guardians -1.5,2.4800
2026-09-26T14:04:41+00:00,6b474c64214114311f42d90b1a674c02,Kansas City Royals vs Cleveland Guardians,spreads,1.5,BetUS,Kansas City Royals +1.5,1.5900
2026-09-26T14:04:41+00:00,6b474c64214114311f42d90b1a674c02,Kansas City Royals vs Cleveland Guardians,spreads,-1.5,BetRivers,Cleveland Guardians -1.5,2.2800
2026-09-26T14:04:41+00:00,6b474c64214114311f42d90b1a674c02,Kansas City Royals vs Cleveland Guardians,spreads,1.5,BetRivers,Kansas City Royals +1.5,1.6500
2026-09-26T14:04:41+00:00,6b474c64214114311f42d90b1a674c02,Kansas City Royals vs Cleveland Guardians,spreads,-1.5,Bovada,Cleveland Guardians -1.5,2.4500
2026-09-26T14:04:41+00:00,6b474c64214114311f42d90b1a674c02,Kansas City Royals vs Cleveland Guardians,spreads,1.5,Bovada,Kansas City Royals +1.5,1.5900
2026-09-26T14:04:41+00:00,6b474c64214114311f42d90b1a674c02,Kansas City Royals vs Cleveland Guardians,totals,8.5,DraftKings,Over +8.5,1.9500
2026-09-26T14:04:41+00:00,6b474c64214114311f42d90b1a674c02,Kansas City Royals vs Cleveland Guardians,totals,8.5,DraftKings,Under +8.5,1.8700
2026-09-26T14:04:41+00:00,6b474c64214114311f42d90b1a674c02,Kansas City Royals vs Cleveland Guardians,totals,8.0,BetOnline.ag,Over +8,1.8200
2026-09-26T14:04:41+00:00,6b474c64214114311f42d90b1a674c02,Kansas City Royals vs Cleveland Guardians,totals,8.0,BetOnline.ag,Under +8,2.0200
2026-09-26T14:04:41+00:00,6b474c64214114311f42d90b1a674c02,Kansas City Royals vs Cleveland Guardians,totals,8.0,LowVig.ag,Over +8,1.8300
2026-09-26T14:04:41+00:00,6b474c64214114311f42d90b1a674c02,Kansas City Royals vs Cleveland Guardians,totals,8.0,LowVig.ag,Under +8,2.0500
2026-09-26T14:04:41+00:00,6b474c64214114311f42d90b1a674c02,Kansas City Royals vs Cleveland Guardians,totals,8.5,MyBookie.ag,Over +8.5,1.9500
2026-09-26T14:04:41+00:00,6b474c64214114311f42d90b1a674c02,Kansas City Royals vs Cleveland Guardians,totals,8.5,MyBookie.ag,Under +8.5,1.8500
2026-09-26T14:04:41+00:00,6b474c64214114311f42d90b1a674c02,Kansas City Royals vs Cleveland Guardians,totals,8.5,FanDuel,Over +8.5,1.9500
2026-09-26T14:04:41+00:00,6b474c64214114311f42d90b1a674c02,Kansas City Royals vs Cleveland Guardians,totals,8.5,FanDuel,Under +8.5,1.8700
2026-09-26T14:04:41+00:00,6b474c64214114311f42d90b1a674c02,Kansas City Royals vs Cleveland Guardians,totals,8.5,BetMGM,Over +8.5,1.9100
2026-09-26T14:04:41+00:00,6b474c64214114311f42d90b1a674c02,Kansas City Royals vs Cleveland Guardians,totals,8.5,BetMGM,Under +8.5,1.9100
2026-09-26T14:04:41+00:00,6b474c64214114311f42d90b1a674c02,Kansas City Royals vs Cleveland Guardians,totals,8.0,BetUS,Over +8,1.8300
2026-09-26T14:04:41+00:00,6b474c64214114311f42d90b1a674c02,Kansas City Royals vs Cleveland Guardians,totals,8.0,BetUS,Under +8,2.0000
2026-09-26T14:04:41+00:00,6b474c64214114311f42d90b1a674c02,Kansas City Royals vs Cleveland Guardians,totals,8.5,BetRivers,Over +8.5,1.9400
2026-09-26T14:04:41+00:00,6b474c64214114311f42d90b1a674c02,Kansas City Royals vs Cleveland Guardians,totals,8.5,BetRivers,Under +8.5,1.8700
2026-09-26T14:04:41+00:00,6b474c64214114311f42d90b1a674c02,Kansas City Royals vs Cleveland Guardians,totals,8.5,Bovada,Over +8.5,2.0000
2026-09-26T14:04:41+00:00,6b474c64214114311f42d90b1a674c02,Kansas City Royals vs Cleveland Guardians,totals,8.5,Bovada,Under +8.5,1.8300
2026-09-26T14:04:41+00:00,5e96347a5c09f2be46dc616aa404bf27,Chicago White Sox vs Colorado Rockies,h2h,,FanDuel,Chicago White Sox,1.4300
2026-09-26T14:04:41+00:00,5e96347a5c09f2be46dc616aa404bf27,Chicago White Sox vs Colorado Rockies,h2h,,FanDuel,Colorado Rockies,2.9400
2026-09-26T14:04:41+00:00,5e96347a5c09f2be46dc616aa404bf27,Chicago White Sox vs Colorado Rockies,h2h,,LowVig.ag,Chicago White Sox,1.4400
2026-09-26T14:04:41+00:00,5e96347a5c09f2be46dc616aa404bf27,Chicago White Sox vs Colorado Rockies,h2h,,LowVig.ag,Colorado Rockies,3.0100
2026-09-26T14:04:41+00:00,5e96347a5c09f2be46dc616aa404bf27,Chicago White Sox vs Colorado Rockies,h2h,,BetOnline.ag,Chicago White Sox,1.4400
2026-09-26T14:04:41+00:00,5e96347a5c09f2be46dc616aa404bf27,Chicago White Sox vs Colorado Rockies,h2h,,BetOnline.ag,Colorado Rockies,3.0100
2026-09-26T14:04:41+00:00,5e96347a5c09f2be46dc616aa404bf27,Chicago White Sox vs Colorado Rockies,h2h,,MyBookie.ag,Chicago White Sox,1.4200
2026-09-26T14:04:41+00:00,5e96347a5c09f2be46dc616aa404bf27,Chicago White Sox vs Colorado Rockies,h2h,,MyBookie.ag,Colorado Rockies,2.9900
2026-09-26T14:04:41+00:00,5e96347a5c09f2be46dc616aa404bf27,Chicago White Sox vs Colorado Rockies,h2h,,DraftKings,Chicago White Sox,1.4100
2026-09-26T14:04:41+00:00,5e96347a5c09f2be46dc616aa404bf27,Chicago White Sox vs Colorado Rockies,h2h,,DraftKings,Colorado Rockies,2.9700
2026-09-26T14:04:41+00:00,5e96347a5c09f2be46dc616aa404bf27,Chicago White Sox vs Colorado Rockies,h2h,,BetMGM,Chicago White Sox,1.4300
2026-09-26T14:04:41+00:00,5e96347a5c09f2be46dc616aa404bf27,Chicago White Sox vs Colorado Rockies,h2h,,BetMGM,Colorado Rockies,2.9000
2026-09-26T14:04:41+00:00,5e96347a5c09f2be46dc616aa404bf27,Chicago White Sox vs Colorado Rockies,h2h,,BetUS,Chicago White Sox,1.4400
2026-09-26T14:04:41+00:00,5e96347a5c09f2be46dc616aa404bf27,Chicago White Sox vs Colorado Rockies,h2h,,BetUS,Colorado Rockies,2.9400
2026-09-26T14:04:41+00:00,5e96347a5c09f2be46dc616aa404bf27,Chicago White Sox vs Colorado Rockies,h2h,,Bovada,Chicago White Sox,1.4200
2026-09-26T14:04:41+00:00,5e96347a5c09f2be46dc616aa404bf27,Chicago White Sox vs Colorado Rockies,h2h,,Bovada,Colorado Rockies,2.9500
2026-09-26T14:04:41+00:00,5e96347a5c09f2be46dc616aa404bf27,Chicago White Sox vs Colorado Rockies,h2h,,BetRivers,Chicago White Sox,1.4300
2026-09-26T14:04:41+00:00,5e96347a5c09f2be46dc616aa404bf27,Chicago White Sox vs Colorado Rockies,h2h,,BetRivers,Colorado Rockies,2.8500
2026-09-26T14:04:41+00:00,5e96347a5c09f2be46dc616aa404bf27,Chicago White Sox vs Colorado Rockies,spreads,-1.5,FanDuel,Chicago White Sox -1.5,1.9100
2026-09-26T14:04:41+00:00,5e96347a5c09f2be46dc616aa404bf27,Chicago White Sox vs Colorado Rockies,spreads,1.5,FanDuel,Colorado Rockies +1.5,1.9100
2026-09-26T14:04:41+00:00,5e96347a5c09f2be46dc616aa404bf27,Chicago White Sox vs Colorado Rockies,spreads,-1.5,LowVig.ag,Chicago White Sox -1.5,1.9300
2026-09-26T14:04:41+00:00,5e96347a5c09f2be46dc616aa404bf27,Chicago White Sox vs Colorado Rockies,spreads,1.5,LowVig.ag,Colorado Rockies +1.5,1.9300
2026-09-26T14:04:41+00:00,5e96347a5c09f2be46dc616aa404bf27,Chicago White Sox vs Colorado Rockies,spreads,-1.5,BetOnline.ag,Chicago White Sox -1.5,1.9100
2026-09-26T14:04:41+00:00,5e96347a5c09f2be46dc616aa404bf27,Chicago White Sox vs Colorado Rockies,spreads,1.5,BetOnline.ag,Colorado Rockies +1.5,1.9100
2026-09-26T14:04:41+00:00,5e96347a5c09f2be46dc616aa404bf27,Chicago White Sox vs Colorado Rockies,spreads,-1.5,MyBookie.ag,Chicago White Sox -1.5,1.9200
2026-09-26T14:04:41+00:00,5e96347a5c09f2be46dc616aa404bf27,Chicago White Sox vs Colorado Rockies,spreads,1.5,MyBookie.ag,Colorado Rockies +1.5,1.9300
2026-09-26T14:04:41+00:00,5e96347a5c09f2be46dc616aa404bf27,Chicago White Sox vs Colorado Rockies,spreads,-1.5,DraftKings,Chicago White Sox -1.5,1.9200
2026-09-26T14:04:41+00:00,5e96347a5c09f2be46dc616aa404bf27,Chicago White Sox vs Colorado Rockies,spreads,1.5,DraftKings,Colorado Rockies +1.5,1.9100
2026-09-26T14:04:41+00:00,5e96347a5c09f2be46dc616aa404bf27,Chicago White Sox vs Colorado Rockies,spreads,-1.5,BetMGM,Chicago White Sox -1.5,1.9100
2026-09-26T14:04:41+00:00,5e96347a5c09f2be46dc616aa404bf27,Chicago White Sox vs Colorado Rockies,spreads,1.5,BetMGM,Colorado Rockies +1.5,1.9100
2026-09-26T14:04:41+00:00,5e96347a5c09f2be46dc616aa404bf27,Chicago White Sox vs Colorado Rockies,spreads,-1.5,BetUS,Chicago White Sox -1.5,1.8700
2026-09-26T14:04:41+00:00,5e96347a5c09f2be46dc616aa404bf27,Chicago White Sox vs Colorado Rockies,spreads,1.5,BetUS,Colorado Rockies +1.5,1.9500
2026-09-26T14:04:41+00:00,5e96347a5c09f2be46dc616aa404bf27,Chicago White Sox vs Colorado Rockies,spreads,-1.5,Bovada,Chicago White Sox -1.5,1.9500
2026-09-26T14:04:41+00:00,5e96347a5c09f2be46dc616aa404bf27,Chicago White Sox vs Colorado Rockies,spreads,1.5,Bovada,Colorado Rockies +1.5,1.8700
2026-09-26T14:04:41+00:00,5e96347a5c09f2be46dc616aa404bf27,Chicago White Sox vs Colorado Rockies,spreads,-1.5,BetRivers,Chicago White Sox -1.5,1.8100
2026-09-26T14:04:41+00:00,5e96347a5c09f2be46dc616aa404bf27,Chicago White Sox vs Colorado Rockies,spreads,1.5,BetRivers,Colorado Rockies +1.5,2.0200
2026-09-26T14:04:41+00:00,5e96347a5c09f2be46dc616aa404bf27,Chicago White Sox vs Colorado Rockies,totals,8.5,FanDuel,Over +8.5,2.0400
2026-09-26T14:04:41+00:00,5e96347a5c09f2be46dc616aa404bf27,Chicago White Sox vs Colorado Rockies,totals,8.5,FanDuel,Under +8.5,1.7800
2026-09-26T14:04:41+00:00,5e96347a5c09f2be46dc616aa404bf27,Chicago White Sox vs Colorado Rockies,totals,8.0,LowVig.ag,Over +8,1.8800
2026-09-26T14:04:41+00:00,5e96347a5c09f2be46dc616aa404bf27,Chicago White Sox vs Colorado Rockies,totals,8.0,LowVig.ag,Under +8,1.9800
2026-09-26T14:04:41+00:00,5e96347a5c09f2be46dc616aa404bf27,Chicago White Sox vs Colorado Rockies,totals,8.0,BetOnline.ag,Over +8,1.8700
2026-09-26T14:04:41+00:00,5e96347a5c09f2be46dc616aa404bf27,Chicago White Sox vs Colorado Rockies,totals,8.0,BetOnline.ag,Under +8,1.9500
2026-09-26T14:04:41+00:00,5e96347a5c09f2be46dc616aa404bf27,Chicago White Sox vs Colorado Rockies,totals,8.0,MyBookie.ag,Over +8,1.8700
2026-09-26T14:04:41+00:00,5e96347a5c09f2be46dc616aa404bf27,Chicago White Sox vs Colorado Rockies,totals,8.0,MyBookie.ag,Under +8,1.9400
2026-09-26T14:04:41+00:00,5e96347a5c09f2be46dc616aa404bf27,Chicago White Sox vs Colorado Rockies,totals,8.0,DraftKings,Over +8,1.8900
2026-09-26T14:04:41+00:00,5e96347a5c09f2be46dc616aa404bf27,Chicago White Sox vs Colorado Rockies,totals,8.0,DraftKings,Under +8,1.9300
2026-09-26T14:04:41+00:00,5e96347a5c09f2be46dc616aa404bf27,Chicago White Sox vs Colorado Rockies,totals,8.0,BetMGM,Over +8,1.8700
2026-09-26T14:04:41+00:00,5e96347a5c09f2be46dc616aa404bf27,Chicago White Sox vs Colorado Rockies,totals,8.0,BetMGM,Under +8,1.9500
2026-09-26T14:04:41+00:00,5e96347a5c09f2be46dc616aa404bf27,Chicago White Sox vs Colorado Rockies,totals,8.0,BetUS,Over +8,1.8700
2026-09-26T14:04:41+00:00,5e96347a5c09f2be46dc616aa404bf27,Chicago White Sox vs Colorado Rockies,totals,8.0,BetUS,Under +8,1.9500
2026-09-26T14:04:41+00:00,5e96347a5c09f2be46dc616aa404bf27,Chicago White Sox vs Colorado Rockies,totals,8.0,Bovada,Over +8,1.8700
2026-09-26T14:04:41+00:00,5e96347a5c09f2be46dc616aa404bf27,Chicago White Sox vs Colorado Rockies,totals,8.0,Bovada,Under +8,1.9500
2026-09-26T14:04:41+00:00,5e96347a5c09f2be46dc616aa404bf27,Chicago White Sox vs Colorado Rockies,totals,8.0,BetRivers,Over +8,1.8300
2026-09-26T14:04:41+00:00,5e96347a5c09f2be46dc616aa404bf27,Chicago White Sox vs Colorado Rockies,totals,8.0,BetRivers,Under +8,1.8500
2026-09-26T14:04:41+00:00,bff2944df94a062f85abadcd9aab1086,Milwaukee Brewers vs St. Louis Cardinals,h2h,,FanDuel,Milwaukee Brewers,1.6100
2026-09-26T14:04:41+00:00,bff2944df94a062f85abadcd9aab1086,Milwaukee Brewers vs St. Louis Cardinals,h2h,,FanDuel,St. Louis Cardinals,2.3800
2026-09-26T14:04:41+00:00,bff2944df94a062f85abadcd9aab1086,Milwaukee Brewers vs St. Louis Cardinals,h2h,,BetOnline.ag,Milwaukee Brewers,1.6500
2026-09-26T14:04:41+00:00,bff2944df94a062f85abadcd9aab1086,Milwaukee Brewers vs St. Louis Cardinals,h2h,,BetOnline.ag,St. Louis Cardinals,2.4000
2026-09-26T14:04:41+00:00,bff2944df94a062f85abadcd9aab1086,Milwaukee Brewers vs St. Louis Cardinals,h2h,,LowVig.ag,Milwaukee Brewers,1.6500
2026-09-26T14:04:41+00:00,bff2944df94a062f85abadcd9aab1086,Milwaukee Brewers vs St. Louis Cardinals,h2h,,LowVig.ag,St. Louis Cardinals,2.4000
2026-09-26T14:04:41+00:00,bff2944df94a062f85abadcd9aab1086,Milwaukee Brewers vs St. Louis Cardinals,h2h,,DraftKings,Milwaukee Brewers,1.6100
2026-09-26T14:04:41+00:00,bff2944df94a062f85abadcd9aab1086,Milwaukee Brewers vs St. Louis Cardinals,h2h,,DraftKings,St. Louis Cardinals,2.3500
2026-09-26T14:04:41+00:00,bff2944df94a062f85abadcd9aab1086,Milwaukee Brewers vs St. Louis Cardinals,h2h,,BetMGM,Milwaukee Brewers,1.6200
2026-09-26T14:04:41+00:00,bff2944df94a062f85abadcd9aab1086,Milwaukee Brewers vs St. Louis Cardinals,h2h,,BetMGM,St. Louis Cardinals,2.3500
2026-09-26T14:04:41+00:00,bff2944df94a062f85abadcd9aab1086,Milwaukee Brewers vs St. Louis Cardinals,h2h,,BetUS,Milwaukee Brewers,1.6500
2026-09-26T14:04:41+00:00,bff2944df94a062f85abadcd9aab1086,Milwaukee Brewers vs St. Louis Cardinals,h2h,,BetUS,St. Louis Cardinals,2.3800
2026-09-26T14:04:41+00:00,bff2944df94a062f85abadcd9aab1086,Milwaukee Brewers vs St. Louis Cardinals,h2h,,Bovada,Milwaukee Brewers,1.6400
2026-09-26T14:04:41+00:00,bff2944df94a062f85abadcd9aab1086,Milwaukee Brewers vs St. Louis Cardinals,h2h,,Bovada,St. Louis Cardinals,2.3100
2026-09-26T14:04:41+00:00,bff2944df94a062f85abadcd9aab1086,Milwaukee Brewers vs St. Louis Cardinals,h2h,,MyBookie.ag,Milwaukee Brewers,1.6200
2026-09-26T14:04:41+00:00,bff2944df94a062f85abadcd9aab1086,Milwaukee Brewers vs St. Louis Cardinals,h2h,,MyBookie.ag,St. Louis Cardinals,2.3600
2026-09-26T14:04:41+00:00,bff2944df94a062f85abadcd9aab1086,Milwaukee Brewers vs St. Louis Cardinals,h2h,,BetRivers,Milwaukee Brewers,1.6200
2026-09-26T14:04:41+00:00,bff2944df94a062f85abadcd9aab1086,Milwaukee Brewers vs St. Louis Cardinals,h2h,,BetRivers,St. Louis Cardinals,2.3500
2026-09-26T14:04:41+00:00,bff2944df94a062f85abadcd9aab1086,Milwaukee Brewers vs St. Louis Cardinals,spreads,-1.5,FanDuel,Milwaukee Brewers -1.5,2.3600
2026-09-26T14:04:41+00:00,bff2944df94a062f85abadcd9aab1086,Milwaukee Brewers vs St. Louis Cardinals,spreads,1.5,FanDuel,St. Louis Cardinals +1.5,1.6100
2026-09-26T14:04:41+00:00,bff2944df94a062f85abadcd9aab1086,Milwaukee Brewers vs St. Louis Cardinals,spreads,-1.5,BetOnline.ag,Milwaukee Brewers -1.5,2.4000
2026-09-26T14:04:41+00:00,bff2944df94a062f85abadcd9aab1086,Milwaukee Brewers vs St. Louis Cardinals,spreads,1.5,BetOnline.ag,St. Louis Cardinals +1.5,1.6200
2026-09-26T14:04:41+00:00,bff2944df94a062f85abadcd9aab1086,Milwaukee Brewers vs St. Louis Cardinals,spreads,-1.5,LowVig.ag,Milwaukee Brewers -1.5,2.4100
2026-09-26T14:04:41+00:00,bff2944df94a062f85abadcd9aab1086,Milwaukee Brewers vs St. Louis Cardinals,spreads,1.5,LowVig.ag,St. Louis Cardinals +1.5,1.6200
2026-09-26T14:04:41+00:00,bff2944df94a062f85abadcd9aab1086,Milwaukee Brewers vs St. Louis Cardinals,spreads,-1.5,DraftKings,Milwaukee Brewers -1.5,2.3500
2026-09-26T14:04:41+00:00,bff2944df94a062f85abadcd9aab1086,Milwaukee Brewers vs St. Louis Cardinals,spreads,1.5,DraftKings,St. Louis Cardinals +1.5,1.6100
2026-09-26T14:04:41+00:00,bff2944df94a062f85abadcd9aab1086,Milwaukee Brewers vs St. Louis Cardinals,spreads,-1.5,BetMGM,Milwaukee Brewers -1.5,2.3500
2026-09-26T14:04:41+00:00,bff2944df94a062f85abadcd9aab1086,Milwaukee Brewers vs St. Louis Cardinals,spreads,1.5,BetMGM,St. Louis Cardinals +1.5,1.6200
2026-09-26T14:04:41+00:00,bff2944df94a062f85abadcd9aab1086,Milwaukee Brewers vs St. Louis Cardinals,spreads,-1.5,BetUS,Milwaukee Brewers -1.5,2.4000
2026-09-26T14:04:41+00:00,bff2944df94a062f85abadcd9aab1086,Milwaukee Brewers vs St. Louis Cardinals,spreads,1.5,BetUS,St. Louis Cardinals +1.5,1.6200
2026-09-26T14:04:41+00:00,bff2944df94a062f85abadcd9aab1086,Milwaukee Brewers vs St. Louis Cardinals,spreads,-1.5,Bovada,Milwaukee Brewers -1.5,2.3500
2026-09-26T14:04:41+00:00,bff2944df94a062f85abadcd9aab1086,Milwaukee Brewers vs St. Louis Cardinals,spreads,1.5,Bovada,St. Louis Cardinals +1.5,1.6200
2026-09-26T14:04:41+00:00,bff2944df94a062f85abadcd9aab1086,Milwaukee Brewers vs St. Louis Cardinals,spreads,-1.5,MyBookie.ag,Milwaukee Brewers -1.5,2.3800
2026-09-26T14:04:41+00:00,bff2944df94a062f85abadcd9aab1086,Milwaukee Brewers vs St. Louis Cardinals,spreads,1.5,MyBookie.ag,St. Louis Cardinals +1.5,1.6100
2026-09-26T14:04:41+00:00,bff2944df94a062f85abadcd9aab1086,Milwaukee Brewers vs St. Louis Cardinals,spreads,-1.5,BetRivers,Milwaukee Brewers -1.5,2.1500
2026-09-26T14:04:41+00:00,bff2944df94a062f85abadcd9aab1086,Milwaukee Brewers vs St. Louis Cardinals,spreads,1.5,BetRivers,St. Louis Cardinals +1.5,1.7100
2026-09-26T14:04:41+00:00,bff2944df94a062f85abadcd9aab1086,Milwaukee Brewers vs St. Louis Cardinals,totals,7.5,FanDuel,Over +7.5,1.8700
2026-09-26T14:04:41+00:00,bff2944df94a062f85abadcd9aab1086,Milwaukee Brewers vs St. Louis Cardinals,totals,7.5,FanDuel,Under +7.5,1.9500
2026-09-26T14:04:41+00:00,bff2944df94a062f85abadcd9aab1086,Milwaukee Brewers vs St. Louis Cardinals,totals,7.5,BetOnline.ag,Over +7.5,1.9300
2026-09-26T14:04:41+00:00,bff2944df94a062f85abadcd9aab1086,Milwaukee Brewers vs St. Louis Cardinals,totals,7.5,BetOnline.ag,Under +7.5,1.8800
2026-09-26T14:04:41+00:00,bff2944df94a062f85abadcd9aab1086,Milwaukee Brewers vs St. Louis Cardinals,totals,7.5,LowVig.ag,Over +7.5,1.9600
2026-09-26T14:04:41+00:00,bff2944df94a062f85abadcd9aab1086,Milwaukee Brewers vs St. Louis Cardinals,totals,7.5,LowVig.ag,Under +7.5,1.9100
2026-09-26T14:04:41+00:00,bff2944df94a062f85abadcd9aab1086,Milwaukee Brewers vs St. Louis Cardinals,totals,7.5,DraftKings,Over +7.5,1.9200
2026-09-26T14:04:41+00:00,bff2944df94a062f85abadcd9aab1086,Milwaukee Brewers vs St. Louis Cardinals,totals,7.5,DraftKings,Under +7.5,1.9000
2026-09-26T14:04:41+00:00,bff2944df94a062f85abadcd9aab1086,Milwaukee Brewers vs St. Louis Cardinals,totals,7.5,BetMGM,Over +7.5,1.9100
2026-09-26T14:04:41+00:00,bff2944df94a062f85abadcd9aab1086,Milwaukee Brewers vs St. Louis Cardinals,totals,7.5,BetMGM,Under +7.5,1.9100
2026-09-26T14:04:41+00:00,bff2944df94a062f85abadcd9aab1086,Milwaukee Brewers vs St. Louis Cardinals,totals,7.5,BetUS,Over +7.5,1.9500
2026-09-26T14:04:41+00:00,bff2944df94a062f85abadcd9aab1086,Milwaukee Brewers vs St. Louis Cardinals,totals,7.5,BetUS,Under +7.5,1.8700
2026-09-26T14:04:41+00:00,bff2944df94a062f85abadcd9aab1086,Milwaukee Brewers vs St. Louis Cardinals,totals,7.5,Bovada,Over +7.5,1.9100
2026-09-26T14:04:41+00:00,bff2944df94a062f85abadcd9aab1086,Milwaukee Brewers vs St. Louis Cardinals,totals,7.5,Bovada,Under +7.5,1.9100
2026-09-26T14:04:41+00:00,bff2944df94a062f85abadcd9aab1086,Milwaukee Brewers vs St. Louis Cardinals,totals,7.5,MyBookie.ag,Over +7.5,1.9400
2026-09-26T14:04:41+00:00,bff2944df94a062f85abadcd9aab1086,Milwaukee Brewers vs St. Louis Cardinals,totals,7.5,MyBookie.ag,Under +7.5,1.8700
2026-09-26T14:04:41+00:00,bff2944df94a062f85abadcd9aab1086,Milwaukee Brewers vs St. Louis Cardinals,totals,8.0,BetRivers,Over +8,1.8900
2026-09-26T14:04:41+00:00,bff2944df94a062f85abadcd9aab1086,Milwaukee Brewers vs St. Louis Cardinals,totals,8.0,BetRivers,Under +8,1.8000
2026-09-26T14:04:41+00:00,bc51231e140db0366a043ea863838421,Philadelphia Phillies vs Tampa Bay Rays,h2h,,FanDuel,Philadelphia Phillies,1.9400
2026-09-26T14:04:41+00:00,bc51231e140db0366a043ea863838421,Philadelphia Phillies vs Tampa Bay Rays,h2h,,FanDuel,Tampa Bay Rays,1.9100
2026-09-26T14:04:41+00:00,bc51231e140db0366a043ea863838421,Philadelphia Phillies vs Tampa Bay Rays,h2h,,MyBookie.ag,Philadelphia Phillies,1.9400
2026-09-26T14:04:41+00:00,bc51231e140db0366a043ea863838421,Philadelphia Phillies vs Tampa Bay Rays,h2h,,MyBookie.ag,Tampa Bay Rays,1.9000
2026-09-26T14:04:41+00:00,bc51231e140db0366a043ea863838421,Philadelphia Phillies vs Tampa Bay Rays,h2h,,Bovada,Philadelphia Phillies,1.8900
2026-09-26T14:04:41+00:00,bc51231e140db0366a043ea863838421,Philadelphia Phillies vs Tampa Bay Rays,h2h,,Bovada,Tampa Bay Rays,1.9300
2026-09-26T14:04:41+00:00,bc51231e140db0366a043ea863838421,Philadelphia Phillies vs Tampa Bay Rays,h2h,,BetRivers,Philadelphia Phillies,1.9300
2026-09-26T14:04:41+00:00,bc51231e140db0366a043ea863838421,Philadelphia Phillies vs Tampa Bay Rays,h2h,,BetRivers,Tampa Bay Rays,1.8900
2026-09-26T14:04:41+00:00,bc51231e140db0366a043ea863838421,Philadelphia Phillies vs Tampa Bay Rays,h2h,,DraftKings,Philadelphia Phillies,1.9200
2026-09-26T14:04:41+00:00,bc51231e140db0366a043ea863838421,Philadelphia Phillies vs Tampa Bay Rays,h2h,,DraftKings,Tampa Bay Rays,1.9100
2026-09-26T14:04:41+00:00,bc51231e140db0366a043ea863838421,Philadelphia Phillies vs Tampa Bay Rays,h2h,,BetMGM,Philadelphia Phillies,1.9100
2026-09-26T14:04:41+00:00,bc51231e140db0366a043ea863838421,Philadelphia Phillies vs Tampa Bay Rays,h2h,,BetMGM,Tampa Bay Rays,1.9100
2026-09-26T14:04:41+00:00,bc51231e140db0366a043ea863838421,Philadelphia Phillies vs Tampa Bay Rays,h2h,,BetUS,Philadelphia Phillies,1.9500
2026-09-26T14:04:41+00:00,bc51231e140db0366a043ea863838421,Philadelphia Phillies vs Tampa Bay Rays,h2h,,BetUS,Tampa Bay Rays,1.9500
2026-09-26T14:04:41+00:00,bc51231e140db0366a043ea863838421,Philadelphia Phillies vs Tampa Bay Rays,spreads,1.5,FanDuel,Philadelphia Phillies +1.5,1.4900
2026-09-26T14:04:41+00:00,bc51231e140db0366a043ea863838421,Philadelphia Phillies vs Tampa Bay Rays,spreads,-1.5,FanDuel,Tampa Bay Rays -1.5,2.6800
2026-09-26T14:04:41+00:00,bc51231e140db0366a043ea863838421,Philadelphia Phillies vs Tampa Bay Rays,spreads,1.5,MyBookie.ag,Philadelphia Phillies +1.5,1.5300
2026-09-26T14:04:41+00:00,bc51231e140db0366a043ea863838421,Philadelphia Phillies vs Tampa Bay Rays,spreads,-1.5,MyBookie.ag,Tampa Bay Rays -1.5,2.5700
2026-09-26T14:04:41+00:00,bc51231e140db0366a043ea863838421,Philadelphia Phillies vs Tampa Bay Rays,spreads,-1.5,Bovada,Philadelphia Phillies -1.5,3.0500
2026-09-26T14:04:41+00:00,bc51231e140db0366a043ea863838421,Philadelphia Phillies vs Tampa Bay Rays,spreads,1.5,Bovada,Tampa Bay Rays +1.5,1.4100
2026-09-26T14:04:41+00:00,bc51231e140db0366a043ea863838421,Philadelphia Phillies vs Tampa Bay Rays,spreads,1.5,BetRivers,Philadelphia Phillies +1.5,1.5300
2026-09-26T14:04:41+00:00,bc51231e140db0366a043ea863838421,Philadelphia Phillies vs Tampa Bay Rays,spreads,-1.5,BetRivers,Tampa Bay Rays -1.5,2.5000
2026-09-26T14:04:41+00:00,bc51231e140db0366a043ea863838421,Philadelphia Phillies vs Tampa Bay Rays,spreads,1.5,DraftKings,Philadelphia Phillies +1.5,1.5500
2026-09-26T14:04:41+00:00,bc51231e140db0366a043ea863838421,Philadelphia Phillies vs Tampa Bay Rays,spreads,-1.5,DraftKings,Tampa Bay Rays -1.5,2.5000
2026-09-26T14:04:41+00:00,bc51231e140db0366a043ea863838421,Philadelphia Phillies vs Tampa Bay Rays,spreads,1.5,BetMGM,Philadelphia Phillies +1.5,1.5300
2026-09-26T14:04:41+00:00,bc51231e140db0366a043ea863838421,Philadelphia Phillies vs Tampa Bay Rays,spreads,-1.5,BetMGM,Tampa Bay Rays -1.5,2.5500
2026-09-26T14:04:41+00:00,bc51231e140db0366a043ea863838421,Philadelphia Phillies vs Tampa Bay Rays,spreads,1.5,BetUS,Philadelphia Phillies +1.5,1.5400
2026-09-26T14:04:41+00:00,bc51231e140db0366a043ea863838421,Philadelphia Phillies vs Tampa Bay Rays,spreads,-1.5,BetUS,Tampa Bay Rays -1.5,2.6000
2026-09-26T14:04:41+00:00,bc51231e140db0366a043ea863838421,Philadelphia Phillies vs Tampa Bay Rays,totals,6.5,FanDuel,Over +6.5,1.7000
2026-09-26T14:04:41+00:00,bc51231e140db0366a043ea863838421,Philadelphia Phillies vs Tampa Bay Rays,totals,6.5,FanDuel,Under +6.5,2.1600
2026-09-26T14:04:41+00:00,bc51231e140db0366a043ea863838421,Philadelphia Phillies vs Tampa Bay Rays,totals,7.0,MyBookie.ag,Over +7,1.9400
2026-09-26T14:04:41+00:00,bc51231e140db0366a043ea863838421,Philadelphia Phillies vs Tampa Bay Rays,totals,7.0,MyBookie.ag,Under +7,1.8600
2026-09-26T14:04:41+00:00,bc51231e140db0366a043ea863838421,Philadelphia Phillies vs Tampa Bay Rays,totals,7.0,Bovada,Over +7,2.0000
2026-09-26T14:04:41+00:00,bc51231e140db0366a043ea863838421,Philadelphia Phillies vs Tampa Bay Rays,totals,7.0,Bovada,Under +7,1.8300
2026-09-26T14:04:41+00:00,bc51231e140db0366a043ea863838421,Philadelphia Phillies vs Tampa Bay Rays,totals,7.0,BetRivers,Over +7,1.8900
2026-09-26T14:04:41+00:00,bc51231e140db0366a043ea863838421,Philadelphia Phillies vs Tampa Bay Rays,totals,7.0,BetRivers,Under +7,1.7900
2026-09-26T14:04:41+00:00,bc51231e140db0366a043ea863838421,Philadelphia Phillies vs Tampa Bay Rays,totals,7.0,DraftKings,Over +7,1.9500
2026-09-26T14:04:41+00:00,bc51231e140db0366a043ea863838421,Philadelphia Phillies vs Tampa Bay Rays,totals,7.0,DraftKings,Under +7,1.8700
2026-09-26T14:04:41+00:00,bc51231e140db0366a043ea863838421,Philadelphia Phillies vs Tampa Bay Rays,totals,7.0,BetMGM,Over +7,2.0000
2026-09-26T14:04:41+00:00,bc51231e140db0366a043ea863838421,Philadelphia Phillies vs Tampa Bay Rays,totals,7.0,BetMGM,Under +7,1.8300
2026-09-26T14:04:41+00:00,bc51231e140db0366a043ea863838421,Philadelphia Phillies vs Tampa Bay Rays,totals,7.0,BetUS,Over +7,1.9500
2026-09-26T14:04:41+00:00,bc51231e140db0366a043ea863838421,Philadelphia Phillies vs Tampa Bay Rays,totals,7.0,BetUS,Under +7,1.8700
2026-09-26T14:04:41+00:00,a0fc8eb52d64679d94e7eaa311299d74,San Diego Padres vs Arizona Diamondbacks,h2h,,DraftKings,Arizona Diamondbacks,1.9900
2026-09-26T14:04:41+00:00,a0fc8eb52d64679d94e7eaa311299d74,San Diego Padres vs Arizona Diamondbacks,h2h,,DraftKings,San Diego Padres,1.8300
2026-09-26T14:04:41+00:00,a0fc8eb52d64679d94e7eaa311299d74,San Diego Padres vs Arizona Diamondbacks,h2h,,MyBookie.ag,Arizona Diamondbacks,2.0000
2026-09-26T14:04:41+00:00,a0fc8eb52d64679d94e7eaa311299d74,San Diego Padres vs Arizona Diamondbacks,h2h,,MyBookie.ag,San Diego Padres,1.8500
2026-09-26T14:04:41+00:00,a0fc8eb52d64679d94e7eaa311299d74,San Diego Padres vs Arizona Diamondbacks,h2h,,BetMGM,Arizona Diamondbacks,2.0000
2026-09-26T14:04:41+00:00,a0fc8eb52d64679d94e7eaa311299d74,San Diego Padres vs Arizona Diamondbacks,h2h,,BetMGM,San Diego Padres,1.8300
2026-09-26T14:04:41+00:00,a0fc8eb52d64679d94e7eaa311299d74,San Diego Padres vs Arizona Diamondbacks,h2h,,FanDuel,Arizona Diamondbacks,2.0200
2026-09-26T14:04:41+00:00,a0fc8eb52d64679d94e7eaa311299d74,San Diego Padres vs Arizona Diamondbacks,h2h,,FanDuel,San Diego Padres,1.8300
2026-09-26T14:04:41+00:00,a0fc8eb52d64679d94e7eaa311299d74,San Diego Padres vs Arizona Diamondbacks,h2h,,BetRivers,Arizona Diamondbacks,2.0000
2026-09-26T14:04:41+00:00,a0fc8eb52d64679d94e7eaa311299d74,San Diego Padres vs Arizona Diamondbacks,h2h,,BetRivers,San Diego Padres,1.8300
2026-09-26T14:04:41+00:00,a0fc8eb52d64679d94e7eaa311299d74,San Diego Padres vs Arizona Diamondbacks,h2h,,Bovada,Arizona Diamondbacks,1.9500
2026-09-26T14:04:41+00:00,a0fc8eb52d64679d94e7eaa311299d74,San Diego Padres vs Arizona Diamondbacks,h2h,,Bovada,San Diego Padres,1.8700
2026-09-26T14:04:41+00:00,a0fc8eb52d64679d94e7eaa311299d74,San Diego Padres vs Arizona Diamondbacks,h2h,,BetUS,Arizona Diamondbacks,2.0600
2026-09-26T14:04:41+00:00,a0fc8eb52d64679d94e7eaa311299d74,San Diego Padres vs Arizona Diamondbacks,h2h,,BetUS,San Diego Padres,1.8600
2026-09-26T14:04:41+00:00,a0fc8eb52d64679d94e7eaa311299d74,San Diego Padres vs Arizona Diamondbacks,spreads,-1.5,DraftKings,Arizona Diamondbacks -1.5,2.6900
2026-09-26T14:04:41+00:00,a0fc8eb52d64679d94e7eaa311299d74,San Diego Padres vs Arizona Diamondbacks,spreads,1.5,DraftKings,San Diego Padres +1.5,1.4900
2026-09-26T14:04:41+00:00,a0fc8eb52d64679d94e7eaa311299d74,San Diego Padres vs Arizona Diamondbacks,spreads,-1.5,MyBookie.ag,Arizona Diamondbacks -1.5,2.6800
2026-09-26T14:04:41+00:00,a0fc8eb52d64679d94e7eaa311299d74,San Diego Padres vs Arizona Diamondbacks,spreads,1.5,MyBookie.ag,San Diego Padres +1.5,1.5000
2026-09-26T14:04:41+00:00,a0fc8eb52d64679d94e7eaa311299d74,San Diego Padres vs Arizona Diamondbacks,spreads,-1.5,BetMGM,Arizona Diamondbacks -1.5,2.6500
2026-09-26T14:04:41+00:00,a0fc8eb52d64679d94e7eaa311299d74,San Diego Padres vs Arizona Diamondbacks,spreads,1.5,BetMGM,San Diego Padres +1.5,1.5000
2026-09-26T14:04:41+00:00,a0fc8eb52d64679d94e7eaa311299d74,San Diego Padres vs Arizona Diamondbacks,spreads,-1.5,FanDuel,Arizona Diamondbacks -1.5,2.6800
2026-09-26T14:04:41+00:00,a0fc8eb52d64679d94e7eaa311299d74,San Diego Padres vs Arizona Diamondbacks,spreads,1.5,FanDuel,San Diego Padres +1.5,1.4900
2026-09-26T14:04:41+00:00,a0fc8eb52d64679d94e7eaa311299d74,San Diego Padres vs Arizona Diamondbacks,spreads,1.5,BetRivers,Arizona Diamondbacks +1.5,1.5000
2026-09-26T14:04:41+00:00,a0fc8eb52d64679d94e7eaa311299d74,San Diego Padres vs Arizona Diamondbacks,spreads,-1.5,BetRivers,San Diego Padres -1.5,2.6000
2026-09-26T14:04:41+00:00,a0fc8eb52d64679d94e7eaa311299d74,San Diego Padres vs Arizona Diamondbacks,spreads,1.5,Bovada,Arizona Diamondbacks +1.5,1.4400
2026-09-26T14:04:41+00:00,a0fc8eb52d64679d94e7eaa311299d74,San Diego Padres vs Arizona Diamondbacks,spreads,-1.5,Bovada,San Diego Padres -1.5,2.8500
2026-09-26T14:04:41+00:00,a0fc8eb52d64679d94e7eaa311299d74,San Diego Padres vs Arizona Diamondbacks,spreads,1.5,BetUS,Arizona Diamondbacks +1.5,1.4800
2026-09-26T14:04:41+00:00,a0fc8eb52d64679d94e7eaa311299d74,San Diego Padres vs Arizona Diamondbacks,spreads,-1.5,BetUS,San Diego Padres -1.5,2.8000
2026-09-26T14:04:41+00:00,a0fc8eb52d64679d94e7eaa311299d74,San Diego Padres vs Arizona Diamondbacks,totals,7.5,DraftKings,Over +7.5,1.8900
2026-09-26T14:04:41+00:00,a0fc8eb52d64679d94e7eaa311299d74,San Diego Padres vs Arizona Diamondbacks,totals,7.5,DraftKings,Under +7.5,1.9300
2026-09-26T14:04:41+00:00,a0fc8eb52d64679d94e7eaa311299d74,San Diego Padres vs Arizona Diamondbacks,totals,7.5,MyBookie.ag,Over +7.5,1.8800
2026-09-26T14:04:41+00:00,a0fc8eb52d64679d94e7eaa311299d74,San Diego Padres vs Arizona Diamondbacks,totals,7.5,MyBookie.ag,Under +7.5,1.9300
2026-09-26T14:04:41+00:00,a0fc8eb52d64679d94e7eaa311299d74,San Diego Padres vs Arizona Diamondbacks,totals,7.5,BetMGM,Over +7.5,1.9100
2026-09-26T14:04:41+00:00,a0fc8eb52d64679d94e7eaa311299d74,San Diego Padres vs Arizona Diamondbacks,totals,7.5,BetMGM,Under +7.5,1.9100
2026-09-26T14:04:41+00:00,a0fc8eb52d64679d94e7eaa311299d74,San Diego Padres vs Arizona Diamondbacks,totals,7.5,FanDuel,Over +7.5,1.9100
2026-09-26T14:04:41+00:00,a0fc8eb52d64679d94e7eaa311299d74,San Diego Padres vs Arizona Diamondbacks,totals,7.5,FanDuel,Under +7.5,1.9100
2026-09-26T14:04:41+00:00,a0fc8eb52d64679d94e7eaa311299d74,San Diego Padres vs Arizona Diamondbacks,totals,7.5,BetRivers,Over +7.5,1.9300
2026-09-26T14:04:41+00:00,a0fc8eb52d64679d94e7eaa311299d74,San Diego Padres vs Arizona Diamondbacks,totals,7.5,BetRivers,Under +7.5,1.8800
2026-09-26T14:04:41+00:00,a0fc8eb52d64679d94e7eaa311299d74,San Diego Padres vs Arizona Diamondbacks,totals,7.5,Bovada,Over +7.5,1.9100
2026-09-26T14:04:41+00:00,a0fc8eb52d64679d94e7eaa311299d74,San Diego Padres vs Arizona Diamondbacks,totals,7.5,Bovada,Under +7.5,1.9100
2026-09-26T14:04:41+00:00,a0fc8eb52d64679d94e7eaa311299d74,San Diego Padres vs Arizona Diamondbacks,totals,7.5,BetUS,Over +7.5,1.9100
2026-09-26T14:04:41+00:00,a0fc8eb52d64679d94e7eaa311299d74,San Diego Padres vs Arizona Diamondbacks,totals,7.5,BetUS,Under +7.5,1.9100
2026-09-26T14:04:41+00:00,9b8ec8bc261ab6b47fd213703849325e,Athletics vs Houston Astros,h2h,,FanDuel,Athletics,2.3000
2026-09-26T14:04:41+00:00,9b8ec8bc261ab6b47fd213703849325e,Athletics vs Houston Astros,h2h,,FanDuel,Houston Astros,1.6500
2026-09-26T14:04:41+00:00,9b8ec8bc261ab6b47fd213703849325e,Athletics vs Houston Astros,h2h,,BetRivers,Athletics,2.3500
2026-09-26T14:04:41+00:00,9b8ec8bc261ab6b47fd213703849325e,Athletics vs Houston Astros,h2h,,BetRivers,Houston Astros,1.6200
2026-09-26T14:04:41+00:00,9b8ec8bc261ab6b47fd213703849325e,Athletics vs Houston Astros,h2h,,DraftKings,Athletics,2.3300
2026-09-26T14:04:41+00:00,9b8ec8bc261ab6b47fd213703849325e,Athletics vs Houston Astros,h2h,,DraftKings,Houston Astros,1.6200
2026-09-26T14:04:41+00:00,9b8ec8bc261ab6b47fd213703849325e,Athletics vs Houston Astros,h2h,,BetMGM,Athletics,2.3500
2026-09-26T14:04:41+00:00,9b8ec8bc261ab6b47fd213703849325e,Athletics vs Houston Astros,h2h,,BetMGM,Houston Astros,1.6200
2026-09-26T14:04:41+00:00,9b8ec8bc261ab6b47fd213703849325e,Athletics vs Houston Astros,h2h,,Bovada,Athletics,2.3900
2026-09-26T14:04:41+00:00,9b8ec8bc261ab6b47fd213703849325e,Athletics vs Houston Astros,h2h,,Bovada,Houston Astros,1.6100
2026-09-26T14:04:41+00:00,9b8ec8bc261ab6b47fd213703849325e,Athletics vs Houston Astros,h2h,,MyBookie.ag,Athletics,2.3300
2026-09-26T14:04:41+00:00,9b8ec8bc261ab6b47fd213703849325e,Athletics vs Houston Astros,h2h,,MyBookie.ag,Houston Astros,1.6400
2026-09-26T14:04:41+00:00,9b8ec8bc261ab6b47fd213703849325e,Athletics vs Houston Astros,h2h,,LowVig.ag,Athletics,2.3600
2026-09-26T14:04:41+00:00,9b8ec8bc261ab6b47fd213703849325e,Athletics vs Houston Astros,h2h,,LowVig.ag,Houston Astros,1.6700
2026-09-26T14:04:41+00:00,9b8ec8bc261ab6b47fd213703849325e,Athletics vs Houston Astros,h2h,,BetOnline.ag,Athletics,2.3600
2026-09-26T14:04:41+00:00,9b8ec8bc261ab6b47fd213703849325e,Athletics vs Houston Astros,h2h,,BetOnline.ag,Houston Astros,1.6700
2026-09-26T14:04:41+00:00,9b8ec8bc261ab6b47fd213703849325e,Athletics vs Houston Astros,h2h,,BetUS,Athletics,2.3500
2026-09-26T14:04:41+00:00,9b8ec8bc261ab6b47fd213703849325e,Athletics vs Houston Astros,h2h,,BetUS,Houston Astros,1.6600
2026-09-26T14:04:41+00:00,9b8ec8bc261ab6b47fd213703849325e,Athletics vs Houston Astros,spreads,1.5,FanDuel,Athletics +1.5,1.8000
2026-09-26T14:04:41+00:00,9b8ec8bc261ab6b47fd213703849325e,Athletics vs Houston Astros,spreads,-1.5,FanDuel,Houston Astros -1.5,2.0400
2026-09-26T14:04:41+00:00,9b8ec8bc261ab6b47fd213703849325e,Athletics vs Houston Astros,spreads,1.5,BetRivers,Athletics +1.5,1.8300
2026-09-26T14:04:41+00:00,9b8ec8bc261ab6b47fd213703849325e,Athletics vs Houston Astros,spreads,-1.5,BetRivers,Houston Astros -1.5,1.9700
2026-09-26T14:04:41+00:00,9b8ec8bc261ab6b47fd213703849325e,Athletics vs Houston Astros,spreads,1.5,DraftKings,Athletics +1.5,1.8100
2026-09-26T14:04:41+00:00,9b8ec8bc261ab6b47fd213703849325e,Athletics vs Houston Astros,spreads,-1.5,DraftKings,Houston Astros -1.5,2.0200
2026-09-26T14:04:41+00:00,9b8ec8bc261ab6b47fd213703849325e,Athletics vs Houston Astros,spreads,1.5,BetMGM,Athletics +1.5,1.8300
2026-09-26T14:04:41+00:00,9b8ec8bc261ab6b47fd213703849325e,Athletics vs Houston Astros,spreads,-1.5,BetMGM,Houston Astros -1.5,2.0000
2026-09-26T14:04:41+00:00,9b8ec8bc261ab6b47fd213703849325e,Athletics vs Houston Astros,spreads,1.5,Bovada,Athletics +1.5,1.8700
2026-09-26T14:04:41+00:00,9b8ec8bc261ab6b47fd213703849325e,Athletics vs Houston Astros,spreads,-1.5,Bovada,Houston Astros -1.5,1.9500
2026-09-26T14:04:41+00:00,9b8ec8bc261ab6b47fd213703849325e,Athletics vs Houston Astros,spreads,1.5,MyBookie.ag,Athletics +1.5,1.8500
2026-09-26T14:04:41+00:00,9b8ec8bc261ab6b47fd213703849325e,Athletics vs Houston Astros,spreads,-1.5,MyBookie.ag,Houston Astros -1.5,2.0100
2026-09-26T14:04:41+00:00,9b8ec8bc261ab6b47fd213703849325e,Athletics vs Houston Astros,spreads,1.5,LowVig.ag,Athletics +1.5,1.8100
2026-09-26T14:04:41+00:00,9b8ec8bc261ab6b47fd213703849325e,Athletics vs Houston Astros,spreads,-1.5,LowVig.ag,Houston Astros -1.5,2.0900
2026-09-26T14:04:41+00:00,9b8ec8bc261ab6b47fd213703849325e,Athletics vs Houston Astros,spreads,1.5,BetOnline.ag,Athletics +1.5,1.7900
2026-09-26T14:04:41+00:00,9b8ec8bc261ab6b47fd213703849325e,Athletics vs Houston Astros,spreads,-1.5,BetOnline.ag,Houston Astros -1.5,2.0600
2026-09-26T14:04:41+00:00,9b8ec8bc261ab6b47fd213703849325e,Athletics vs Houston Astros,spreads,1.5,BetUS,Athletics +1.5,1.8000
2026-09-26T14:04:41+00:00,9b8ec8bc261ab6b47fd213703849325e,Athletics vs Houston Astros,spreads,-1.5,BetUS,Houston Astros -1.5,2.0500
2026-09-26T14:04:41+00:00,9b8ec8bc261ab6b47fd213703849325e,Athletics vs Houston Astros,totals,9.5,FanDuel,Over +9.5,1.9600
2026-09-26T14:04:41+00:00,9b8ec8bc261ab6b47fd213703849325e,Athletics vs Houston Astros,totals,9.5,FanDuel,Under +9.5,1.8500
2026-09-26T14:04:41+00:00,9b8ec8bc261ab6b47fd213703849325e,Athletics vs Houston Astros,totals,9.5,BetRivers,Over +9.5,1.9300
2026-09-26T14:04:41+00:00,9b8ec8bc261ab6b47fd213703849325e,Athletics vs Houston Astros,totals,9.5,BetRivers,Under +9.5,1.8800
2026-09-26T14:04:41+00:00,9b8ec8bc261ab6b47fd213703849325e,Athletics vs Houston Astros,totals,9.5,DraftKings,Over +9.5,1.9400
2026-09-26T14:04:41+00:00,9b8ec8bc261ab6b47fd213703849325e,Athletics vs Houston Astros,totals,9.5,DraftKings,Under +9.5,1.8800
2026-09-26T14:04:41+00:00,9b8ec8bc261ab6b47fd213703849325e,Athletics vs Houston Astros,totals,9.5,BetMGM,Over +9.5,1.9100
2026-09-26T14:04:41+00:00,9b8ec8bc261ab6b47fd213703849325e,Athletics vs Houston Astros,totals,9.5,BetMGM,Under +9.5,1.9100
2026-09-26T14:04:41+00:00,9b8ec8bc261ab6b47fd213703849325e,Athletics vs Houston Astros,totals,9.5,Bovada,Over +9.5,1.9100
2026-09-26T14:04:41+00:00,9b8ec8bc261ab6b47fd213703849325e,Athletics vs Houston Astros,totals,9.5,Bovada,Under +9.5,1.9100
2026-09-26T14:04:41+00:00,9b8ec8bc261ab6b47fd213703849325e,Athletics vs Houston Astros,totals,9.5,MyBookie.ag,Over +9.5,1.9200
2026-09-26T14:04:41+00:00,9b8ec8bc261ab6b47fd213703849325e,Athletics vs Houston Astros,totals,9.5,MyBookie.ag,Under +9.5,1.8900
2026-09-26T14:04:41+00:00,9b8ec8bc261ab6b47fd213703849325e,Athletics vs Houston Astros,totals,9.5,LowVig.ag,Over +9.5,1.9300
2026-09-26T14:04:41+00:00,9b8ec8bc261ab6b47fd213703849325e,Athletics vs Houston Astros,totals,9.5,LowVig.ag,Under +9.5,1.9300
2026-09-26T14:04:41+00:00,9b8ec8bc261ab6b47fd213703849325e,Athletics vs Houston Astros,totals,9.5,BetOnline.ag,Over +9.5,1.9100
2026-09-26T14:04:41+00:00,9b8ec8bc261ab6b47fd213703849325e,Athletics vs Houston Astros,totals,9.5,BetOnline.ag,Under +9.5,1.9100
2026-09-26T14:04:41+00:00,9b8ec8bc261ab6b47fd213703849325e,Athletics vs Houston Astros,totals,9.5,BetUS,Over +9.5,1.9100
2026-09-26T14:04:41+00:00,9b8ec8bc261ab6b47fd213703849325e,Athletics vs Houston Astros,totals,9.5,BetUS,Under +9.5,1.9100
2026-09-26T14:04:41+00:00,eba81e8f90abe50ccdfcee55fe0080b8,Seattle Mariners vs Los Angeles Angels,h2h,,FanDuel,Los Angeles Angels,2.4000
2026-09-26T14:04:41+00:00,eba81e8f90abe50ccdfcee55fe0080b8,Seattle Mariners vs Los Angeles Angels,h2h,,FanDuel,Seattle Mariners,1.6000
2026-09-26T14:04:41+00:00,eba81e8f90abe50ccdfcee55fe0080b8,Seattle Mariners vs Los Angeles Angels,h2h,,LowVig.ag,Los Angeles Angels,2.3400
2026-09-26T14:04:41+00:00,eba81e8f90abe50ccdfcee55fe0080b8,Seattle Mariners vs Los Angeles Angels,h2h,,LowVig.ag,Seattle Mariners,1.6800
2026-09-26T14:04:41+00:00,eba81e8f90abe50ccdfcee55fe0080b8,Seattle Mariners vs Los Angeles Angels,h2h,,BetOnline.ag,Los Angeles Angels,2.3400
2026-09-26T14:04:41+00:00,eba81e8f90abe50ccdfcee55fe0080b8,Seattle Mariners vs Los Angeles Angels,h2h,,BetOnline.ag,Seattle Mariners,1.6800
2026-09-26T14:04:41+00:00,eba81e8f90abe50ccdfcee55fe0080b8,Seattle Mariners vs Los Angeles Angels,h2h,,MyBookie.ag,Los Angeles Angels,2.3600
2026-09-26T14:04:41+00:00,eba81e8f90abe50ccdfcee55fe0080b8,Seattle Mariners vs Los Angeles Angels,h2h,,MyBookie.ag,Seattle Mariners,1.6200
2026-09-26T14:04:41+00:00,eba81e8f90abe50ccdfcee55fe0080b8,Seattle Mariners vs Los Angeles Angels,h2h,,DraftKings,Los Angeles Angels,2.3400
2026-09-26T14:04:41+00:00,eba81e8f90abe50ccdfcee55fe0080b8,Seattle Mariners vs Los Angeles Angels,h2h,,DraftKings,Seattle Mariners,1.6200
2026-09-26T14:04:41+00:00,eba81e8f90abe50ccdfcee55fe0080b8,Seattle Mariners vs Los Angeles Angels,h2h,,BetMGM,Los Angeles Angels,2.3500
2026-09-26T14:04:41+00:00,eba81e8f90abe50ccdfcee55fe0080b8,Seattle Mariners vs Los Angeles Angels,h2h,,BetMGM,Seattle Mariners,1.6200
2026-09-26T14:04:41+00:00,eba81e8f90abe50ccdfcee55fe0080b8,Seattle Mariners vs Los Angeles Angels,h2h,,Bovada,Los Angeles Angels,2.3600
2026-09-26T14:04:41+00:00,eba81e8f90abe50ccdfcee55fe0080b8,Seattle Mariners vs Los Angeles Angels,h2h,,Bovada,Seattle Mariners,1.6200
2026-09-26T14:04:41+00:00,eba81e8f90abe50ccdfcee55fe0080b8,Seattle Mariners vs Los Angeles Angels,h2h,,BetRivers,Los Angeles Angels,2.3300
2026-09-26T14:04:41+00:00,eba81e8f90abe50ccdfcee55fe0080b8,Seattle Mariners vs Los Angeles Angels,h2h,,BetRivers,Seattle Mariners,1.6300
2026-09-26T14:04:41+00:00,eba81e8f90abe50ccdfcee55fe0080b8,Seattle Mariners vs Los Angeles Angels,h2h,,BetUS,Los Angeles Angels,2.3300
2026-09-26T14:04:41+00:00,eba81e8f90abe50ccdfcee55fe0080b8,Seattle Mariners vs Los Angeles Angels,h2h,,BetUS,Seattle Mariners,1.6800
2026-09-26T14:04:41+00:00,eba81e8f90abe50ccdfcee55fe0080b8,Seattle Mariners vs Los Angeles Angels,spreads,1.5,FanDuel,Los Angeles Angels +1.5,1.6200
2026-09-26T14:04:41+00:00,eba81e8f90abe50ccdfcee55fe0080b8,Seattle Mariners vs Los Angeles Angels,spreads,-1.5,FanDuel,Seattle Mariners -1.5,2.3200
2026-09-26T14:04:41+00:00,eba81e8f90abe50ccdfcee55fe0080b8,Seattle Mariners vs Los Angeles Angels,spreads,1.5,LowVig.ag,Los Angeles Angels +1.5,1.6000
2026-09-26T14:04:41+00:00,eba81e8f90abe50ccdfcee55fe0080b8,Seattle Mariners vs Los Angeles Angels,spreads,-1.5,LowVig.ag,Seattle Mariners -1.5,2.4900
2026-09-26T14:04:41+00:00,eba81e8f90abe50ccdfcee55fe0080b8,Seattle Mariners vs Los Angeles Angels,spreads,1.5,BetOnline.ag,Los Angeles Angels +1.5,1.6000
2026-09-26T14:04:41+00:00,eba81e8f90abe50ccdfcee55fe0080b8,Seattle Mariners vs Los Angeles Angels,spreads,-1.5,BetOnline.ag,Seattle Mariners -1.5,2.4800
2026-09-26T14:04:41+00:00,eba81e8f90abe50ccdfcee55fe0080b8,Seattle Mariners vs Los Angeles Angels,spreads,1.5,MyBookie.ag,Los Angeles Angels +1.5,1.5800
2026-09-26T14:04:41+00:00,eba81e8f90abe50ccdfcee55fe0080b8,Seattle Mariners vs Los Angeles Angels,spreads,-1.5,MyBookie.ag,Seattle Mariners -1.5,2.4400
2026-09-26T14:04:41+00:00,eba81e8f90abe50ccdfcee55fe0080b8,Seattle Mariners vs Los Angeles Angels,spreads,1.5,DraftKings,Los Angeles Angels +1.5,1.6000
2026-09-26T14:04:41+00:00,eba81e8f90abe50ccdfcee55fe0080b8,Seattle Mariners vs Los Angeles Angels,spreads,-1.5,DraftKings,Seattle Mariners -1.5,2.3900
2026-09-26T14:04:41+00:00,eba81e8f90abe50ccdfcee55fe0080b8,Seattle Mariners vs Los Angeles Angels,spreads,1.5,BetMGM,Los Angeles Angels +1.5,1.6100
2026-09-26T14:04:41+00:00,eba81e8f90abe50ccdfcee55fe0080b8,Seattle Mariners vs Los Angeles Angels,spreads,-1.5,BetMGM,Seattle Mariners -1.5,2.3500
2026-09-26T14:04:41+00:00,eba81e8f90abe50ccdfcee55fe0080b8,Seattle Mariners vs Los Angeles Angels,spreads,1.5,Bovada,Los Angeles Angels +1.5,1.6200
2026-09-26T14:04:41+00:00,eba81e8f90abe50ccdfcee55fe0080b8,Seattle Mariners vs Los Angeles Angels,spreads,-1.5,Bovada,Seattle Mariners -1.5,2.3500
2026-09-26T14:04:41+00:00,eba81e8f90abe50ccdfcee55fe0080b8,Seattle Mariners vs Los Angeles Angels,spreads,1.5,BetRivers,Los Angeles Angels +1.5,1.7300
2026-09-26T14:04:41+00:00,eba81e8f90abe50ccdfcee55fe0080b8,Seattle Mariners vs Los Angeles Angels,spreads,-1.5,BetRivers,Seattle Mariners -1.5,2.1200
2026-09-26T14:04:41+00:00,eba81e8f90abe50ccdfcee55fe0080b8,Seattle Mariners vs Los Angeles Angels,spreads,1.5,BetUS,Los Angeles Angels +1.5,1.5900
2026-09-26T14:04:41+00:00,eba81e8f90abe50ccdfcee55fe0080b8,Seattle Mariners vs Los Angeles Angels,spreads,-1.5,BetUS,Seattle Mariners -1.5,2.4800
2026-09-26T14:04:41+00:00,eba81e8f90abe50ccdfcee55fe0080b8,Seattle Mariners vs Los Angeles Angels,totals,7.5,FanDuel,Over +7.5,2.0000
2026-09-26T14:04:41+00:00,eba81e8f90abe50ccdfcee55fe0080b8,Seattle Mariners vs Los Angeles Angels,totals,7.5,FanDuel,Under +7.5,1.8200
2026-09-26T14:04:41+00:00,eba81e8f90abe50ccdfcee55fe0080b8,Seattle Mariners vs Los Angeles Angels,totals,7.0,LowVig.ag,Over +7,1.8800
2026-09-26T14:04:41+00:00,eba81e8f90abe50ccdfcee55fe0080b8,Seattle Mariners vs Los Angeles Angels,totals,7.0,LowVig.ag,Under +7,1.9800
2026-09-26T14:04:41+00:00,eba81e8f90abe50ccdfcee55fe0080b8,Seattle Mariners vs Los Angeles Angels,totals,7.0,BetOnline.ag,Over +7,1.8700
2026-09-26T14:04:41+00:00,eba81e8f90abe50ccdfcee55fe0080b8,Seattle Mariners vs Los Angeles Angels,totals,7.0,BetOnline.ag,Under +7,1.9500
2026-09-26T14:04:41+00:00,eba81e8f90abe50ccdfcee55fe0080b8,Seattle Mariners vs Los Angeles Angels,totals,7.0,MyBookie.ag,Over +7,1.8300
2026-09-26T14:04:41+00:00,eba81e8f90abe50ccdfcee55fe0080b8,Seattle Mariners vs Los Angeles Angels,totals,7.0,MyBookie.ag,Under +7,1.9800
2026-09-26T14:04:41+00:00,eba81e8f90abe50ccdfcee55fe0080b8,Seattle Mariners vs Los Angeles Angels,totals,7.0,DraftKings,Over +7,1.8300
2026-09-26T14:04:41+00:00,eba81e8f90abe50ccdfcee55fe0080b8,Seattle Mariners vs Los Angeles Angels,totals,7.0,DraftKings,Under +7,2.0000
2026-09-26T14:04:41+00:00,eba81e8f90abe50ccdfcee55fe0080b8,Seattle Mariners vs Los Angeles Angels,totals,7.5,BetMGM,Over +7.5,2.0500
2026-09-26T14:04:41+00:00,eba81e8f90abe50ccdfcee55fe0080b8,Seattle Mariners vs Los Angeles Angels,totals,7.5,BetMGM,Under +7.5,1.8000
2026-09-26T14:04:41+00:00,eba81e8f90abe50ccdfcee55fe0080b8,Seattle Mariners vs Los Angeles Angels,totals,7.0,Bovada,Over +7,1.8000
2026-09-26T14:04:41+00:00,eba81e8f90abe50ccdfcee55fe0080b8,Seattle Mariners vs Los Angeles Angels,totals,7.0,Bovada,Under +7,2.0500
2026-09-26T14:04:41+00:00,eba81e8f90abe50ccdfcee55fe0080b8,Seattle Mariners vs Los Angeles Angels,totals,7.5,BetRivers,Over +7.5,1.9300
2026-09-26T14:04:41+00:00,eba81e8f90abe50ccdfcee55fe0080b8,Seattle Mariners vs Los Angeles Angels,totals,7.5,BetRivers,Under +7.5,1.8800
2026-09-26T14:04:41+00:00,eba81e8f90abe50ccdfcee55fe0080b8,Seattle Mariners vs Los Angeles Angels,totals,7.0,BetUS,Over +7,1.8700
2026-09-26T14:04:41+00:00,eba81e8f90abe50ccdfcee55fe0080b8,Seattle Mariners vs Los Angeles Angels,totals,7.0,BetUS,Under +7,1.9500
2026-09-26T14:04:41+00:00,5e4afd22ace0d403c9f3f2facc8d3b0f,Cruz Azul vs Toluca,h2h,,BetRivers,Cruz Azul,2.5500
2026-09-26T14:04:41+00:00,5e4afd22ace0d403c9f3f2facc8d3b0f,Cruz Azul vs Toluca,h2h,,BetRivers,Toluca,2.4800
2026-09-26T14:04:41+00:00,5e4afd22ace0d403c9f3f2facc8d3b0f,Cruz Azul vs Toluca,h2h,,BetRivers,Draw,3.4500
2026-09-26T14:04:41+00:00,5e4afd22ace0d403c9f3f2facc8d3b0f,Cruz Azul vs Toluca,h2h,,FanDuel,Cruz Azul,2.5500
2026-09-26T14:04:41+00:00,5e4afd22ace0d403c9f3f2facc8d3b0f,Cruz Azul vs Toluca,h2h,,FanDuel,Toluca,2.6000
2026-09-26T14:04:41+00:00,5e4afd22ace0d403c9f3f2facc8d3b0f,Cruz Azul vs Toluca,h2h,,FanDuel,Draw,3.5000
2026-09-26T14:04:41+00:00,5e4afd22ace0d403c9f3f2facc8d3b0f,Cruz Azul vs Toluca,h2h,,LowVig.ag,Cruz Azul,2.7100
2026-09-26T14:04:41+00:00,5e4afd22ace0d403c9f3f2facc8d3b0f,Cruz Azul vs Toluca,h2h,,LowVig.ag,Toluca,2.7300
2026-09-26T14:04:41+00:00,5e4afd22ace0d403c9f3f2facc8d3b0f,Cruz Azul vs Toluca,h2h,,LowVig.ag,Draw,3.3300
2026-09-26T14:04:41+00:00,5e4afd22ace0d403c9f3f2facc8d3b0f,Cruz Azul vs Toluca,h2h,,BetOnline.ag,Cruz Azul,2.7100
2026-09-26T14:04:41+00:00,5e4afd22ace0d403c9f3f2facc8d3b0f,Cruz Azul vs Toluca,h2h,,BetOnline.ag,Toluca,2.7300
2026-09-26T14:04:41+00:00,5e4afd22ace0d403c9f3f2facc8d3b0f,Cruz Azul vs Toluca,h2h,,BetOnline.ag,Draw,3.3300
2026-09-26T14:04:41+00:00,5e4afd22ace0d403c9f3f2facc8d3b0f,Cruz Azul vs Toluca,h2h,,DraftKings,Cruz Azul,2.6000
2026-09-26T14:04:41+00:00,5e4afd22ace0d403c9f3f2facc8d3b0f,Cruz Azul vs Toluca,h2h,,DraftKings,Toluca,2.6000
2026-09-26T14:04:41+00:00,5e4afd22ace0d403c9f3f2facc8d3b0f,Cruz Azul vs Toluca,h2h,,DraftKings,Draw,3.4500
2026-09-26T14:04:41+00:00,5e4afd22ace0d403c9f3f2facc8d3b0f,Cruz Azul vs Toluca,h2h,,BetUS,Cruz Azul,2.7000
2026-09-26T14:04:41+00:00,5e4afd22ace0d403c9f3f2facc8d3b0f,Cruz Azul vs Toluca,h2h,,BetUS,Toluca,2.7500
2026-09-26T14:04:41+00:00,5e4afd22ace0d403c9f3f2facc8d3b0f,Cruz Azul vs Toluca,h2h,,BetUS,Draw,3.3500
2026-09-26T14:04:41+00:00,5e4afd22ace0d403c9f3f2facc8d3b0f,Cruz Azul vs Toluca,h2h,,BetMGM,Cruz Azul,2.5000
2026-09-26T14:04:41+00:00,5e4afd22ace0d403c9f3f2facc8d3b0f,Cruz Azul vs Toluca,h2h,,BetMGM,Toluca,2.5500
2026-09-26T14:04:41+00:00,5e4afd22ace0d403c9f3f2facc8d3b0f,Cruz Azul vs Toluca,h2h,,BetMGM,Draw,3.5000
2026-09-26T14:04:41+00:00,5e4afd22ace0d403c9f3f2facc8d3b0f,Cruz Azul vs Toluca,totals,2.5,BetRivers,Over +2.5,1.5600
2026-09-26T14:04:41+00:00,5e4afd22ace0d403c9f3f2facc8d3b0f,Cruz Azul vs Toluca,totals,2.5,BetRivers,Under +2.5,2.2500
2026-09-26T14:04:41+00:00,5e4afd22ace0d403c9f3f2facc8d3b0f,Cruz Azul vs Toluca,totals,3.0,LowVig.ag,Over +3,1.9700
2026-09-26T14:04:41+00:00,5e4afd22ace0d403c9f3f2facc8d3b0f,Cruz Azul vs Toluca,totals,3.0,LowVig.ag,Under +3,1.8100
2026-09-26T14:04:41+00:00,5e4afd22ace0d403c9f3f2facc8d3b0f,Cruz Azul vs Toluca,totals,3.0,BetOnline.ag,Over +3,1.9700
2026-09-26T14:04:41+00:00,5e4afd22ace0d403c9f3f2facc8d3b0f,Cruz Azul vs Toluca,totals,3.0,BetOnline.ag,Under +3,1.8100
2026-09-26T14:04:41+00:00,5e4afd22ace0d403c9f3f2facc8d3b0f,Cruz Azul vs Toluca,totals,3.0,BetUS,Over +3,1.9500
2026-09-26T14:04:41+00:00,5e4afd22ace0d403c9f3f2facc8d3b0f,Cruz Azul vs Toluca,totals,3.0,BetUS,Under +3,1.8000
2026-09-26T14:04:41+00:00,5e4afd22ace0d403c9f3f2facc8d3b0f,Cruz Azul vs Toluca,totals,2.5,BetMGM,Over +2.5,1.5700
2026-09-26T14:04:41+00:00,5e4afd22ace0d403c9f3f2facc8d3b0f,Cruz Azul vs Toluca,totals,2.5,BetMGM,Under +2.5,2.2500
2026-09-26T14:04:41+00:00,5e4afd22ace0d403c9f3f2facc8d3b0f,Cruz Azul vs Toluca,spreads,0.0,LowVig.ag,Cruz Azul +0,1.9000
2026-09-26T14:04:41+00:00,5e4afd22ace0d403c9f3f2facc8d3b0f,Cruz Azul vs Toluca,spreads,0.0,LowVig.ag,Toluca +0,1.9200
2026-09-26T14:04:41+00:00,5e4afd22ace0d403c9f3f2facc8d3b0f,Cruz Azul vs Toluca,spreads,0.0,BetOnline.ag,Cruz Azul +0,1.9000
2026-09-26T14:04:41+00:00,5e4afd22ace0d403c9f3f2facc8d3b0f,Cruz Azul vs Toluca,spreads,0.0,BetOnline.ag,Toluca +0,1.9200
2026-09-26T14:04:41+00:00,5e4afd22ace0d403c9f3f2facc8d3b0f,Cruz Azul vs Toluca,spreads,0.0,BetUS,Cruz Azul +0,1.8700
2026-09-26T14:04:41+00:00,5e4afd22ace0d403c9f3f2facc8d3b0f,Cruz Azul vs Toluca,spreads,0.0,BetUS,Toluca +0,1.8700
2026-09-26T14:04:41+00:00,5829cbb975cac63bb3551cfd4a0166a5,Guadalajara vs Querétaro,h2h,,BetRivers,Guadalajara,1.4800
2026-09-26T14:04:41+00:00,5829cbb975cac63bb3551cfd4a0166a5,Guadalajara vs Querétaro,h2h,,BetRivers,Querétaro,5.6000
2026-09-26T14:04:41+00:00,5829cbb975cac63bb3551cfd4a0166a5,Guadalajara vs Querétaro,h2h,,BetRivers,Draw,4.2500
2026-09-26T14:04:41+00:00,5829cbb975cac63bb3551cfd4a0166a5,Guadalajara vs Querétaro,h2h,,FanDuel,Guadalajara,1.5100
2026-09-26T14:04:41+00:00,5829cbb975cac63bb3551cfd4a0166a5,Guadalajara vs Querétaro,h2h,,FanDuel,Querétaro,5.7000
2026-09-26T14:04:41+00:00,5829cbb975cac63bb3551cfd4a0166a5,Guadalajara vs Querétaro,h2h,,FanDuel,Draw,4.4000
2026-09-26T14:04:41+00:00,5829cbb975cac63bb3551cfd4a0166a5,Guadalajara vs Querétaro,h2h,,DraftKings,Guadalajara,1.5600
2026-09-26T14:04:41+00:00,5829cbb975cac63bb3551cfd4a0166a5,Guadalajara vs Querétaro,h2h,,DraftKings,Querétaro,5.5000
2026-09-26T14:04:41+00:00,5829cbb975cac63bb3551cfd4a0166a5,Guadalajara vs Querétaro,h2h,,DraftKings,Draw,4.4000
2026-09-26T14:04:41+00:00,5829cbb975cac63bb3551cfd4a0166a5,Guadalajara vs Querétaro,h2h,,BetUS,Guadalajara,1.5700
2026-09-26T14:04:41+00:00,5829cbb975cac63bb3551cfd4a0166a5,Guadalajara vs Querétaro,h2h,,BetUS,Querétaro,5.5000
2026-09-26T14:04:41+00:00,5829cbb975cac63bb3551cfd4a0166a5,Guadalajara vs Querétaro,h2h,,BetUS,Draw,4.6000
2026-09-26T14:04:41+00:00,5829cbb975cac63bb3551cfd4a0166a5,Guadalajara vs Querétaro,h2h,,LowVig.ag,Guadalajara,1.5700
2026-09-26T14:04:41+00:00,5829cbb975cac63bb3551cfd4a0166a5,Guadalajara vs Querétaro,h2h,,LowVig.ag,Querétaro,5.5000
2026-09-26T14:04:41+00:00,5829cbb975cac63bb3551cfd4a0166a5,Guadalajara vs Querétaro,h2h,,LowVig.ag,Draw,4.6000
2026-09-26T14:04:41+00:00,5829cbb975cac63bb3551cfd4a0166a5,Guadalajara vs Querétaro,h2h,,BetOnline.ag,Guadalajara,1.5700
2026-09-26T14:04:41+00:00,5829cbb975cac63bb3551cfd4a0166a5,Guadalajara vs Querétaro,h2h,,BetOnline.ag,Querétaro,5.5000
2026-09-26T14:04:41+00:00,5829cbb975cac63bb3551cfd4a0166a5,Guadalajara vs Querétaro,h2h,,BetOnline.ag,Draw,4.6000
2026-09-26T14:04:41+00:00,5829cbb975cac63bb3551cfd4a0166a5,Guadalajara vs Querétaro,h2h,,BetMGM,Guadalajara,1.5400
2026-09-26T14:04:41+00:00,5829cbb975cac63bb3551cfd4a0166a5,Guadalajara vs Querétaro,h2h,,BetMGM,Querétaro,5.2500
2026-09-26T14:04:41+00:00,5829cbb975cac63bb3551cfd4a0166a5,Guadalajara vs Querétaro,h2h,,BetMGM,Draw,4.2000
2026-09-26T14:04:41+00:00,5829cbb975cac63bb3551cfd4a0166a5,Guadalajara vs Querétaro,totals,2.5,BetRivers,Over +2.5,1.5400
2026-09-26T14:04:41+00:00,5829cbb975cac63bb3551cfd4a0166a5,Guadalajara vs Querétaro,totals,2.5,BetRivers,Under +2.5,2.3200
2026-09-26T14:04:41+00:00,5829cbb975cac63bb3551cfd4a0166a5,Guadalajara vs Querétaro,totals,3.0,BetUS,Over +3,2.0000
2026-09-26T14:04:41+00:00,5829cbb975cac63bb3551cfd4a0166a5,Guadalajara vs Querétaro,totals,3.0,BetUS,Under +3,1.7700
2026-09-26T14:04:41+00:00,5829cbb975cac63bb3551cfd4a0166a5,Guadalajara vs Querétaro,totals,3.0,LowVig.ag,Over +3,2.0200
2026-09-26T14:04:41+00:00,5829cbb975cac63bb3551cfd4a0166a5,Guadalajara vs Querétaro,totals,3.0,LowVig.ag,Under +3,1.7700
2026-09-26T14:04:41+00:00,5829cbb975cac63bb3551cfd4a0166a5,Guadalajara vs Querétaro,totals,3.0,BetOnline.ag,Over +3,2.0200
2026-09-26T14:04:41+00:00,5829cbb975cac63bb3551cfd4a0166a5,Guadalajara vs Querétaro,totals,3.0,BetOnline.ag,Under +3,1.7700
2026-09-26T14:04:41+00:00,5829cbb975cac63bb3551cfd4a0166a5,Guadalajara vs Querétaro,totals,2.5,BetMGM,Over +2.5,1.6100
2026-09-26T14:04:41+00:00,5829cbb975cac63bb3551cfd4a0166a5,Guadalajara vs Querétaro,totals,2.5,BetMGM,Under +2.5,2.1500
2026-09-26T14:04:41+00:00,5829cbb975cac63bb3551cfd4a0166a5,Guadalajara vs Querétaro,spreads,-1.0,BetUS,Guadalajara -1,1.8700
2026-09-26T14:04:41+00:00,5829cbb975cac63bb3551cfd4a0166a5,Guadalajara vs Querétaro,spreads,1.0,BetUS,Querétaro +1,1.8700
2026-09-26T14:04:41+00:00,5829cbb975cac63bb3551cfd4a0166a5,Guadalajara vs Querétaro,spreads,-1.0,LowVig.ag,Guadalajara -1,1.9100
2026-09-26T14:04:41+00:00,5829cbb975cac63bb3551cfd4a0166a5,Guadalajara vs Querétaro,spreads,1.0,LowVig.ag,Querétaro +1,1.9100
2026-09-26T14:04:41+00:00,5829cbb975cac63bb3551cfd4a0166a5,Guadalajara vs Querétaro,spreads,-1.0,BetOnline.ag,Guadalajara -1,1.9100
2026-09-26T14:04:41+00:00,5829cbb975cac63bb3551cfd4a0166a5,Guadalajara vs Querétaro,spreads,1.0,BetOnline.ag,Querétaro +1,1.9100
2026-09-26T14:04:41+00:00,fe6b519dd3667465d51d0f08720f8931,Santos Laguna vs Pachuca,h2h,,BetRivers,Pachuca,2.0000
2026-09-26T14:04:41+00:00,fe6b519dd3667465d51d0f08720f8931,Santos Laguna vs Pachuca,h2h,,BetRivers,Santos Laguna,3.2500
2026-09-26T14:04:41+00:00,fe6b519dd3667465d51d0f08720f8931,Santos Laguna vs Pachuca,h2h,,BetRivers,Draw,3.5500
2026-09-26T14:04:41+00:00,fe6b519dd3667465d51d0f08720f8931,Santos Laguna vs Pachuca,h2h,,FanDuel,Pachuca,2.1000
2026-09-26T14:04:41+00:00,fe6b519dd3667465d51d0f08720f8931,Santos Laguna vs Pachuca,h2h,,FanDuel,Santos Laguna,3.0000
2026-09-26T14:04:41+00:00,fe6b519dd3667465d51d0f08720f8931,Santos Laguna vs Pachuca,h2h,,FanDuel,Draw,3.8000
2026-09-26T14:04:41+00:00,fe6b519dd3667465d51d0f08720f8931,Santos Laguna vs Pachuca,h2h,,DraftKings,Pachuca,2.1500
2026-09-26T14:04:41+00:00,fe6b519dd3667465d51d0f08720f8931,Santos Laguna vs Pachuca,h2h,,DraftKings,Santos Laguna,3.1500
2026-09-26T14:04:41+00:00,fe6b519dd3667465d51d0f08720f8931,Santos Laguna vs Pachuca,h2h,,DraftKings,Draw,3.6500
2026-09-26T14:04:41+00:00,fe6b519dd3667465d51d0f08720f8931,Santos Laguna vs Pachuca,h2h,,BetUS,Pachuca,2.1300
2026-09-26T14:04:41+00:00,fe6b519dd3667465d51d0f08720f8931,Santos Laguna vs Pachuca,h2h,,BetUS,Santos Laguna,3.3000
2026-09-26T14:04:41+00:00,fe6b519dd3667465d51d0f08720f8931,Santos Laguna vs Pachuca,h2h,,BetUS,Draw,3.8000
2026-09-26T14:04:41+00:00,fe6b519dd3667465d51d0f08720f8931,Santos Laguna vs Pachuca,h2h,,LowVig.ag,Pachuca,2.1300
2026-09-26T14:04:41+00:00,fe6b519dd3667465d51d0f08720f8931,Santos Laguna vs Pachuca,h2h,,LowVig.ag,Santos Laguna,3.3000
2026-09-26T14:04:41+00:00,fe6b519dd3667465d51d0f08720f8931,Santos Laguna vs Pachuca,h2h,,LowVig.ag,Draw,3.8000
2026-09-26T14:04:41+00:00,fe6b519dd3667465d51d0f08720f8931,Santos Laguna vs Pachuca,h2h,,BetOnline.ag,Pachuca,2.1300
2026-09-26T14:04:41+00:00,fe6b519dd3667465d51d0f08720f8931,Santos Laguna vs Pachuca,h2h,,BetOnline.ag,Santos Laguna,3.3000
2026-09-26T14:04:41+00:00,fe6b519dd3667465d51d0f08720f8931,Santos Laguna vs Pachuca,h2h,,BetOnline.ag,Draw,3.8000
2026-09-26T14:04:41+00:00,fe6b519dd3667465d51d0f08720f8931,Santos Laguna vs Pachuca,h2h,,BetMGM,Pachuca,2.1000
2026-09-26T14:04:41+00:00,fe6b519dd3667465d51d0f08720f8931,Santos Laguna vs Pachuca,h2h,,BetMGM,Santos Laguna,3.2000
2026-09-26T14:04:41+00:00,fe6b519dd3667465d51d0f08720f8931,Santos Laguna vs Pachuca,h2h,,BetMGM,Draw,3.5000
2026-09-26T14:04:41+00:00,fe6b519dd3667465d51d0f08720f8931,Santos Laguna vs Pachuca,totals,2.5,BetRivers,Over +2.5,1.6000
2026-09-26T14:04:41+00:00,fe6b519dd3667465d51d0f08720f8931,Santos Laguna vs Pachuca,totals,2.5,BetRivers,Under +2.5,2.1800
2026-09-26T14:04:41+00:00,fe6b519dd3667465d51d0f08720f8931,Santos Laguna vs Pachuca,totals,2.75,BetUS,Over +2.75,1.8000
2026-09-26T14:04:41+00:00,fe6b519dd3667465d51d0f08720f8931,Santos Laguna vs Pachuca,totals,2.75,BetUS,Under +2.75,1.9500
2026-09-26T14:04:41+00:00,fe6b519dd3667465d51d0f08720f8931,Santos Laguna vs Pachuca,totals,3.0,LowVig.ag,Over +3,2.0300
2026-09-26T14:04:41+00:00,fe6b519dd3667465d51d0f08720f8931,Santos Laguna vs Pachuca,totals,3.0,LowVig.ag,Under +3,1.7600
2026-09-26T14:04:41+00:00,fe6b519dd3667465d51d0f08720f8931,Santos Laguna vs Pachuca,totals,3.0,BetOnline.ag,Over +3,2.0300
2026-09-26T14:04:41+00:00,fe6b519dd3667465d51d0f08720f8931,Santos Laguna vs Pachuca,totals,3.0,BetOnline.ag,Under +3,1.7600
2026-09-26T14:04:41+00:00,fe6b519dd3667465d51d0f08720f8931,Santos Laguna vs Pachuca,totals,2.5,BetMGM,Over +2.5,1.6100
2026-09-26T14:04:41+00:00,fe6b519dd3667465d51d0f08720f8931,Santos Laguna vs Pachuca,totals,2.5,BetMGM,Under +2.5,2.1500
2026-09-26T14:04:41+00:00,fe6b519dd3667465d51d0f08720f8931,Santos Laguna vs Pachuca,spreads,-0.5,LowVig.ag,Pachuca -0.5,2.1300
2026-09-26T14:04:41+00:00,fe6b519dd3667465d51d0f08720f8931,Santos Laguna vs Pachuca,spreads,0.5,LowVig.ag,Santos Laguna +0.5,1.7100
2026-09-26T14:04:41+00:00,fe6b519dd3667465d51d0f08720f8931,Santos Laguna vs Pachuca,spreads,-0.5,BetOnline.ag,Pachuca -0.5,2.1300
2026-09-26T14:04:41+00:00,fe6b519dd3667465d51d0f08720f8931,Santos Laguna vs Pachuca,spreads,0.5,BetOnline.ag,Santos Laguna +0.5,1.7100
2026-09-26T14:04:41+00:00,56165303ebdc2341a4107eee3924cf43,Tigres vs Puebla,h2h,,BetRivers,Puebla,5.6000
2026-09-26T14:04:41+00:00,56165303ebdc2341a4107eee3924cf43,Tigres vs Puebla,h2h,,BetRivers,Tigres,1.5100
2026-09-26T14:04:41+00:00,56165303ebdc2341a4107eee3924cf43,Tigres vs Puebla,h2h,,BetRivers,Draw,4.1000
2026-09-26T14:04:41+00:00,56165303ebdc2341a4107eee3924cf43,Tigres vs Puebla,h2h,,FanDuel,Puebla,5.5000
2026-09-26T14:04:41+00:00,56165303ebdc2341a4107eee3924cf43,Tigres vs Puebla,h2h,,FanDuel,Tigres,1.5300
2026-09-26T14:04:41+00:00,56165303ebdc2341a4107eee3924cf43,Tigres vs Puebla,h2h,,FanDuel,Draw,4.2000
2026-09-26T14:04:41+00:00,56165303ebdc2341a4107eee3924cf43,Tigres vs Puebla,h2h,,BetOnline.ag,Puebla,5.5500
2026-09-26T14:04:41+00:00,56165303ebdc2341a4107eee3924cf43,Tigres vs Puebla,h2h,,BetOnline.ag,Tigres,1.5800
2026-09-26T14:04:41+00:00,56165303ebdc2341a4107eee3924cf43,Tigres vs Puebla,h2h,,BetOnline.ag,Draw,4.5000
2026-09-26T14:04:41+00:00,56165303ebdc2341a4107eee3924cf43,Tigres vs Puebla,h2h,,LowVig.ag,Puebla,5.5500
2026-09-26T14:04:41+00:00,56165303ebdc2341a4107eee3924cf43,Tigres vs Puebla,h2h,,LowVig.ag,Tigres,1.5800
2026-09-26T14:04:41+00:00,56165303ebdc2341a4107eee3924cf43,Tigres vs Puebla,h2h,,LowVig.ag,Draw,4.5000
2026-09-26T14:04:41+00:00,56165303ebdc2341a4107eee3924cf43,Tigres vs Puebla,h2h,,DraftKings,Puebla,5.2500
2026-09-26T14:04:41+00:00,56165303ebdc2341a4107eee3924cf43,Tigres vs Puebla,h2h,,DraftKings,Tigres,1.5700
2026-09-26T14:04:41+00:00,56165303ebdc2341a4107eee3924cf43,Tigres vs Puebla,h2h,,DraftKings,Draw,4.4000
2026-09-26T14:04:41+00:00,56165303ebdc2341a4107eee3924cf43,Tigres vs Puebla,h2h,,BetUS,Puebla,5.5500
2026-09-26T14:04:41+00:00,56165303ebdc2341a4107eee3924cf43,Tigres vs Puebla,h2h,,BetUS,Tigres,1.5700
2026-09-26T14:04:41+00:00,56165303ebdc2341a4107eee3924cf43,Tigres vs Puebla,h2h,,BetUS,Draw,4.5000
2026-09-26T14:04:41+00:00,56165303ebdc2341a4107eee3924cf43,Tigres vs Puebla,totals,2.5,BetRivers,Over +2.5,1.6400
2026-09-26T14:04:41+00:00,56165303ebdc2341a4107eee3924cf43,Tigres vs Puebla,totals,2.5,BetRivers,Under +2.5,2.1200
2026-09-26T14:04:41+00:00,56165303ebdc2341a4107eee3924cf43,Tigres vs Puebla,totals,3.0,BetOnline.ag,Over +3,2.1000
2026-09-26T14:04:41+00:00,56165303ebdc2341a4107eee3924cf43,Tigres vs Puebla,totals,3.0,BetOnline.ag,Under +3,1.6900
2026-09-26T14:04:41+00:00,56165303ebdc2341a4107eee3924cf43,Tigres vs Puebla,totals,3.0,LowVig.ag,Over +3,2.1000
2026-09-26T14:04:41+00:00,56165303ebdc2341a4107eee3924cf43,Tigres vs Puebla,totals,3.0,LowVig.ag,Under +3,1.6900
2026-09-26T14:04:41+00:00,56165303ebdc2341a4107eee3924cf43,Tigres vs Puebla,totals,3.0,BetUS,Over +3,2.1500
2026-09-26T14:04:41+00:00,56165303ebdc2341a4107eee3924cf43,Tigres vs Puebla,totals,3.0,BetUS,Under +3,1.6900
2026-09-26T14:04:41+00:00,56165303ebdc2341a4107eee3924cf43,Tigres vs Puebla,spreads,1.0,BetOnline.ag,Puebla +1,1.8800
2026-09-26T14:04:41+00:00,56165303ebdc2341a4107eee3924cf43,Tigres vs Puebla,spreads,-1.0,BetOnline.ag,Tigres -1,1.9000
2026-09-26T14:04:41+00:00,56165303ebdc2341a4107eee3924cf43,Tigres vs Puebla,spreads,1.0,LowVig.ag,Puebla +1,1.8800
2026-09-26T14:04:41+00:00,56165303ebdc2341a4107eee3924cf43,Tigres vs Puebla,spreads,-1.0,LowVig.ag,Tigres -1,1.9000
2026-09-26T14:04:41+00:00,56165303ebdc2341a4107eee3924cf43,Tigres vs Puebla,spreads,1.0,BetUS,Puebla +1,1.8700
2026-09-26T14:04:41+00:00,56165303ebdc2341a4107eee3924cf43,Tigres vs Puebla,spreads,-1.0,BetUS,Tigres -1,1.8700
2026-09-26T14:04:41+00:00,fc27ddecdbf725e6878b23d2fbac96d9,Atlanta United FC vs New York City FC,h2h,,MyBookie.ag,Atlanta United FC,2.3100
2026-09-26T14:04:41+00:00,fc27ddecdbf725e6878b23d2fbac96d9,Atlanta United FC vs New York City FC,h2h,,MyBookie.ag,New York City FC,2.9000
2026-09-26T14:04:41+00:00,fc27ddecdbf725e6878b23d2fbac96d9,Atlanta United FC vs New York City FC,h2h,,MyBookie.ag,Draw,3.5500
2026-09-26T14:04:41+00:00,fc27ddecdbf725e6878b23d2fbac96d9,Atlanta United FC vs New York City FC,h2h,,BetMGM,Atlanta United FC,2.2500
2026-09-26T14:04:41+00:00,fc27ddecdbf725e6878b23d2fbac96d9,Atlanta United FC vs New York City FC,h2h,,BetMGM,New York City FC,2.8500
2026-09-26T14:04:41+00:00,fc27ddecdbf725e6878b23d2fbac96d9,Atlanta United FC vs New York City FC,h2h,,BetMGM,Draw,3.6000
2026-09-26T14:04:41+00:00,fc27ddecdbf725e6878b23d2fbac96d9,Atlanta United FC vs New York City FC,h2h,,FanDuel,Atlanta United FC,2.2000
2026-09-26T14:04:41+00:00,fc27ddecdbf725e6878b23d2fbac96d9,Atlanta United FC vs New York City FC,h2h,,FanDuel,New York City FC,2.9000
2026-09-26T14:04:41+00:00,fc27ddecdbf725e6878b23d2fbac96d9,Atlanta United FC vs New York City FC,h2h,,FanDuel,Draw,3.7000
2026-09-26T14:04:41+00:00,fc27ddecdbf725e6878b23d2fbac96d9,Atlanta United FC vs New York City FC,h2h,,BetRivers,Atlanta United FC,2.2500
2026-09-26T14:04:41+00:00,fc27ddecdbf725e6878b23d2fbac96d9,Atlanta United FC vs New York City FC,h2h,,BetRivers,New York City FC,2.8800
2026-09-26T14:04:41+00:00,fc27ddecdbf725e6878b23d2fbac96d9,Atlanta United FC vs New York City FC,h2h,,BetRivers,Draw,3.5500
2026-09-26T14:04:41+00:00,fc27ddecdbf725e6878b23d2fbac96d9,Atlanta United FC vs New York City FC,h2h,,Bovada,Atlanta United FC,2.2700
2026-09-26T14:04:41+00:00,fc27ddecdbf725e6878b23d2fbac96d9,Atlanta United FC vs New York City FC,h2h,,Bovada,New York City FC,2.9000
2026-09-26T14:04:41+00:00,fc27ddecdbf725e6878b23d2fbac96d9,Atlanta United FC vs New York City FC,h2h,,Bovada,Draw,3.5500
2026-09-26T14:04:41+00:00,fc27ddecdbf725e6878b23d2fbac96d9,Atlanta United FC vs New York City FC,h2h,,DraftKings,Atlanta United FC,2.2500
2026-09-26T14:04:41+00:00,fc27ddecdbf725e6878b23d2fbac96d9,Atlanta United FC vs New York City FC,h2h,,DraftKings,New York City FC,2.8500
2026-09-26T14:04:41+00:00,fc27ddecdbf725e6878b23d2fbac96d9,Atlanta United FC vs New York City FC,h2h,,DraftKings,Draw,3.5500
2026-09-26T14:04:41+00:00,fc27ddecdbf725e6878b23d2fbac96d9,Atlanta United FC vs New York City FC,h2h,,LowVig.ag,Atlanta United FC,2.2900
2026-09-26T14:04:41+00:00,fc27ddecdbf725e6878b23d2fbac96d9,Atlanta United FC vs New York City FC,h2h,,LowVig.ag,New York City FC,3.0500
2026-09-26T14:04:41+00:00,fc27ddecdbf725e6878b23d2fbac96d9,Atlanta United FC vs New York City FC,h2h,,LowVig.ag,Draw,3.7000
2026-09-26T14:04:41+00:00,fc27ddecdbf725e6878b23d2fbac96d9,Atlanta United FC vs New York City FC,h2h,,BetOnline.ag,Atlanta United FC,2.2900
2026-09-26T14:04:41+00:00,fc27ddecdbf725e6878b23d2fbac96d9,Atlanta United FC vs New York City FC,h2h,,BetOnline.ag,New York City FC,3.0500
2026-09-26T14:04:41+00:00,fc27ddecdbf725e6878b23d2fbac96d9,Atlanta United FC vs New York City FC,h2h,,BetOnline.ag,Draw,3.7000
2026-09-26T14:04:41+00:00,fc27ddecdbf725e6878b23d2fbac96d9,Atlanta United FC vs New York City FC,spreads,0.0,MyBookie.ag,Atlanta United FC +0,1.6800
2026-09-26T14:04:41+00:00,fc27ddecdbf725e6878b23d2fbac96d9,Atlanta United FC vs New York City FC,spreads,0.0,MyBookie.ag,New York City FC +0,2.1000
2026-09-26T14:04:41+00:00,fc27ddecdbf725e6878b23d2fbac96d9,Atlanta United FC vs New York City FC,spreads,-0.25,Bovada,Atlanta United FC -0.25,2.0000
2026-09-26T14:04:41+00:00,fc27ddecdbf725e6878b23d2fbac96d9,Atlanta United FC vs New York City FC,spreads,0.25,Bovada,New York City FC +0.25,1.8300
2026-09-26T14:04:41+00:00,fc27ddecdbf725e6878b23d2fbac96d9,Atlanta United FC vs New York City FC,spreads,-0.5,LowVig.ag,Atlanta United FC -0.5,2.2900
2026-09-26T14:04:41+00:00,fc27ddecdbf725e6878b23d2fbac96d9,Atlanta United FC vs New York City FC,spreads,0.5,LowVig.ag,New York City FC +0.5,1.6100
2026-09-26T14:04:41+00:00,fc27ddecdbf725e6878b23d2fbac96d9,Atlanta United FC vs New York City FC,spreads,-0.5,BetOnline.ag,Atlanta United FC -0.5,2.2900
2026-09-26T14:04:41+00:00,fc27ddecdbf725e6878b23d2fbac96d9,Atlanta United FC vs New York City FC,spreads,0.5,BetOnline.ag,New York City FC +0.5,1.6100
2026-09-26T14:04:41+00:00,fc27ddecdbf725e6878b23d2fbac96d9,Atlanta United FC vs New York City FC,totals,3.0,MyBookie.ag,Over +3,1.9900
2026-09-26T14:04:41+00:00,fc27ddecdbf725e6878b23d2fbac96d9,Atlanta United FC vs New York City FC,totals,3.0,MyBookie.ag,Under +3,1.7600
2026-09-26T14:04:41+00:00,fc27ddecdbf725e6878b23d2fbac96d9,Atlanta United FC vs New York City FC,totals,2.5,BetMGM,Over +2.5,1.6200
2026-09-26T14:04:41+00:00,fc27ddecdbf725e6878b23d2fbac96d9,Atlanta United FC vs New York City FC,totals,2.5,BetMGM,Under +2.5,2.1500
2026-09-26T14:04:41+00:00,fc27ddecdbf725e6878b23d2fbac96d9,Atlanta United FC vs New York City FC,totals,2.5,BetRivers,Over +2.5,1.6300
2026-09-26T14:04:41+00:00,fc27ddecdbf725e6878b23d2fbac96d9,Atlanta United FC vs New York City FC,totals,2.5,BetRivers,Under +2.5,2.2300
2026-09-26T14:04:41+00:00,fc27ddecdbf725e6878b23d2fbac96d9,Atlanta United FC vs New York City FC,totals,2.75,Bovada,Over +2.75,1.8200
2026-09-26T14:04:41+00:00,fc27ddecdbf725e6878b23d2fbac96d9,Atlanta United FC vs New York City FC,totals,2.75,Bovada,Under +2.75,2.0200
2026-09-26T14:04:41+00:00,fc27ddecdbf725e6878b23d2fbac96d9,Atlanta United FC vs New York City FC,totals,3.0,LowVig.ag,Over +3,2.1000
2026-09-26T14:04:41+00:00,fc27ddecdbf725e6878b23d2fbac96d9,Atlanta United FC vs New York City FC,totals,3.0,LowVig.ag,Under +3,1.7000
2026-09-26T14:04:41+00:00,fc27ddecdbf725e6878b23d2fbac96d9,Atlanta United FC vs New York City FC,totals,3.0,BetOnline.ag,Over +3,2.1000
2026-09-26T14:04:41+00:00,fc27ddecdbf725e6878b23d2fbac96d9,Atlanta United FC vs New York City FC,totals,3.0,BetOnline.ag,Under +3,1.7000
2026-09-26T14:04:41+00:00,249e21ae92c7049220cee334c4fd6868,CF Montreal vs FC Cincinnati,h2h,,MyBookie.ag,CF Montreal,2.6800
2026-09-26T14:04:41+00:00,249e21ae92c7049220cee334c4fd6868,CF Montreal vs FC Cincinnati,h2h,,MyBookie.ag,FC Cincinnati,2.3500
2026-09-26T14:04:41+00:00,249e21ae92c7049220cee334c4fd6868,CF Montreal vs FC Cincinnati,h2h,,MyBookie.ag,Draw,3.8500
2026-09-26T14:04:41+00:00,249e21ae92c7049220cee334c4fd6868,CF Montreal vs FC Cincinnati,h2h,,BetMGM,CF Montreal,2.6000
2026-09-26T14:04:41+00:00,249e21ae92c7049220cee334c4fd6868,CF Montreal vs FC Cincinnati,h2h,,BetMGM,FC Cincinnati,2.3800
2026-09-26T14:04:41+00:00,249e21ae92c7049220cee334c4fd6868,CF Montreal vs FC Cincinnati,h2h,,BetMGM,Draw,3.7500
2026-09-26T14:04:41+00:00,249e21ae92c7049220cee334c4fd6868,CF Montreal vs FC Cincinnati,h2h,,FanDuel,CF Montreal,2.8500
2026-09-26T14:04:41+00:00,249e21ae92c7049220cee334c4fd6868,CF Montreal vs FC Cincinnati,h2h,,FanDuel,FC Cincinnati,2.2500
2026-09-26T14:04:41+00:00,249e21ae92c7049220cee334c4fd6868,CF Montreal vs FC Cincinnati,h2h,,FanDuel,Draw,3.8000
2026-09-26T14:04:41+00:00,249e21ae92c7049220cee334c4fd6868,CF Montreal vs FC Cincinnati,h2h,,BetRivers,CF Montreal,2.5000
2026-09-26T14:04:41+00:00,249e21ae92c7049220cee334c4fd6868,CF Montreal vs FC Cincinnati,h2h,,BetRivers,FC Cincinnati,2.4000
2026-09-26T14:04:41+00:00,249e21ae92c7049220cee334c4fd6868,CF Montreal vs FC Cincinnati,h2h,,BetRivers,Draw,3.8000
2026-09-26T14:04:41+00:00,249e21ae92c7049220cee334c4fd6868,CF Montreal vs FC Cincinnati,h2h,,Bovada,CF Montreal,2.7300
2026-09-26T14:04:41+00:00,249e21ae92c7049220cee334c4fd6868,CF Montreal vs FC Cincinnati,h2h,,Bovada,FC Cincinnati,2.3100
2026-09-26T14:04:41+00:00,249e21ae92c7049220cee334c4fd6868,CF Montreal vs FC Cincinnati,h2h,,Bovada,Draw,3.8000
2026-09-26T14:04:41+00:00,249e21ae92c7049220cee334c4fd6868,CF Montreal vs FC Cincinnati,h2h,,DraftKings,CF Montreal,2.6500
2026-09-26T14:04:41+00:00,249e21ae92c7049220cee334c4fd6868,CF Montreal vs FC Cincinnati,h2h,,DraftKings,FC Cincinnati,2.3000
2026-09-26T14:04:41+00:00,249e21ae92c7049220cee334c4fd6868,CF Montreal vs FC Cincinnati,h2h,,DraftKings,Draw,3.7500
2026-09-26T14:04:41+00:00,249e21ae92c7049220cee334c4fd6868,CF Montreal vs FC Cincinnati,h2h,,LowVig.ag,CF Montreal,2.6600
2026-09-26T14:04:41+00:00,249e21ae92c7049220cee334c4fd6868,CF Montreal vs FC Cincinnati,h2h,,LowVig.ag,FC Cincinnati,2.4600
2026-09-26T14:04:41+00:00,249e21ae92c7049220cee334c4fd6868,CF Montreal vs FC Cincinnati,h2h,,LowVig.ag,Draw,3.9600
2026-09-26T14:04:41+00:00,249e21ae92c7049220cee334c4fd6868,CF Montreal vs FC Cincinnati,h2h,,BetOnline.ag,CF Montreal,2.6600
2026-09-26T14:04:41+00:00,249e21ae92c7049220cee334c4fd6868,CF Montreal vs FC Cincinnati,h2h,,BetOnline.ag,FC Cincinnati,2.4600
2026-09-26T14:04:41+00:00,249e21ae92c7049220cee334c4fd6868,CF Montreal vs FC Cincinnati,h2h,,BetOnline.ag,Draw,3.9600
2026-09-26T14:04:41+00:00,249e21ae92c7049220cee334c4fd6868,CF Montreal vs FC Cincinnati,h2h,,BetUS,CF Montreal,2.6500
2026-09-26T14:04:41+00:00,249e21ae92c7049220cee334c4fd6868,CF Montreal vs FC Cincinnati,h2h,,BetUS,FC Cincinnati,2.4500
2026-09-26T14:04:41+00:00,249e21ae92c7049220cee334c4fd6868,CF Montreal vs FC Cincinnati,h2h,,BetUS,Draw,3.9500
2026-09-26T14:04:41+00:00,249e21ae92c7049220cee334c4fd6868,CF Montreal vs FC Cincinnati,spreads,0.0,MyBookie.ag,CF Montreal +0,1.9900
2026-09-26T14:04:41+00:00,249e21ae92c7049220cee334c4fd6868,CF Montreal vs FC Cincinnati,spreads,0.0,MyBookie.ag,FC Cincinnati +0,1.7600
2026-09-26T14:04:41+00:00,249e21ae92c7049220cee334c4fd6868,CF Montreal vs FC Cincinnati,spreads,0.25,Bovada,CF Montreal +0.25,1.8000
2026-09-26T14:04:41+00:00,249e21ae92c7049220cee334c4fd6868,CF Montreal vs FC Cincinnati,spreads,-0.25,Bovada,FC Cincinnati -0.25,2.0500
2026-09-26T14:04:41+00:00,249e21ae92c7049220cee334c4fd6868,CF Montreal vs FC Cincinnati,spreads,0.0,LowVig.ag,CF Montreal +0,2.0100
2026-09-26T14:04:41+00:00,249e21ae92c7049220cee334c4fd6868,CF Montreal vs FC Cincinnati,spreads,0.0,LowVig.ag,FC Cincinnati +0,1.8100
2026-09-26T14:04:41+00:00,249e21ae92c7049220cee334c4fd6868,CF Montreal vs FC Cincinnati,spreads,0.0,BetOnline.ag,CF Montreal +0,2.0100
2026-09-26T14:04:41+00:00,249e21ae92c7049220cee334c4fd6868,CF Montreal vs FC Cincinnati,spreads,0.0,BetOnline.ag,FC Cincinnati +0,1.8100
2026-09-26T14:04:41+00:00,249e21ae92c7049220cee334c4fd6868,CF Montreal vs FC Cincinnati,spreads,0.0,BetUS,CF Montreal +0,1.9500
2026-09-26T14:04:41+00:00,249e21ae92c7049220cee334c4fd6868,CF Montreal vs FC Cincinnati,spreads,0.0,BetUS,FC Cincinnati +0,1.8000
2026-09-26T14:04:41+00:00,249e21ae92c7049220cee334c4fd6868,CF Montreal vs FC Cincinnati,totals,3.5,MyBookie.ag,Over +3.5,2.0200
2026-09-26T14:04:41+00:00,249e21ae92c7049220cee334c4fd6868,CF Montreal vs FC Cincinnati,totals,3.5,MyBookie.ag,Under +3.5,1.7400
2026-09-26T14:04:41+00:00,249e21ae92c7049220cee334c4fd6868,CF Montreal vs FC Cincinnati,totals,3.5,BetMGM,Over +3.5,2.0000
2026-09-26T14:04:41+00:00,249e21ae92c7049220cee334c4fd6868,CF Montreal vs FC Cincinnati,totals,3.5,BetMGM,Under +3.5,1.7100
2026-09-26T14:04:41+00:00,249e21ae92c7049220cee334c4fd6868,CF Montreal vs FC Cincinnati,totals,3.5,BetRivers,Over +3.5,1.9700
2026-09-26T14:04:41+00:00,249e21ae92c7049220cee334c4fd6868,CF Montreal vs FC Cincinnati,totals,3.5,BetRivers,Under +3.5,1.7800
2026-09-26T14:04:41+00:00,249e21ae92c7049220cee334c4fd6868,CF Montreal vs FC Cincinnati,totals,3.25,Bovada,Over +3.25,1.8500
2026-09-26T14:04:41+00:00,249e21ae92c7049220cee334c4fd6868,CF Montreal vs FC Cincinnati,totals,3.25,Bovada,Under +3.25,1.9800
2026-09-26T14:04:41+00:00,249e21ae92c7049220cee334c4fd6868,CF Montreal vs FC Cincinnati,totals,3.5,LowVig.ag,Over +3.5,1.9800
2026-09-26T14:04:41+00:00,249e21ae92c7049220cee334c4fd6868,CF Montreal vs FC Cincinnati,totals,3.5,LowVig.ag,Under +3.5,1.8100
2026-09-26T14:04:41+00:00,249e21ae92c7049220cee334c4fd6868,CF Montreal vs FC Cincinnati,totals,3.5,BetOnline.ag,Over +3.5,1.9800
2026-09-26T14:04:41+00:00,249e21ae92c7049220cee334c4fd6868,CF Montreal vs FC Cincinnati,totals,3.5,BetOnline.ag,Under +3.5,1.8100
2026-09-26T14:04:41+00:00,249e21ae92c7049220cee334c4fd6868,CF Montreal vs FC Cincinnati,totals,3.5,BetUS,Over +3.5,1.9500
2026-09-26T14:04:41+00:00,249e21ae92c7049220cee334c4fd6868,CF Montreal vs FC Cincinnati,totals,3.5,BetUS,Under +3.5,1.8000
2026-09-26T14:04:41+00:00,2a754d105ccf495bfaaef9a83c6d59fc,Charlotte FC vs Chicago Fire,h2h,,MyBookie.ag,Charlotte FC,2.1600
2026-09-26T14:04:41+00:00,2a754d105ccf495bfaaef9a83c6d59fc,Charlotte FC vs Chicago Fire,h2h,,MyBookie.ag,Chicago Fire,2.9900
2026-09-26T14:04:41+00:00,2a754d105ccf495bfaaef9a83c6d59fc,Charlotte FC vs Chicago Fire,h2h,,MyBookie.ag,Draw,3.8000
2026-09-26T14:04:41+00:00,2a754d105ccf495bfaaef9a83c6d59fc,Charlotte FC vs Chicago Fire,h2h,,BetMGM,Charlotte FC,2.1500
2026-09-26T14:04:41+00:00,2a754d105ccf495bfaaef9a83c6d59fc,Charlotte FC vs Chicago Fire,h2h,,BetMGM,Chicago Fire,2.9500
2026-09-26T14:04:41+00:00,2a754d105ccf495bfaaef9a83c6d59fc,Charlotte FC vs Chicago Fire,h2h,,BetMGM,Draw,3.7000
2026-09-26T14:04:41+00:00,2a754d105ccf495bfaaef9a83c6d59fc,Charlotte FC vs Chicago Fire,h2h,,FanDuel,Charlotte FC,2.1000
2026-09-26T14:04:41+00:00,2a754d105ccf495bfaaef9a83c6d59fc,Charlotte FC vs Chicago Fire,h2h,,FanDuel,Chicago Fire,2.9000
2026-09-26T14:04:41+00:00,2a754d105ccf495bfaaef9a83c6d59fc,Charlotte FC vs Chicago Fire,h2h,,FanDuel,Draw,4.0000
2026-09-26T14:04:41+00:00,2a754d105ccf495bfaaef9a83c6d59fc,Charlotte FC vs Chicago Fire,h2h,,BetRivers,Charlotte FC,2.1700
2026-09-26T14:04:41+00:00,2a754d105ccf495bfaaef9a83c6d59fc,Charlotte FC vs Chicago Fire,h2h,,BetRivers,Chicago Fire,2.9000
2026-09-26T14:04:41+00:00,2a754d105ccf495bfaaef9a83c6d59fc,Charlotte FC vs Chicago Fire,h2h,,BetRivers,Draw,3.7500
2026-09-26T14:04:41+00:00,2a754d105ccf495bfaaef9a83c6d59fc,Charlotte FC vs Chicago Fire,h2h,,Bovada,Charlotte FC,2.1300
2026-09-26T14:04:41+00:00,2a754d105ccf495bfaaef9a83c6d59fc,Charlotte FC vs Chicago Fire,h2h,,Bovada,Chicago Fire,2.9500
2026-09-26T14:04:41+00:00,2a754d105ccf495bfaaef9a83c6d59fc,Charlotte FC vs Chicago Fire,h2h,,Bovada,Draw,3.9000
2026-09-26T14:04:41+00:00,2a754d105ccf495bfaaef9a83c6d59fc,Charlotte FC vs Chicago Fire,h2h,,DraftKings,Charlotte FC,2.1000
2026-09-26T14:04:41+00:00,2a754d105ccf495bfaaef9a83c6d59fc,Charlotte FC vs Chicago Fire,h2h,,DraftKings,Chicago Fire,2.9000
2026-09-26T14:04:41+00:00,2a754d105ccf495bfaaef9a83c6d59fc,Charlotte FC vs Chicago Fire,h2h,,DraftKings,Draw,3.7500
2026-09-26T14:04:41+00:00,2a754d105ccf495bfaaef9a83c6d59fc,Charlotte FC vs Chicago Fire,h2h,,LowVig.ag,Charlotte FC,2.1200
2026-09-26T14:04:41+00:00,2a754d105ccf495bfaaef9a83c6d59fc,Charlotte FC vs Chicago Fire,h2h,,LowVig.ag,Chicago Fire,3.1500
2026-09-26T14:04:41+00:00,2a754d105ccf495bfaaef9a83c6d59fc,Charlotte FC vs Chicago Fire,h2h,,LowVig.ag,Draw,4.0600
2026-09-26T14:04:41+00:00,2a754d105ccf495bfaaef9a83c6d59fc,Charlotte FC vs Chicago Fire,h2h,,BetOnline.ag,Charlotte FC,2.1200
2026-09-26T14:04:41+00:00,2a754d105ccf495bfaaef9a83c6d59fc,Charlotte FC vs Chicago Fire,h2h,,BetOnline.ag,Chicago Fire,3.1500
2026-09-26T14:04:41+00:00,2a754d105ccf495bfaaef9a83c6d59fc,Charlotte FC vs Chicago Fire,h2h,,BetOnline.ag,Draw,4.0600
2026-09-26T14:04:41+00:00,2a754d105ccf495bfaaef9a83c6d59fc,Charlotte FC vs Chicago Fire,h2h,,BetUS,Charlotte FC,2.1200
2026-09-26T14:04:41+00:00,2a754d105ccf495bfaaef9a83c6d59fc,Charlotte FC vs Chicago Fire,h2h,,BetUS,Chicago Fire,3.1500
2026-09-26T14:04:41+00:00,2a754d105ccf495bfaaef9a83c6d59fc,Charlotte FC vs Chicago Fire,h2h,,BetUS,Draw,4.0600
2026-09-26T14:04:41+00:00,2a754d105ccf495bfaaef9a83c6d59fc,Charlotte FC vs Chicago Fire,spreads,-0.5,MyBookie.ag,Charlotte FC -0.5,2.1100
2026-09-26T14:04:41+00:00,2a754d105ccf495bfaaef9a83c6d59fc,Charlotte FC vs Chicago Fire,spreads,0.5,MyBookie.ag,Chicago Fire +0.5,1.6800
2026-09-26T14:04:41+00:00,2a754d105ccf495bfaaef9a83c6d59fc,Charlotte FC vs Chicago Fire,spreads,-0.25,Bovada,Charlotte FC -0.25,1.8900
2026-09-26T14:04:41+00:00,2a754d105ccf495bfaaef9a83c6d59fc,Charlotte FC vs Chicago Fire,spreads,0.25,Bovada,Chicago Fire +0.25,1.9300
2026-09-26T14:04:41+00:00,2a754d105ccf495bfaaef9a83c6d59fc,Charlotte FC vs Chicago Fire,spreads,-0.5,LowVig.ag,Charlotte FC -0.5,2.1200
2026-09-26T14:04:41+00:00,2a754d105ccf495bfaaef9a83c6d59fc,Charlotte FC vs Chicago Fire,spreads,0.5,LowVig.ag,Chicago Fire +0.5,1.7200
2026-09-26T14:04:41+00:00,2a754d105ccf495bfaaef9a83c6d59fc,Charlotte FC vs Chicago Fire,spreads,-0.5,BetOnline.ag,Charlotte FC -0.5,2.1200
2026-09-26T14:04:41+00:00,2a754d105ccf495bfaaef9a83c6d59fc,Charlotte FC vs Chicago Fire,spreads,0.5,BetOnline.ag,Chicago Fire +0.5,1.7200
2026-09-26T14:04:41+00:00,2a754d105ccf495bfaaef9a83c6d59fc,Charlotte FC vs Chicago Fire,totals,3.5,MyBookie.ag,Over +3.5,2.0900
2026-09-26T14:04:41+00:00,2a754d105ccf495bfaaef9a83c6d59fc,Charlotte FC vs Chicago Fire,totals,3.5,MyBookie.ag,Under +3.5,1.6900
2026-09-26T14:04:41+00:00,2a754d105ccf495bfaaef9a83c6d59fc,Charlotte FC vs Chicago Fire,totals,3.5,BetMGM,Over +3.5,2.0500
2026-09-26T14:04:41+00:00,2a754d105ccf495bfaaef9a83c6d59fc,Charlotte FC vs Chicago Fire,totals,3.5,BetMGM,Under +3.5,1.6700
2026-09-26T14:04:41+00:00,2a754d105ccf495bfaaef9a83c6d59fc,Charlotte FC vs Chicago Fire,totals,3.5,BetRivers,Over +3.5,2.1400
2026-09-26T14:04:41+00:00,2a754d105ccf495bfaaef9a83c6d59fc,Charlotte FC vs Chicago Fire,totals,3.5,BetRivers,Under +3.5,1.6800
2026-09-26T14:04:41+00:00,2a754d105ccf495bfaaef9a83c6d59fc,Charlotte FC vs Chicago Fire,totals,3.25,Bovada,Over +3.25,1.8900
2026-09-26T14:04:41+00:00,2a754d105ccf495bfaaef9a83c6d59fc,Charlotte FC vs Chicago Fire,totals,3.25,Bovada,Under +3.25,1.9300
2026-09-26T14:04:41+00:00,2a754d105ccf495bfaaef9a83c6d59fc,Charlotte FC vs Chicago Fire,totals,3.5,LowVig.ag,Over +3.5,2.0800
2026-09-26T14:04:41+00:00,2a754d105ccf495bfaaef9a83c6d59fc,Charlotte FC vs Chicago Fire,totals,3.5,LowVig.ag,Under +3.5,1.7100
2026-09-26T14:04:41+00:00,2a754d105ccf495bfaaef9a83c6d59fc,Charlotte FC vs Chicago Fire,totals,3.5,BetOnline.ag,Over +3.5,2.0800
2026-09-26T14:04:41+00:00,2a754d105ccf495bfaaef9a83c6d59fc,Charlotte FC vs Chicago Fire,totals,3.5,BetOnline.ag,Under +3.5,1.7100
2026-09-26T14:04:41+00:00,2a754d105ccf495bfaaef9a83c6d59fc,Charlotte FC vs Chicago Fire,totals,3.5,BetUS,Over +3.5,2.1000
2026-09-26T14:04:41+00:00,2a754d105ccf495bfaaef9a83c6d59fc,Charlotte FC vs Chicago Fire,totals,3.5,BetUS,Under +3.5,1.7100
2026-09-26T14:04:41+00:00,100d634ff8a0f99befe1dd72ab97c506,New York Red Bulls vs St. Louis City SC,h2h,,BetMGM,New York Red Bulls,3.4000
2026-09-26T14:04:41+00:00,100d634ff8a0f99befe1dd72ab97c506,New York Red Bulls vs St. Louis City SC,h2h,,BetMGM,St. Louis City SC,1.8900
2026-09-26T14:04:41+00:00,100d634ff8a0f99befe1dd72ab97c506,New York Red Bulls vs St. Louis City SC,h2h,,BetMGM,Draw,4.0000
2026-09-26T14:04:41+00:00,100d634ff8a0f99befe1dd72ab97c506,New York Red Bulls vs St. Louis City SC,h2h,,MyBookie.ag,New York Red Bulls,3.6000
2026-09-26T14:04:41+00:00,100d634ff8a0f99befe1dd72ab97c506,New York Red Bulls vs St. Louis City SC,h2h,,MyBookie.ag,St. Louis City SC,1.8500
2026-09-26T14:04:41+00:00,100d634ff8a0f99befe1dd72ab97c506,New York Red Bulls vs St. Louis City SC,h2h,,MyBookie.ag,Draw,4.1000
2026-09-26T14:04:41+00:00,100d634ff8a0f99befe1dd72ab97c506,New York Red Bulls vs St. Louis City SC,h2h,,FanDuel,New York Red Bulls,3.6000
2026-09-26T14:04:41+00:00,100d634ff8a0f99befe1dd72ab97c506,New York Red Bulls vs St. Louis City SC,h2h,,FanDuel,St. Louis City SC,1.8000
2026-09-26T14:04:41+00:00,100d634ff8a0f99befe1dd72ab97c506,New York Red Bulls vs St. Louis City SC,h2h,,FanDuel,Draw,4.1000
2026-09-26T14:04:41+00:00,100d634ff8a0f99befe1dd72ab97c506,New York Red Bulls vs St. Louis City SC,h2h,,BetRivers,New York Red Bulls,3.5500
2026-09-26T14:04:41+00:00,100d634ff8a0f99befe1dd72ab97c506,New York Red Bulls vs St. Louis City SC,h2h,,BetRivers,St. Louis City SC,1.8500
2026-09-26T14:04:41+00:00,100d634ff8a0f99befe1dd72ab97c506,New York Red Bulls vs St. Louis City SC,h2h,,BetRivers,Draw,4.0000
2026-09-26T14:04:41+00:00,100d634ff8a0f99befe1dd72ab97c506,New York Red Bulls vs St. Louis City SC,h2h,,Bovada,New York Red Bulls,3.6500
2026-09-26T14:04:41+00:00,100d634ff8a0f99befe1dd72ab97c506,New York Red Bulls vs St. Louis City SC,h2h,,Bovada,St. Louis City SC,1.8200
2026-09-26T14:04:41+00:00,100d634ff8a0f99befe1dd72ab97c506,New York Red Bulls vs St. Louis City SC,h2h,,Bovada,Draw,4.1000
2026-09-26T14:04:41+00:00,100d634ff8a0f99befe1dd72ab97c506,New York Red Bulls vs St. Louis City SC,h2h,,DraftKings,New York Red Bulls,3.5500
2026-09-26T14:04:41+00:00,100d634ff8a0f99befe1dd72ab97c506,New York Red Bulls vs St. Louis City SC,h2h,,DraftKings,St. Louis City SC,1.8300
2026-09-26T14:04:41+00:00,100d634ff8a0f99befe1dd72ab97c506,New York Red Bulls vs St. Louis City SC,h2h,,DraftKings,Draw,4.0000
2026-09-26T14:04:41+00:00,100d634ff8a0f99befe1dd72ab97c506,New York Red Bulls vs St. Louis City SC,h2h,,BetUS,New York Red Bulls,3.6000
2026-09-26T14:04:41+00:00,100d634ff8a0f99befe1dd72ab97c506,New York Red Bulls vs St. Louis City SC,h2h,,BetUS,St. Louis City SC,1.8300
2026-09-26T14:04:41+00:00,100d634ff8a0f99befe1dd72ab97c506,New York Red Bulls vs St. Louis City SC,h2h,,BetUS,Draw,4.3300
2026-09-26T14:04:41+00:00,100d634ff8a0f99befe1dd72ab97c506,New York Red Bulls vs St. Louis City SC,totals,3.5,BetMGM,Over +3.5,1.9800
2026-09-26T14:04:41+00:00,100d634ff8a0f99befe1dd72ab97c506,New York Red Bulls vs St. Louis City SC,totals,3.5,BetMGM,Under +3.5,1.7100
2026-09-26T14:04:41+00:00,100d634ff8a0f99befe1dd72ab97c506,New York Red Bulls vs St. Louis City SC,totals,3.5,MyBookie.ag,Over +3.5,2.0300
2026-09-26T14:04:41+00:00,100d634ff8a0f99befe1dd72ab97c506,New York Red Bulls vs St. Louis City SC,totals,3.5,MyBookie.ag,Under +3.5,1.7300
2026-09-26T14:04:41+00:00,100d634ff8a0f99befe1dd72ab97c506,New York Red Bulls vs St. Louis City SC,totals,3.5,BetRivers,Over +3.5,2.0700
2026-09-26T14:04:41+00:00,100d634ff8a0f99befe1dd72ab97c506,New York Red Bulls vs St. Louis City SC,totals,3.5,BetRivers,Under +3.5,1.7200
2026-09-26T14:04:41+00:00,100d634ff8a0f99befe1dd72ab97c506,New York Red Bulls vs St. Louis City SC,totals,3.25,Bovada,Over +3.25,1.8300
2026-09-26T14:04:41+00:00,100d634ff8a0f99befe1dd72ab97c506,New York Red Bulls vs St. Louis City SC,totals,3.25,Bovada,Under +3.25,2.0000
2026-09-26T14:04:41+00:00,100d634ff8a0f99befe1dd72ab97c506,New York Red Bulls vs St. Louis City SC,totals,3.5,BetUS,Over +3.5,1.9500
2026-09-26T14:04:41+00:00,100d634ff8a0f99befe1dd72ab97c506,New York Red Bulls vs St. Louis City SC,totals,3.5,BetUS,Under +3.5,1.8000
2026-09-26T14:04:41+00:00,100d634ff8a0f99befe1dd72ab97c506,New York Red Bulls vs St. Louis City SC,spreads,0.5,MyBookie.ag,New York Red Bulls +0.5,1.9200
2026-09-26T14:04:41+00:00,100d634ff8a0f99befe1dd72ab97c506,New York Red Bulls vs St. Louis City SC,spreads,-0.5,MyBookie.ag,St. Louis City SC -0.5,1.8300
2026-09-26T14:04:41+00:00,100d634ff8a0f99befe1dd72ab97c506,New York Red Bulls vs St. Louis City SC,spreads,0.5,Bovada,New York Red Bulls +0.5,2.0000
2026-09-26T14:04:41+00:00,100d634ff8a0f99befe1dd72ab97c506,New York Red Bulls vs St. Louis City SC,spreads,-0.5,Bovada,St. Louis City SC -0.5,1.8300
2026-09-26T14:04:41+00:00,100d634ff8a0f99befe1dd72ab97c506,New York Red Bulls vs St. Louis City SC,spreads,0.5,BetUS,New York Red Bulls +0.5,1.9500
2026-09-26T14:04:41+00:00,100d634ff8a0f99befe1dd72ab97c506,New York Red Bulls vs St. Louis City SC,spreads,-0.5,BetUS,St. Louis City SC -0.5,1.8000
2026-09-26T14:04:41+00:00,a52987908b4656274e814c7d2579b9ca,Philadelphia Union vs Orlando City SC,h2h,,MyBookie.ag,Orlando City SC,5.4000
2026-09-26T14:04:41+00:00,a52987908b4656274e814c7d2579b9ca,Philadelphia Union vs Orlando City SC,h2h,,MyBookie.ag,Philadelphia Union,1.4700
2026-09-26T14:04:41+00:00,a52987908b4656274e814c7d2579b9ca,Philadelphia Union vs Orlando City SC,h2h,,MyBookie.ag,Draw,5.2000
2026-09-26T14:04:41+00:00,a52987908b4656274e814c7d2579b9ca,Philadelphia Union vs Orlando City SC,h2h,,BetMGM,Orlando City SC,5.2500
2026-09-26T14:04:41+00:00,a52987908b4656274e814c7d2579b9ca,Philadelphia Union vs Orlando City SC,h2h,,BetMGM,Philadelphia Union,1.4800
2026-09-26T14:04:41+00:00,a52987908b4656274e814c7d2579b9ca,Philadelphia Union vs Orlando City SC,h2h,,BetMGM,Draw,5.0000
2026-09-26T14:04:41+00:00,a52987908b4656274e814c7d2579b9ca,Philadelphia Union vs Orlando City SC,h2h,,FanDuel,Orlando City SC,5.7000
2026-09-26T14:04:41+00:00,a52987908b4656274e814c7d2579b9ca,Philadelphia Union vs Orlando City SC,h2h,,FanDuel,Philadelphia Union,1.4200
2026-09-26T14:04:41+00:00,a52987908b4656274e814c7d2579b9ca,Philadelphia Union vs Orlando City SC,h2h,,FanDuel,Draw,5.0000
2026-09-26T14:04:41+00:00,a52987908b4656274e814c7d2579b9ca,Philadelphia Union vs Orlando City SC,h2h,,BetRivers,Orlando City SC,5.7500
2026-09-26T14:04:41+00:00,a52987908b4656274e814c7d2579b9ca,Philadelphia Union vs Orlando City SC,h2h,,BetRivers,Philadelphia Union,1.4300
2026-09-26T14:04:41+00:00,a52987908b4656274e814c7d2579b9ca,Philadelphia Union vs Orlando City SC,h2h,,BetRivers,Draw,5.0000
2026-09-26T14:04:41+00:00,a52987908b4656274e814c7d2579b9ca,Philadelphia Union vs Orlando City SC,h2h,,Bovada,Orlando City SC,5.5000
2026-09-26T14:04:41+00:00,a52987908b4656274e814c7d2579b9ca,Philadelphia Union vs Orlando City SC,h2h,,Bovada,Philadelphia Union,1.4600
2026-09-26T14:04:41+00:00,a52987908b4656274e814c7d2579b9ca,Philadelphia Union vs Orlando City SC,h2h,,Bovada,Draw,5.0500
2026-09-26T14:04:41+00:00,a52987908b4656274e814c7d2579b9ca,Philadelphia Union vs Orlando City SC,h2h,,DraftKings,Orlando City SC,5.2500
2026-09-26T14:04:41+00:00,a52987908b4656274e814c7d2579b9ca,Philadelphia Union vs Orlando City SC,h2h,,DraftKings,Philadelphia Union,1.4400
2026-09-26T14:04:41+00:00,a52987908b4656274e814c7d2579b9ca,Philadelphia Union vs Orlando City SC,h2h,,DraftKings,Draw,5.0000
2026-09-26T14:04:41+00:00,a52987908b4656274e814c7d2579b9ca,Philadelphia Union vs Orlando City SC,h2h,,BetOnline.ag,Orlando City SC,6.0000
2026-09-26T14:04:41+00:00,a52987908b4656274e814c7d2579b9ca,Philadelphia Union vs Orlando City SC,h2h,,BetOnline.ag,Philadelphia Union,1.4700
2026-09-26T14:04:41+00:00,a52987908b4656274e814c7d2579b9ca,Philadelphia Union vs Orlando City SC,h2h,,BetOnline.ag,Draw,5.4000
2026-09-26T14:04:41+00:00,a52987908b4656274e814c7d2579b9ca,Philadelphia Union vs Orlando City SC,h2h,,LowVig.ag,Orlando City SC,6.0000
2026-09-26T14:04:41+00:00,a52987908b4656274e814c7d2579b9ca,Philadelphia Union vs Orlando City SC,h2h,,LowVig.ag,Philadelphia Union,1.4700
2026-09-26T14:04:41+00:00,a52987908b4656274e814c7d2579b9ca,Philadelphia Union vs Orlando City SC,h2h,,LowVig.ag,Draw,5.4000
2026-09-26T14:04:41+00:00,a52987908b4656274e814c7d2579b9ca,Philadelphia Union vs Orlando City SC,h2h,,BetUS,Orlando City SC,6.0000
2026-09-26T14:04:41+00:00,a52987908b4656274e814c7d2579b9ca,Philadelphia Union vs Orlando City SC,h2h,,BetUS,Philadelphia Union,1.4700
2026-09-26T14:04:41+00:00,a52987908b4656274e814c7d2579b9ca,Philadelphia Union vs Orlando City SC,h2h,,BetUS,Draw,5.4000
2026-09-26T14:04:41+00:00,a52987908b4656274e814c7d2579b9ca,Philadelphia Union vs Orlando City SC,spreads,1.5,MyBookie.ag,Orlando City SC +1.5,1.7100
2026-09-26T14:04:41+00:00,a52987908b4656274e814c7d2579b9ca,Philadelphia Union vs Orlando City SC,spreads,-1.5,MyBookie.ag,Philadelphia Union -1.5,2.0600
2026-09-26T14:04:41+00:00,a52987908b4656274e814c7d2579b9ca,Philadelphia Union vs Orlando City SC,spreads,1.25,Bovada,Orlando City SC +1.25,1.9300
2026-09-26T14:04:41+00:00,a52987908b4656274e814c7d2579b9ca,Philadelphia Union vs Orlando City SC,spreads,-1.25,Bovada,Philadelphia Union -1.25,1.8900
2026-09-26T14:04:41+00:00,a52987908b4656274e814c7d2579b9ca,Philadelphia Union vs Orlando City SC,spreads,1.5,BetOnline.ag,Orlando City SC +1.5,1.8000
2026-09-26T14:04:41+00:00,a52987908b4656274e814c7d2579b9ca,Philadelphia Union vs Orlando City SC,spreads,-1.5,BetOnline.ag,Philadelphia Union -1.5,2.0200
2026-09-26T14:04:41+00:00,a52987908b4656274e814c7d2579b9ca,Philadelphia Union vs Orlando City SC,spreads,1.5,LowVig.ag,Orlando City SC +1.5,1.8000
2026-09-26T14:04:41+00:00,a52987908b4656274e814c7d2579b9ca,Philadelphia Union vs Orlando City SC,spreads,-1.5,LowVig.ag,Philadelphia Union -1.5,2.0200
2026-09-26T14:04:41+00:00,a52987908b4656274e814c7d2579b9ca,Philadelphia Union vs Orlando City SC,totals,4.0,MyBookie.ag,Over +4,2.0400
2026-09-26T14:04:41+00:00,a52987908b4656274e814c7d2579b9ca,Philadelphia Union vs Orlando City SC,totals,4.0,MyBookie.ag,Under +4,1.7200
2026-09-26T14:04:41+00:00,a52987908b4656274e814c7d2579b9ca,Philadelphia Union vs Orlando City SC,totals,3.5,BetMGM,Over +3.5,1.6500
2026-09-26T14:04:41+00:00,a52987908b4656274e814c7d2579b9ca,Philadelphia Union vs Orlando City SC,totals,3.5,BetMGM,Under +3.5,2.1000
2026-09-26T14:04:41+00:00,a52987908b4656274e814c7d2579b9ca,Philadelphia Union vs Orlando City SC,totals,3.5,BetRivers,Over +3.5,1.7100
2026-09-26T14:04:41+00:00,a52987908b4656274e814c7d2579b9ca,Philadelphia Union vs Orlando City SC,totals,3.5,BetRivers,Under +3.5,2.0800
2026-09-26T14:04:41+00:00,a52987908b4656274e814c7d2579b9ca,Philadelphia Union vs Orlando City SC,totals,3.75,Bovada,Over +3.75,1.8500
2026-09-26T14:04:41+00:00,a52987908b4656274e814c7d2579b9ca,Philadelphia Union vs Orlando City SC,totals,3.75,Bovada,Under +3.75,1.9800
2026-09-26T14:04:41+00:00,a52987908b4656274e814c7d2579b9ca,Philadelphia Union vs Orlando City SC,totals,4.0,BetOnline.ag,Over +4,2.0200
2026-09-26T14:04:41+00:00,a52987908b4656274e814c7d2579b9ca,Philadelphia Union vs Orlando City SC,totals,4.0,BetOnline.ag,Under +4,1.7700
2026-09-26T14:04:41+00:00,a52987908b4656274e814c7d2579b9ca,Philadelphia Union vs Orlando City SC,totals,4.0,LowVig.ag,Over +4,2.0200
2026-09-26T14:04:41+00:00,a52987908b4656274e814c7d2579b9ca,Philadelphia Union vs Orlando City SC,totals,4.0,LowVig.ag,Under +4,1.7700
2026-09-26T14:04:41+00:00,a52987908b4656274e814c7d2579b9ca,Philadelphia Union vs Orlando City SC,totals,4.0,BetUS,Over +4,2.0000
2026-09-26T14:04:41+00:00,a52987908b4656274e814c7d2579b9ca,Philadelphia Union vs Orlando City SC,totals,4.0,BetUS,Under +4,1.7700
2026-09-26T14:04:41+00:00,6cdd0470f4d9a8203545204db4fb70fa,Austin FC vs San Diego FC,h2h,,MyBookie.ag,Austin FC,2.4100
2026-09-26T14:04:41+00:00,6cdd0470f4d9a8203545204db4fb70fa,Austin FC vs San Diego FC,h2h,,MyBookie.ag,San Diego FC,2.7100
2026-09-26T14:04:41+00:00,6cdd0470f4d9a8203545204db4fb70fa,Austin FC vs San Diego FC,h2h,,MyBookie.ag,Draw,3.6500
2026-09-26T14:04:41+00:00,6cdd0470f4d9a8203545204db4fb70fa,Austin FC vs San Diego FC,h2h,,BetMGM,Austin FC,2.3800
2026-09-26T14:04:41+00:00,6cdd0470f4d9a8203545204db4fb70fa,Austin FC vs San Diego FC,h2h,,BetMGM,San Diego FC,2.6500
2026-09-26T14:04:41+00:00,6cdd0470f4d9a8203545204db4fb70fa,Austin FC vs San Diego FC,h2h,,BetMGM,Draw,3.6000
2026-09-26T14:04:41+00:00,6cdd0470f4d9a8203545204db4fb70fa,Austin FC vs San Diego FC,h2h,,FanDuel,Austin FC,2.3500
2026-09-26T14:04:41+00:00,6cdd0470f4d9a8203545204db4fb70fa,Austin FC vs San Diego FC,h2h,,FanDuel,San Diego FC,2.7000
2026-09-26T14:04:41+00:00,6cdd0470f4d9a8203545204db4fb70fa,Austin FC vs San Diego FC,h2h,,FanDuel,Draw,3.7000
2026-09-26T14:04:41+00:00,6cdd0470f4d9a8203545204db4fb70fa,Austin FC vs San Diego FC,h2h,,BetRivers,Austin FC,2.3800
2026-09-26T14:04:41+00:00,6cdd0470f4d9a8203545204db4fb70fa,Austin FC vs San Diego FC,h2h,,BetRivers,San Diego FC,2.7000
2026-09-26T14:04:41+00:00,6cdd0470f4d9a8203545204db4fb70fa,Austin FC vs San Diego FC,h2h,,BetRivers,Draw,3.5000
2026-09-26T14:04:41+00:00,6cdd0470f4d9a8203545204db4fb70fa,Austin FC vs San Diego FC,h2h,,BetUS,Austin FC,2.5000
2026-09-26T14:04:41+00:00,6cdd0470f4d9a8203545204db4fb70fa,Austin FC vs San Diego FC,h2h,,BetUS,San Diego FC,2.8000
2026-09-26T14:04:41+00:00,6cdd0470f4d9a8203545204db4fb70fa,Austin FC vs San Diego FC,h2h,,BetUS,Draw,3.6500
2026-09-26T14:04:41+00:00,6cdd0470f4d9a8203545204db4fb70fa,Austin FC vs San Diego FC,h2h,,LowVig.ag,Austin FC,2.4900
2026-09-26T14:04:41+00:00,6cdd0470f4d9a8203545204db4fb70fa,Austin FC vs San Diego FC,h2h,,LowVig.ag,San Diego FC,2.7900
2026-09-26T14:04:41+00:00,6cdd0470f4d9a8203545204db4fb70fa,Austin FC vs San Diego FC,h2h,,LowVig.ag,Draw,3.6400
2026-09-26T14:04:41+00:00,6cdd0470f4d9a8203545204db4fb70fa,Austin FC vs San Diego FC,h2h,,BetOnline.ag,Austin FC,2.4900
2026-09-26T14:04:41+00:00,6cdd0470f4d9a8203545204db4fb70fa,Austin FC vs San Diego FC,h2h,,BetOnline.ag,San Diego FC,2.7900
2026-09-26T14:04:41+00:00,6cdd0470f4d9a8203545204db4fb70fa,Austin FC vs San Diego FC,h2h,,BetOnline.ag,Draw,3.6400
2026-09-26T14:04:41+00:00,6cdd0470f4d9a8203545204db4fb70fa,Austin FC vs San Diego FC,h2h,,DraftKings,Austin FC,2.4000
2026-09-26T14:04:41+00:00,6cdd0470f4d9a8203545204db4fb70fa,Austin FC vs San Diego FC,h2h,,DraftKings,San Diego FC,2.6500
2026-09-26T14:04:41+00:00,6cdd0470f4d9a8203545204db4fb70fa,Austin FC vs San Diego FC,h2h,,DraftKings,Draw,3.5000
2026-09-26T14:04:41+00:00,6cdd0470f4d9a8203545204db4fb70fa,Austin FC vs San Diego FC,h2h,,Bovada,Austin FC,2.4300
2026-09-26T14:04:41+00:00,6cdd0470f4d9a8203545204db4fb70fa,Austin FC vs San Diego FC,h2h,,Bovada,San Diego FC,2.7200
2026-09-26T14:04:41+00:00,6cdd0470f4d9a8203545204db4fb70fa,Austin FC vs San Diego FC,h2h,,Bovada,Draw,3.5000
2026-09-26T14:04:41+00:00,6cdd0470f4d9a8203545204db4fb70fa,Austin FC vs San Diego FC,spreads,0.0,MyBookie.ag,Austin FC +0,1.7700
2026-09-26T14:04:41+00:00,6cdd0470f4d9a8203545204db4fb70fa,Austin FC vs San Diego FC,spreads,0.0,MyBookie.ag,San Diego FC +0,1.9800
2026-09-26T14:04:41+00:00,6cdd0470f4d9a8203545204db4fb70fa,Austin FC vs San Diego FC,spreads,0.0,BetUS,Austin FC +0,1.7700
2026-09-26T14:04:41+00:00,6cdd0470f4d9a8203545204db4fb70fa,Austin FC vs San Diego FC,spreads,0.0,BetUS,San Diego FC +0,2.0000
2026-09-26T14:04:41+00:00,6cdd0470f4d9a8203545204db4fb70fa,Austin FC vs San Diego FC,spreads,0.0,LowVig.ag,Austin FC +0,1.8500
2026-09-26T14:04:41+00:00,6cdd0470f4d9a8203545204db4fb70fa,Austin FC vs San Diego FC,spreads,0.0,LowVig.ag,San Diego FC +0,1.9600
2026-09-26T14:04:41+00:00,6cdd0470f4d9a8203545204db4fb70fa,Austin FC vs San Diego FC,spreads,0.0,BetOnline.ag,Austin FC +0,1.8500
2026-09-26T14:04:41+00:00,6cdd0470f4d9a8203545204db4fb70fa,Austin FC vs San Diego FC,spreads,0.0,BetOnline.ag,San Diego FC +0,1.9600
2026-09-26T14:04:41+00:00,6cdd0470f4d9a8203545204db4fb70fa,Austin FC vs San Diego FC,spreads,0.0,Bovada,Austin FC +0,1.8200
2026-09-26T14:04:41+00:00,6cdd0470f4d9a8203545204db4fb70fa,Austin FC vs San Diego FC,spreads,0.0,Bovada,San Diego FC +0,2.0200
2026-09-26T14:04:41+00:00,6cdd0470f4d9a8203545204db4fb70fa,Austin FC vs San Diego FC,totals,3.0,MyBookie.ag,Over +3,1.9000
2026-09-26T14:04:41+00:00,6cdd0470f4d9a8203545204db4fb70fa,Austin FC vs San Diego FC,totals,3.0,MyBookie.ag,Under +3,1.8400
2026-09-26T14:04:41+00:00,6cdd0470f4d9a8203545204db4fb70fa,Austin FC vs San Diego FC,totals,2.5,BetMGM,Over +2.5,1.5300
2026-09-26T14:04:41+00:00,6cdd0470f4d9a8203545204db4fb70fa,Austin FC vs San Diego FC,totals,2.5,BetMGM,Under +2.5,2.3000
2026-09-26T14:04:41+00:00,6cdd0470f4d9a8203545204db4fb70fa,Austin FC vs San Diego FC,totals,2.5,BetRivers,Over +2.5,1.6000
2026-09-26T14:04:41+00:00,6cdd0470f4d9a8203545204db4fb70fa,Austin FC vs San Diego FC,totals,2.5,BetRivers,Under +2.5,2.2800
2026-09-26T14:04:41+00:00,6cdd0470f4d9a8203545204db4fb70fa,Austin FC vs San Diego FC,totals,3.0,BetUS,Over +3,1.9100
2026-09-26T14:04:41+00:00,6cdd0470f4d9a8203545204db4fb70fa,Austin FC vs San Diego FC,totals,3.0,BetUS,Under +3,1.8300
2026-09-26T14:04:41+00:00,6cdd0470f4d9a8203545204db4fb70fa,Austin FC vs San Diego FC,totals,3.0,LowVig.ag,Over +3,1.9400
2026-09-26T14:04:41+00:00,6cdd0470f4d9a8203545204db4fb70fa,Austin FC vs San Diego FC,totals,3.0,LowVig.ag,Under +3,1.8200
2026-09-26T14:04:41+00:00,6cdd0470f4d9a8203545204db4fb70fa,Austin FC vs San Diego FC,totals,3.0,BetOnline.ag,Over +3,1.9400
2026-09-26T14:04:41+00:00,6cdd0470f4d9a8203545204db4fb70fa,Austin FC vs San Diego FC,totals,3.0,BetOnline.ag,Under +3,1.8200
2026-09-26T14:04:41+00:00,6cdd0470f4d9a8203545204db4fb70fa,Austin FC vs San Diego FC,totals,3.0,Bovada,Over +3,1.9800
2026-09-26T14:04:41+00:00,6cdd0470f4d9a8203545204db4fb70fa,Austin FC vs San Diego FC,totals,3.0,Bovada,Under +3,1.8500
2026-09-26T14:04:41+00:00,1939426b2ba9d98c1142822d3187a776,FC Dallas vs Los Angeles FC,h2h,,BetMGM,FC Dallas,2.2500
2026-09-26T14:04:41+00:00,1939426b2ba9d98c1142822d3187a776,FC Dallas vs Los Angeles FC,h2h,,BetMGM,Los Angeles FC,2.8500
2026-09-26T14:04:41+00:00,1939426b2ba9d98c1142822d3187a776,FC Dallas vs Los Angeles FC,h2h,,BetMGM,Draw,3.5000
2026-09-26T14:04:41+00:00,1939426b2ba9d98c1142822d3187a776,FC Dallas vs Los Angeles FC,h2h,,MyBookie.ag,FC Dallas,2.3000
2026-09-26T14:04:41+00:00,1939426b2ba9d98c1142822d3187a776,FC Dallas vs Los Angeles FC,h2h,,MyBookie.ag,Los Angeles FC,2.8200
2026-09-26T14:04:41+00:00,1939426b2ba9d98c1142822d3187a776,FC Dallas vs Los Angeles FC,h2h,,MyBookie.ag,Draw,3.7000
2026-09-26T14:04:41+00:00,1939426b2ba9d98c1142822d3187a776,FC Dallas vs Los Angeles FC,h2h,,FanDuel,FC Dallas,2.2000
2026-09-26T14:04:41+00:00,1939426b2ba9d98c1142822d3187a776,FC Dallas vs Los Angeles FC,h2h,,FanDuel,Los Angeles FC,2.8500
2026-09-26T14:04:41+00:00,1939426b2ba9d98c1142822d3187a776,FC Dallas vs Los Angeles FC,h2h,,FanDuel,Draw,3.8000
2026-09-26T14:04:41+00:00,1939426b2ba9d98c1142822d3187a776,FC Dallas vs Los Angeles FC,h2h,,BetRivers,FC Dallas,2.3200
2026-09-26T14:04:41+00:00,1939426b2ba9d98c1142822d3187a776,FC Dallas vs Los Angeles FC,h2h,,BetRivers,Los Angeles FC,2.8000
2026-09-26T14:04:41+00:00,1939426b2ba9d98c1142822d3187a776,FC Dallas vs Los Angeles FC,h2h,,BetRivers,Draw,3.5000
2026-09-26T14:04:41+00:00,1939426b2ba9d98c1142822d3187a776,FC Dallas vs Los Angeles FC,h2h,,Bovada,FC Dallas,2.2300
2026-09-26T14:04:41+00:00,1939426b2ba9d98c1142822d3187a776,FC Dallas vs Los Angeles FC,h2h,,Bovada,Los Angeles FC,2.9300
2026-09-26T14:04:41+00:00,1939426b2ba9d98c1142822d3187a776,FC Dallas vs Los Angeles FC,h2h,,Bovada,Draw,3.6500
2026-09-26T14:04:41+00:00,1939426b2ba9d98c1142822d3187a776,FC Dallas vs Los Angeles FC,h2h,,DraftKings,FC Dallas,2.2500
2026-09-26T14:04:41+00:00,1939426b2ba9d98c1142822d3187a776,FC Dallas vs Los Angeles FC,h2h,,DraftKings,Los Angeles FC,2.8000
2026-09-26T14:04:41+00:00,1939426b2ba9d98c1142822d3187a776,FC Dallas vs Los Angeles FC,h2h,,DraftKings,Draw,3.5500
2026-09-26T14:04:41+00:00,1939426b2ba9d98c1142822d3187a776,FC Dallas vs Los Angeles FC,h2h,,LowVig.ag,FC Dallas,2.3100
2026-09-26T14:04:41+00:00,1939426b2ba9d98c1142822d3187a776,FC Dallas vs Los Angeles FC,h2h,,LowVig.ag,Los Angeles FC,2.9300
2026-09-26T14:04:41+00:00,1939426b2ba9d98c1142822d3187a776,FC Dallas vs Los Angeles FC,h2h,,LowVig.ag,Draw,3.8300
2026-09-26T14:04:41+00:00,1939426b2ba9d98c1142822d3187a776,FC Dallas vs Los Angeles FC,h2h,,BetOnline.ag,FC Dallas,2.3100
2026-09-26T14:04:41+00:00,1939426b2ba9d98c1142822d3187a776,FC Dallas vs Los Angeles FC,h2h,,BetOnline.ag,Los Angeles FC,2.9300
2026-09-26T14:04:41+00:00,1939426b2ba9d98c1142822d3187a776,FC Dallas vs Los Angeles FC,h2h,,BetOnline.ag,Draw,3.8300
2026-09-26T14:04:41+00:00,1939426b2ba9d98c1142822d3187a776,FC Dallas vs Los Angeles FC,h2h,,BetUS,FC Dallas,2.3100
2026-09-26T14:04:41+00:00,1939426b2ba9d98c1142822d3187a776,FC Dallas vs Los Angeles FC,h2h,,BetUS,Los Angeles FC,2.9300
2026-09-26T14:04:41+00:00,1939426b2ba9d98c1142822d3187a776,FC Dallas vs Los Angeles FC,h2h,,BetUS,Draw,3.8300
2026-09-26T14:04:41+00:00,1939426b2ba9d98c1142822d3187a776,FC Dallas vs Los Angeles FC,totals,2.5,BetMGM,Over +2.5,1.5700
2026-09-26T14:04:41+00:00,1939426b2ba9d98c1142822d3187a776,FC Dallas vs Los Angeles FC,totals,2.5,BetMGM,Under +2.5,2.2000
2026-09-26T14:04:41+00:00,1939426b2ba9d98c1142822d3187a776,FC Dallas vs Los Angeles FC,totals,3.0,MyBookie.ag,Over +3,1.9300
2026-09-26T14:04:41+00:00,1939426b2ba9d98c1142822d3187a776,FC Dallas vs Los Angeles FC,totals,3.0,MyBookie.ag,Under +3,1.8100
2026-09-26T14:04:41+00:00,1939426b2ba9d98c1142822d3187a776,FC Dallas vs Los Angeles FC,totals,2.5,BetRivers,Over +2.5,1.6000
2026-09-26T14:04:41+00:00,1939426b2ba9d98c1142822d3187a776,FC Dallas vs Los Angeles FC,totals,2.5,BetRivers,Under +2.5,2.3000
2026-09-26T14:04:41+00:00,1939426b2ba9d98c1142822d3187a776,FC Dallas vs Los Angeles FC,totals,3.0,Bovada,Over +3,2.0500
2026-09-26T14:04:41+00:00,1939426b2ba9d98c1142822d3187a776,FC Dallas vs Los Angeles FC,totals,3.0,Bovada,Under +3,1.8000
2026-09-26T14:04:41+00:00,1939426b2ba9d98c1142822d3187a776,FC Dallas vs Los Angeles FC,totals,3.0,LowVig.ag,Over +3,1.9300
2026-09-26T14:04:41+00:00,1939426b2ba9d98c1142822d3187a776,FC Dallas vs Los Angeles FC,totals,3.0,LowVig.ag,Under +3,1.8500
2026-09-26T14:04:41+00:00,1939426b2ba9d98c1142822d3187a776,FC Dallas vs Los Angeles FC,totals,3.0,BetOnline.ag,Over +3,1.9300
2026-09-26T14:04:41+00:00,1939426b2ba9d98c1142822d3187a776,FC Dallas vs Los Angeles FC,totals,3.0,BetOnline.ag,Under +3,1.8500
2026-09-26T14:04:41+00:00,1939426b2ba9d98c1142822d3187a776,FC Dallas vs Los Angeles FC,totals,3.0,BetUS,Over +3,1.8700
2026-09-26T14:04:41+00:00,1939426b2ba9d98c1142822d3187a776,FC Dallas vs Los Angeles FC,totals,3.0,BetUS,Under +3,1.8700
2026-09-26T14:04:41+00:00,1939426b2ba9d98c1142822d3187a776,FC Dallas vs Los Angeles FC,spreads,0.0,MyBookie.ag,FC Dallas +0,1.7000
2026-09-26T14:04:41+00:00,1939426b2ba9d98c1142822d3187a776,FC Dallas vs Los Angeles FC,spreads,0.0,MyBookie.ag,Los Angeles FC +0,2.0700
2026-09-26T14:04:41+00:00,1939426b2ba9d98c1142822d3187a776,FC Dallas vs Los Angeles FC,spreads,-0.25,Bovada,FC Dallas -0.25,1.9500
2026-09-26T14:04:41+00:00,1939426b2ba9d98c1142822d3187a776,FC Dallas vs Los Angeles FC,spreads,0.25,Bovada,Los Angeles FC +0.25,1.8700
2026-09-26T14:04:41+00:00,1939426b2ba9d98c1142822d3187a776,FC Dallas vs Los Angeles FC,spreads,0.0,LowVig.ag,FC Dallas +0,1.6800
2026-09-26T14:04:41+00:00,1939426b2ba9d98c1142822d3187a776,FC Dallas vs Los Angeles FC,spreads,0.0,LowVig.ag,Los Angeles FC +0,2.1700
2026-09-26T14:04:41+00:00,1939426b2ba9d98c1142822d3187a776,FC Dallas vs Los Angeles FC,spreads,0.0,BetOnline.ag,FC Dallas +0,1.6800
2026-09-26T14:04:41+00:00,1939426b2ba9d98c1142822d3187a776,FC Dallas vs Los Angeles FC,spreads,0.0,BetOnline.ag,Los Angeles FC +0,2.1700
2026-09-26T14:04:41+00:00,90aa497bc4133c692471f90b436075cd,Houston Dynamo vs Sporting Kansas City,h2h,,BetMGM,Houston Dynamo,1.5700
2026-09-26T14:04:41+00:00,90aa497bc4133c692471f90b436075cd,Houston Dynamo vs Sporting Kansas City,h2h,,BetMGM,Sporting Kansas City,5.0000
2026-09-26T14:04:41+00:00,90aa497bc4133c692471f90b436075cd,Houston Dynamo vs Sporting Kansas City,h2h,,BetMGM,Draw,4.2000
2026-09-26T14:04:41+00:00,90aa497bc4133c692471f90b436075cd,Houston Dynamo vs Sporting Kansas City,h2h,,FanDuel,Houston Dynamo,1.5300
2026-09-26T14:04:41+00:00,90aa497bc4133c692471f90b436075cd,Houston Dynamo vs Sporting Kansas City,h2h,,FanDuel,Sporting Kansas City,5.3000
2026-09-26T14:04:41+00:00,90aa497bc4133c692471f90b436075cd,Houston Dynamo vs Sporting Kansas City,h2h,,FanDuel,Draw,4.4000
2026-09-26T14:04:41+00:00,90aa497bc4133c692471f90b436075cd,Houston Dynamo vs Sporting Kansas City,h2h,,MyBookie.ag,Houston Dynamo,1.5800
2026-09-26T14:04:41+00:00,90aa497bc4133c692471f90b436075cd,Houston Dynamo vs Sporting Kansas City,h2h,,MyBookie.ag,Sporting Kansas City,5.1000
2026-09-26T14:04:41+00:00,90aa497bc4133c692471f90b436075cd,Houston Dynamo vs Sporting Kansas City,h2h,,MyBookie.ag,Draw,4.3000
2026-09-26T14:04:41+00:00,90aa497bc4133c692471f90b436075cd,Houston Dynamo vs Sporting Kansas City,h2h,,BetRivers,Houston Dynamo,1.5100
2026-09-26T14:04:41+00:00,90aa497bc4133c692471f90b436075cd,Houston Dynamo vs Sporting Kansas City,h2h,,BetRivers,Sporting Kansas City,5.6000
2026-09-26T14:04:41+00:00,90aa497bc4133c692471f90b436075cd,Houston Dynamo vs Sporting Kansas City,h2h,,BetRivers,Draw,4.3000
2026-09-26T14:04:41+00:00,90aa497bc4133c692471f90b436075cd,Houston Dynamo vs Sporting Kansas City,h2h,,Bovada,Houston Dynamo,1.5700
2026-09-26T14:04:41+00:00,90aa497bc4133c692471f90b436075cd,Houston Dynamo vs Sporting Kansas City,h2h,,Bovada,Sporting Kansas City,5.1000
2026-09-26T14:04:41+00:00,90aa497bc4133c692471f90b436075cd,Houston Dynamo vs Sporting Kansas City,h2h,,Bovada,Draw,4.3000
2026-09-26T14:04:41+00:00,90aa497bc4133c692471f90b436075cd,Houston Dynamo vs Sporting Kansas City,h2h,,DraftKings,Houston Dynamo,1.5600
2026-09-26T14:04:41+00:00,90aa497bc4133c692471f90b436075cd,Houston Dynamo vs Sporting Kansas City,h2h,,DraftKings,Sporting Kansas City,5.0000
2026-09-26T14:04:41+00:00,90aa497bc4133c692471f90b436075cd,Houston Dynamo vs Sporting Kansas City,h2h,,DraftKings,Draw,4.2000
2026-09-26T14:04:41+00:00,90aa497bc4133c692471f90b436075cd,Houston Dynamo vs Sporting Kansas City,h2h,,BetOnline.ag,Houston Dynamo,1.5900
2026-09-26T14:04:41+00:00,90aa497bc4133c692471f90b436075cd,Houston Dynamo vs Sporting Kansas City,h2h,,BetOnline.ag,Sporting Kansas City,5.4000
2026-09-26T14:04:41+00:00,90aa497bc4133c692471f90b436075cd,Houston Dynamo vs Sporting Kansas City,h2h,,BetOnline.ag,Draw,4.5500
2026-09-26T14:04:41+00:00,90aa497bc4133c692471f90b436075cd,Houston Dynamo vs Sporting Kansas City,h2h,,LowVig.ag,Houston Dynamo,1.5900
2026-09-26T14:04:41+00:00,90aa497bc4133c692471f90b436075cd,Houston Dynamo vs Sporting Kansas City,h2h,,LowVig.ag,Sporting Kansas City,5.4000
2026-09-26T14:04:41+00:00,90aa497bc4133c692471f90b436075cd,Houston Dynamo vs Sporting Kansas City,h2h,,LowVig.ag,Draw,4.5500
2026-09-26T14:04:41+00:00,90aa497bc4133c692471f90b436075cd,Houston Dynamo vs Sporting Kansas City,h2h,,BetUS,Houston Dynamo,1.5900
2026-09-26T14:04:41+00:00,90aa497bc4133c692471f90b436075cd,Houston Dynamo vs Sporting Kansas City,h2h,,BetUS,Sporting Kansas City,5.4000
2026-09-26T14:04:41+00:00,90aa497bc4133c692471f90b436075cd,Houston Dynamo vs Sporting Kansas City,h2h,,BetUS,Draw,4.5500
2026-09-26T14:04:41+00:00,90aa497bc4133c692471f90b436075cd,Houston Dynamo vs Sporting Kansas City,totals,2.5,BetMGM,Over +2.5,1.5700
2026-09-26T14:04:41+00:00,90aa497bc4133c692471f90b436075cd,Houston Dynamo vs Sporting Kansas City,totals,2.5,BetMGM,Under +2.5,2.2500
2026-09-26T14:04:41+00:00,90aa497bc4133c692471f90b436075cd,Houston Dynamo vs Sporting Kansas City,totals,3.0,MyBookie.ag,Over +3,1.9200
2026-09-26T14:04:41+00:00,90aa497bc4133c692471f90b436075cd,Houston Dynamo vs Sporting Kansas City,totals,3.0,MyBookie.ag,Under +3,1.8300
2026-09-26T14:04:41+00:00,90aa497bc4133c692471f90b436075cd,Houston Dynamo vs Sporting Kansas City,totals,2.5,BetRivers,Over +2.5,1.6100
2026-09-26T14:04:41+00:00,90aa497bc4133c692471f90b436075cd,Houston Dynamo vs Sporting Kansas City,totals,2.5,BetRivers,Under +2.5,2.2500
2026-09-26T14:04:41+00:00,90aa497bc4133c692471f90b436075cd,Houston Dynamo vs Sporting Kansas City,totals,3.0,Bovada,Over +3,2.0000
2026-09-26T14:04:41+00:00,90aa497bc4133c692471f90b436075cd,Houston Dynamo vs Sporting Kansas City,totals,3.0,Bovada,Under +3,1.8300
2026-09-26T14:04:41+00:00,90aa497bc4133c692471f90b436075cd,Houston Dynamo vs Sporting Kansas City,totals,3.0,BetOnline.ag,Over +3,1.9300
2026-09-26T14:04:41+00:00,90aa497bc4133c692471f90b436075cd,Houston Dynamo vs Sporting Kansas City,totals,3.0,BetOnline.ag,Under +3,1.8300
2026-09-26T14:04:41+00:00,90aa497bc4133c692471f90b436075cd,Houston Dynamo vs Sporting Kansas City,totals,3.0,LowVig.ag,Over +3,1.9300
2026-09-26T14:04:41+00:00,90aa497bc4133c692471f90b436075cd,Houston Dynamo vs Sporting Kansas City,totals,3.0,LowVig.ag,Under +3,1.8300
2026-09-26T14:04:41+00:00,90aa497bc4133c692471f90b436075cd,Houston Dynamo vs Sporting Kansas City,totals,3.0,BetUS,Over +3,1.9100
2026-09-26T14:04:41+00:00,90aa497bc4133c692471f90b436075cd,Houston Dynamo vs Sporting Kansas City,totals,3.0,BetUS,Under +3,1.8300
2026-09-26T14:04:41+00:00,90aa497bc4133c692471f90b436075cd,Houston Dynamo vs Sporting Kansas City,spreads,-1.0,MyBookie.ag,Houston Dynamo -1,1.9300
2026-09-26T14:04:41+00:00,90aa497bc4133c692471f90b436075cd,Houston Dynamo vs Sporting Kansas City,spreads,1.0,MyBookie.ag,Sporting Kansas City +1,1.8200
2026-09-26T14:04:41+00:00,90aa497bc4133c692471f90b436075cd,Houston Dynamo vs Sporting Kansas City,spreads,-1.0,Bovada,Houston Dynamo -1,1.9800
2026-09-26T14:04:41+00:00,90aa497bc4133c692471f90b436075cd,Houston Dynamo vs Sporting Kansas City,spreads,1.0,Bovada,Sporting Kansas City +1,1.8500
2026-09-26T14:04:41+00:00,90aa497bc4133c692471f90b436075cd,Houston Dynamo vs Sporting Kansas City,spreads,-1.0,BetOnline.ag,Houston Dynamo -1,1.9200
2026-09-26T14:04:41+00:00,90aa497bc4133c692471f90b436075cd,Houston Dynamo vs Sporting Kansas City,spreads,1.0,BetOnline.ag,Sporting Kansas City +1,1.9000
2026-09-26T14:04:41+00:00,90aa497bc4133c692471f90b436075cd,Houston Dynamo vs Sporting Kansas City,spreads,-1.0,LowVig.ag,Houston Dynamo -1,1.9200
2026-09-26T14:04:41+00:00,90aa497bc4133c692471f90b436075cd,Houston Dynamo vs Sporting Kansas City,spreads,1.0,LowVig.ag,Sporting Kansas City +1,1.9000
2026-09-26T14:04:41+00:00,90aa497bc4133c692471f90b436075cd,Houston Dynamo vs Sporting Kansas City,spreads,-1.0,BetUS,Houston Dynamo -1,1.8700
2026-09-26T14:04:41+00:00,90aa497bc4133c692471f90b436075cd,Houston Dynamo vs Sporting Kansas City,spreads,1.0,BetUS,Sporting Kansas City +1,1.8700
2026-09-26T14:04:41+00:00,003eff33b6407de9fa90cb8eb8272628,Seattle Sounders FC vs Minnesota United FC,h2h,,BetMGM,Minnesota United FC,3.1000
2026-09-26T14:04:41+00:00,003eff33b6407de9fa90cb8eb8272628,Seattle Sounders FC vs Minnesota United FC,h2h,,BetMGM,Seattle Sounders FC,2.1000
2026-09-26T14:04:41+00:00,003eff33b6407de9fa90cb8eb8272628,Seattle Sounders FC vs Minnesota United FC,h2h,,BetMGM,Draw,3.7000
2026-09-26T14:04:41+00:00,003eff33b6407de9fa90cb8eb8272628,Seattle Sounders FC vs Minnesota United FC,h2h,,FanDuel,Minnesota United FC,2.9500
2026-09-26T14:04:41+00:00,003eff33b6407de9fa90cb8eb8272628,Seattle Sounders FC vs Minnesota United FC,h2h,,FanDuel,Seattle Sounders FC,2.1500
2026-09-26T14:04:41+00:00,003eff33b6407de9fa90cb8eb8272628,Seattle Sounders FC vs Minnesota United FC,h2h,,FanDuel,Draw,3.8000
2026-09-26T14:04:41+00:00,003eff33b6407de9fa90cb8eb8272628,Seattle Sounders FC vs Minnesota United FC,h2h,,MyBookie.ag,Minnesota United FC,3.0200
2026-09-26T14:04:41+00:00,003eff33b6407de9fa90cb8eb8272628,Seattle Sounders FC vs Minnesota United FC,h2h,,MyBookie.ag,Seattle Sounders FC,2.1800
2026-09-26T14:04:41+00:00,003eff33b6407de9fa90cb8eb8272628,Seattle Sounders FC vs Minnesota United FC,h2h,,MyBookie.ag,Draw,3.7000
2026-09-26T14:04:41+00:00,003eff33b6407de9fa90cb8eb8272628,Seattle Sounders FC vs Minnesota United FC,h2h,,BetRivers,Minnesota United FC,3.0000
2026-09-26T14:04:41+00:00,003eff33b6407de9fa90cb8eb8272628,Seattle Sounders FC vs Minnesota United FC,h2h,,BetRivers,Seattle Sounders FC,2.1400
2026-09-26T14:04:41+00:00,003eff33b6407de9fa90cb8eb8272628,Seattle Sounders FC vs Minnesota United FC,h2h,,BetRivers,Draw,3.6500
2026-09-26T14:04:41+00:00,003eff33b6407de9fa90cb8eb8272628,Seattle Sounders FC vs Minnesota United FC,h2h,,BetUS,Minnesota United FC,3.3000
2026-09-26T14:04:41+00:00,003eff33b6407de9fa90cb8eb8272628,Seattle Sounders FC vs Minnesota United FC,h2h,,BetUS,Seattle Sounders FC,2.1000
2026-09-26T14:04:41+00:00,003eff33b6407de9fa90cb8eb8272628,Seattle Sounders FC vs Minnesota United FC,h2h,,BetUS,Draw,3.7000
2026-09-26T14:04:41+00:00,003eff33b6407de9fa90cb8eb8272628,Seattle Sounders FC vs Minnesota United FC,h2h,,DraftKings,Minnesota United FC,3.0000
2026-09-26T14:04:41+00:00,003eff33b6407de9fa90cb8eb8272628,Seattle Sounders FC vs Minnesota United FC,h2h,,DraftKings,Seattle Sounders FC,2.1000
2026-09-26T14:04:41+00:00,003eff33b6407de9fa90cb8eb8272628,Seattle Sounders FC vs Minnesota United FC,h2h,,DraftKings,Draw,3.7000
2026-09-26T14:04:41+00:00,003eff33b6407de9fa90cb8eb8272628,Seattle Sounders FC vs Minnesota United FC,h2h,,Bovada,Minnesota United FC,3.0500
2026-09-26T14:04:41+00:00,003eff33b6407de9fa90cb8eb8272628,Seattle Sounders FC vs Minnesota United FC,h2h,,Bovada,Seattle Sounders FC,2.1400
2026-09-26T14:04:41+00:00,003eff33b6407de9fa90cb8eb8272628,Seattle Sounders FC vs Minnesota United FC,h2h,,Bovada,Draw,3.7000
2026-09-26T14:04:41+00:00,003eff33b6407de9fa90cb8eb8272628,Seattle Sounders FC vs Minnesota United FC,h2h,,BetOnline.ag,Minnesota United FC,3.1300
2026-09-26T14:04:41+00:00,003eff33b6407de9fa90cb8eb8272628,Seattle Sounders FC vs Minnesota United FC,h2h,,BetOnline.ag,Seattle Sounders FC,2.2000
2026-09-26T14:04:41+00:00,003eff33b6407de9fa90cb8eb8272628,Seattle Sounders FC vs Minnesota United FC,h2h,,BetOnline.ag,Draw,3.8300
2026-09-26T14:04:41+00:00,003eff33b6407de9fa90cb8eb8272628,Seattle Sounders FC vs Minnesota United FC,h2h,,LowVig.ag,Minnesota United FC,3.1300
2026-09-26T14:04:41+00:00,003eff33b6407de9fa90cb8eb8272628,Seattle Sounders FC vs Minnesota United FC,h2h,,LowVig.ag,Seattle Sounders FC,2.2000
2026-09-26T14:04:41+00:00,003eff33b6407de9fa90cb8eb8272628,Seattle Sounders FC vs Minnesota United FC,h2h,,LowVig.ag,Draw,3.8300
2026-09-26T14:04:41+00:00,003eff33b6407de9fa90cb8eb8272628,Seattle Sounders FC vs Minnesota United FC,totals,3.5,BetMGM,Over +3.5,2.2500
2026-09-26T14:04:41+00:00,003eff33b6407de9fa90cb8eb8272628,Seattle Sounders FC vs Minnesota United FC,totals,3.5,BetMGM,Under +3.5,1.5400
2026-09-26T14:04:41+00:00,003eff33b6407de9fa90cb8eb8272628,Seattle Sounders FC vs Minnesota United FC,totals,3.0,MyBookie.ag,Over +3,1.8500
2026-09-26T14:04:41+00:00,003eff33b6407de9fa90cb8eb8272628,Seattle Sounders FC vs Minnesota United FC,totals,3.0,MyBookie.ag,Under +3,1.8900
2026-09-26T14:04:41+00:00,003eff33b6407de9fa90cb8eb8272628,Seattle Sounders FC vs Minnesota United FC,totals,3.5,BetRivers,Over +3.5,2.3800
2026-09-26T14:04:41+00:00,003eff33b6407de9fa90cb8eb8272628,Seattle Sounders FC vs Minnesota United FC,totals,3.5,BetRivers,Under +3.5,1.5600
2026-09-26T14:04:41+00:00,003eff33b6407de9fa90cb8eb8272628,Seattle Sounders FC vs Minnesota United FC,totals,3.0,BetUS,Over +3,1.8700
2026-09-26T14:04:41+00:00,003eff33b6407de9fa90cb8eb8272628,Seattle Sounders FC vs Minnesota United FC,totals,3.0,BetUS,Under +3,1.8700
2026-09-26T14:04:41+00:00,003eff33b6407de9fa90cb8eb8272628,Seattle Sounders FC vs Minnesota United FC,totals,3.0,Bovada,Over +3,1.8700
2026-09-26T14:04:41+00:00,003eff33b6407de9fa90cb8eb8272628,Seattle Sounders FC vs Minnesota United FC,totals,3.0,Bovada,Under +3,1.9500
2026-09-26T14:04:41+00:00,003eff33b6407de9fa90cb8eb8272628,Seattle Sounders FC vs Minnesota United FC,totals,3.0,BetOnline.ag,Over +3,1.8500
2026-09-26T14:04:41+00:00,003eff33b6407de9fa90cb8eb8272628,Seattle Sounders FC vs Minnesota United FC,totals,3.0,BetOnline.ag,Under +3,1.9200
2026-09-26T14:04:41+00:00,003eff33b6407de9fa90cb8eb8272628,Seattle Sounders FC vs Minnesota United FC,totals,3.0,LowVig.ag,Over +3,1.8500
2026-09-26T14:04:41+00:00,003eff33b6407de9fa90cb8eb8272628,Seattle Sounders FC vs Minnesota United FC,totals,3.0,LowVig.ag,Under +3,1.9200
2026-09-26T14:04:41+00:00,003eff33b6407de9fa90cb8eb8272628,Seattle Sounders FC vs Minnesota United FC,spreads,0.5,MyBookie.ag,Minnesota United FC +0.5,1.6700
2026-09-26T14:04:41+00:00,003eff33b6407de9fa90cb8eb8272628,Seattle Sounders FC vs Minnesota United FC,spreads,-0.5,MyBookie.ag,Seattle Sounders FC -0.5,2.1300
2026-09-26T14:04:41+00:00,003eff33b6407de9fa90cb8eb8272628,Seattle Sounders FC vs Minnesota United FC,spreads,0.25,Bovada,Minnesota United FC +0.25,1.9500
2026-09-26T14:04:41+00:00,003eff33b6407de9fa90cb8eb8272628,Seattle Sounders FC vs Minnesota United FC,spreads,-0.25,Bovada,Seattle Sounders FC -0.25,1.8700
2026-09-26T14:04:41+00:00,003eff33b6407de9fa90cb8eb8272628,Seattle Sounders FC vs Minnesota United FC,spreads,0.5,BetOnline.ag,Minnesota United FC +0.5,1.6700
2026-09-26T14:04:41+00:00,003eff33b6407de9fa90cb8eb8272628,Seattle Sounders FC vs Minnesota United FC,spreads,-0.5,BetOnline.ag,Seattle Sounders FC -0.5,2.2000
2026-09-26T14:04:41+00:00,003eff33b6407de9fa90cb8eb8272628,Seattle Sounders FC vs Minnesota United FC,spreads,0.5,LowVig.ag,Minnesota United FC +0.5,1.6700
2026-09-26T14:04:41+00:00,003eff33b6407de9fa90cb8eb8272628,Seattle Sounders FC vs Minnesota United FC,spreads,-0.5,LowVig.ag,Seattle Sounders FC -0.5,2.2000
2026-09-26T14:04:41+00:00,046d92538ee40254a71e318686a3c763,Nashville SC vs Toronto FC,h2h,,BetMGM,Nashville SC,1.4500
2026-09-26T14:04:41+00:00,046d92538ee40254a71e318686a3c763,Nashville SC vs Toronto FC,h2h,,BetMGM,Toronto FC,6.0000
2026-09-26T14:04:41+00:00,046d92538ee40254a71e318686a3c763,Nashville SC vs Toronto FC,h2h,,BetMGM,Draw,4.5000
2026-09-26T14:04:41+00:00,046d92538ee40254a71e318686a3c763,Nashville SC vs Toronto FC,h2h,,FanDuel,Nashville SC,1.3700
2026-09-26T14:04:41+00:00,046d92538ee40254a71e318686a3c763,Nashville SC vs Toronto FC,h2h,,FanDuel,Toronto FC,7.0000
2026-09-26T14:04:41+00:00,046d92538ee40254a71e318686a3c763,Nashville SC vs Toronto FC,h2h,,FanDuel,Draw,5.0000
2026-09-26T14:04:41+00:00,046d92538ee40254a71e318686a3c763,Nashville SC vs Toronto FC,h2h,,MyBookie.ag,Nashville SC,1.4200
2026-09-26T14:04:41+00:00,046d92538ee40254a71e318686a3c763,Nashville SC vs Toronto FC,h2h,,MyBookie.ag,Toronto FC,6.4000
2026-09-26T14:04:41+00:00,046d92538ee40254a71e318686a3c763,Nashville SC vs Toronto FC,h2h,,MyBookie.ag,Draw,5.0000
2026-09-26T14:04:41+00:00,046d92538ee40254a71e318686a3c763,Nashville SC vs Toronto FC,h2h,,BetRivers,Nashville SC,1.4300
2026-09-26T14:04:41+00:00,046d92538ee40254a71e318686a3c763,Nashville SC vs Toronto FC,h2h,,BetRivers,Toronto FC,6.4000
2026-09-26T14:04:41+00:00,046d92538ee40254a71e318686a3c763,Nashville SC vs Toronto FC,h2h,,BetRivers,Draw,4.6000
2026-09-26T14:04:41+00:00,046d92538ee40254a71e318686a3c763,Nashville SC vs Toronto FC,h2h,,Bovada,Nashville SC,1.4100
2026-09-26T14:04:41+00:00,046d92538ee40254a71e318686a3c763,Nashville SC vs Toronto FC,h2h,,Bovada,Toronto FC,6.5000
2026-09-26T14:04:41+00:00,046d92538ee40254a71e318686a3c763,Nashville SC vs Toronto FC,h2h,,Bovada,Draw,5.0000
2026-09-26T14:04:41+00:00,046d92538ee40254a71e318686a3c763,Nashville SC vs Toronto FC,h2h,,DraftKings,Nashville SC,1.4100
2026-09-26T14:04:41+00:00,046d92538ee40254a71e318686a3c763,Nashville SC vs Toronto FC,h2h,,DraftKings,Toronto FC,6.0000
2026-09-26T14:04:41+00:00,046d92538ee40254a71e318686a3c763,Nashville SC vs Toronto FC,h2h,,DraftKings,Draw,4.8000
2026-09-26T14:04:41+00:00,046d92538ee40254a71e318686a3c763,Nashville SC vs Toronto FC,h2h,,LowVig.ag,Nashville SC,1.4300
2026-09-26T14:04:41+00:00,046d92538ee40254a71e318686a3c763,Nashville SC vs Toronto FC,h2h,,LowVig.ag,Toronto FC,6.8500
2026-09-26T14:04:41+00:00,046d92538ee40254a71e318686a3c763,Nashville SC vs Toronto FC,h2h,,LowVig.ag,Draw,5.1800
2026-09-26T14:04:41+00:00,046d92538ee40254a71e318686a3c763,Nashville SC vs Toronto FC,h2h,,BetOnline.ag,Nashville SC,1.4300
2026-09-26T14:04:41+00:00,046d92538ee40254a71e318686a3c763,Nashville SC vs Toronto FC,h2h,,BetOnline.ag,Toronto FC,6.8500
2026-09-26T14:04:41+00:00,046d92538ee40254a71e318686a3c763,Nashville SC vs Toronto FC,h2h,,BetOnline.ag,Draw,5.1800
2026-09-26T14:04:41+00:00,046d92538ee40254a71e318686a3c763,Nashville SC vs Toronto FC,h2h,,BetUS,Nashville SC,1.4300
2026-09-26T14:04:41+00:00,046d92538ee40254a71e318686a3c763,Nashville SC vs Toronto FC,h2h,,BetUS,Toronto FC,6.8500
2026-09-26T14:04:41+00:00,046d92538ee40254a71e318686a3c763,Nashville SC vs Toronto FC,h2h,,BetUS,Draw,5.1800
2026-09-26T14:04:41+00:00,046d92538ee40254a71e318686a3c763,Nashville SC vs Toronto FC,totals,3.5,BetMGM,Over +3.5,2.1500
2026-09-26T14:04:41+00:00,046d92538ee40254a71e318686a3c763,Nashville SC vs Toronto FC,totals,3.5,BetMGM,Under +3.5,1.6100
2026-09-26T14:04:41+00:00,046d92538ee40254a71e318686a3c763,Nashville SC vs Toronto FC,totals,3.0,MyBookie.ag,Over +3,1.7400
2026-09-26T14:04:41+00:00,046d92538ee40254a71e318686a3c763,Nashville SC vs Toronto FC,totals,3.0,MyBookie.ag,Under +3,2.0300
2026-09-26T14:04:41+00:00,046d92538ee40254a71e318686a3c763,Nashville SC vs Toronto FC,totals,3.5,BetRivers,Over +3.5,2.2300
2026-09-26T14:04:41+00:00,046d92538ee40254a71e318686a3c763,Nashville SC vs Toronto FC,totals,3.5,BetRivers,Under +3.5,1.6200
2026-09-26T14:04:41+00:00,046d92538ee40254a71e318686a3c763,Nashville SC vs Toronto FC,totals,3.25,Bovada,Over +3.25,1.9500
2026-09-26T14:04:41+00:00,046d92538ee40254a71e318686a3c763,Nashville SC vs Toronto FC,totals,3.25,Bovada,Under +3.25,1.8700
2026-09-26T14:04:41+00:00,046d92538ee40254a71e318686a3c763,Nashville SC vs Toronto FC,totals,3.0,LowVig.ag,Over +3,1.7400
2026-09-26T14:04:41+00:00,046d92538ee40254a71e318686a3c763,Nashville SC vs Toronto FC,totals,3.0,LowVig.ag,Under +3,2.0300
2026-09-26T14:04:41+00:00,046d92538ee40254a71e318686a3c763,Nashville SC vs Toronto FC,totals,3.0,BetOnline.ag,Over +3,1.7400
2026-09-26T14:04:41+00:00,046d92538ee40254a71e318686a3c763,Nashville SC vs Toronto FC,totals,3.0,BetOnline.ag,Under +3,2.0300
2026-09-26T14:04:41+00:00,046d92538ee40254a71e318686a3c763,Nashville SC vs Toronto FC,totals,3.0,BetUS,Over +3,1.7400
2026-09-26T14:04:41+00:00,046d92538ee40254a71e318686a3c763,Nashville SC vs Toronto FC,totals,3.0,BetUS,Under +3,2.0500
2026-09-26T14:04:41+00:00,046d92538ee40254a71e318686a3c763,Nashville SC vs Toronto FC,spreads,-1.5,MyBookie.ag,Nashville SC -1.5,2.0600
2026-09-26T14:04:41+00:00,046d92538ee40254a71e318686a3c763,Nashville SC vs Toronto FC,spreads,1.5,MyBookie.ag,Toronto FC +1.5,1.7100
2026-09-26T14:04:41+00:00,046d92538ee40254a71e318686a3c763,Nashville SC vs Toronto FC,spreads,-1.25,Bovada,Nashville SC -1.25,1.8700
2026-09-26T14:04:41+00:00,046d92538ee40254a71e318686a3c763,Nashville SC vs Toronto FC,spreads,1.25,Bovada,Toronto FC +1.25,1.9500
2026-09-26T14:04:41+00:00,046d92538ee40254a71e318686a3c763,Nashville SC vs Toronto FC,spreads,-1.5,LowVig.ag,Nashville SC -1.5,2.0800
2026-09-26T14:04:41+00:00,046d92538ee40254a71e318686a3c763,Nashville SC vs Toronto FC,spreads,1.5,LowVig.ag,Toronto FC +1.5,1.7500
2026-09-26T14:04:41+00:00,046d92538ee40254a71e318686a3c763,Nashville SC vs Toronto FC,spreads,-1.5,BetOnline.ag,Nashville SC -1.5,2.0800
2026-09-26T14:04:41+00:00,046d92538ee40254a71e318686a3c763,Nashville SC vs Toronto FC,spreads,1.5,BetOnline.ag,Toronto FC +1.5,1.7500
2026-09-26T14:04:41+00:00,046d92538ee40254a71e318686a3c763,Nashville SC vs Toronto FC,spreads,-1.5,BetUS,Nashville SC -1.5,2.0500
2026-09-26T14:04:41+00:00,046d92538ee40254a71e318686a3c763,Nashville SC vs Toronto FC,spreads,1.5,BetUS,Toronto FC +1.5,1.7400
2026-09-26T14:04:41+00:00,be348231972e17a0d75d59153aa75225,Real Salt Lake vs New England Revolution,h2h,,MyBookie.ag,New England Revolution,2.8500
2026-09-26T14:04:41+00:00,be348231972e17a0d75d59153aa75225,Real Salt Lake vs New England Revolution,h2h,,MyBookie.ag,Real Salt Lake,2.3000
2026-09-26T14:04:41+00:00,be348231972e17a0d75d59153aa75225,Real Salt Lake vs New England Revolution,h2h,,MyBookie.ag,Draw,3.6500
2026-09-26T14:04:41+00:00,be348231972e17a0d75d59153aa75225,Real Salt Lake vs New England Revolution,h2h,,BetMGM,New England Revolution,2.7500
2026-09-26T14:04:41+00:00,be348231972e17a0d75d59153aa75225,Real Salt Lake vs New England Revolution,h2h,,BetMGM,Real Salt Lake,2.3000
2026-09-26T14:04:41+00:00,be348231972e17a0d75d59153aa75225,Real Salt Lake vs New England Revolution,h2h,,BetMGM,Draw,3.6000
2026-09-26T14:04:41+00:00,be348231972e17a0d75d59153aa75225,Real Salt Lake vs New England Revolution,h2h,,FanDuel,New England Revolution,2.8000
2026-09-26T14:04:41+00:00,be348231972e17a0d75d59153aa75225,Real Salt Lake vs New England Revolution,h2h,,FanDuel,Real Salt Lake,2.2500
2026-09-26T14:04:41+00:00,be348231972e17a0d75d59153aa75225,Real Salt Lake vs New England Revolution,h2h,,FanDuel,Draw,3.8000
2026-09-26T14:04:41+00:00,be348231972e17a0d75d59153aa75225,Real Salt Lake vs New England Revolution,h2h,,BetRivers,New England Revolution,2.7000
2026-09-26T14:04:41+00:00,be348231972e17a0d75d59153aa75225,Real Salt Lake vs New England Revolution,h2h,,BetRivers,Real Salt Lake,2.3300
2026-09-26T14:04:41+00:00,be348231972e17a0d75d59153aa75225,Real Salt Lake vs New England Revolution,h2h,,BetRivers,Draw,3.6500
2026-09-26T14:04:41+00:00,be348231972e17a0d75d59153aa75225,Real Salt Lake vs New England Revolution,h2h,,BetUS,New England Revolution,2.7800
2026-09-26T14:04:41+00:00,be348231972e17a0d75d59153aa75225,Real Salt Lake vs New England Revolution,h2h,,BetUS,Real Salt Lake,2.2600
2026-09-26T14:04:41+00:00,be348231972e17a0d75d59153aa75225,Real Salt Lake vs New England Revolution,h2h,,BetUS,Draw,3.8000
2026-09-26T14:04:41+00:00,be348231972e17a0d75d59153aa75225,Real Salt Lake vs New England Revolution,h2h,,DraftKings,New England Revolution,2.7500
2026-09-26T14:04:41+00:00,be348231972e17a0d75d59153aa75225,Real Salt Lake vs New England Revolution,h2h,,DraftKings,Real Salt Lake,2.2500
2026-09-26T14:04:41+00:00,be348231972e17a0d75d59153aa75225,Real Salt Lake vs New England Revolution,h2h,,DraftKings,Draw,3.6500
2026-09-26T14:04:41+00:00,be348231972e17a0d75d59153aa75225,Real Salt Lake vs New England Revolution,h2h,,Bovada,New England Revolution,2.7800
2026-09-26T14:04:41+00:00,be348231972e17a0d75d59153aa75225,Real Salt Lake vs New England Revolution,h2h,,Bovada,Real Salt Lake,2.2600
2026-09-26T14:04:41+00:00,be348231972e17a0d75d59153aa75225,Real Salt Lake vs New England Revolution,h2h,,Bovada,Draw,3.8000
2026-09-26T14:04:41+00:00,be348231972e17a0d75d59153aa75225,Real Salt Lake vs New England Revolution,h2h,,BetOnline.ag,New England Revolution,2.8500
2026-09-26T14:04:41+00:00,be348231972e17a0d75d59153aa75225,Real Salt Lake vs New England Revolution,h2h,,BetOnline.ag,Real Salt Lake,2.3200
2026-09-26T14:04:41+00:00,be348231972e17a0d75d59153aa75225,Real Salt Lake vs New England Revolution,h2h,,BetOnline.ag,Draw,3.9500
2026-09-26T14:04:41+00:00,be348231972e17a0d75d59153aa75225,Real Salt Lake vs New England Revolution,h2h,,LowVig.ag,New England Revolution,2.8500
2026-09-26T14:04:41+00:00,be348231972e17a0d75d59153aa75225,Real Salt Lake vs New England Revolution,h2h,,LowVig.ag,Real Salt Lake,2.3200
2026-09-26T14:04:41+00:00,be348231972e17a0d75d59153aa75225,Real Salt Lake vs New England Revolution,h2h,,LowVig.ag,Draw,3.9500
2026-09-26T14:04:41+00:00,be348231972e17a0d75d59153aa75225,Real Salt Lake vs New England Revolution,spreads,0.0,MyBookie.ag,New England Revolution +0,2.0800
2026-09-26T14:04:41+00:00,be348231972e17a0d75d59153aa75225,Real Salt Lake vs New England Revolution,spreads,0.0,MyBookie.ag,Real Salt Lake +0,1.6900
2026-09-26T14:04:41+00:00,be348231972e17a0d75d59153aa75225,Real Salt Lake vs New England Revolution,spreads,0.25,Bovada,New England Revolution +0.25,1.8300
2026-09-26T14:04:41+00:00,be348231972e17a0d75d59153aa75225,Real Salt Lake vs New England Revolution,spreads,-0.25,Bovada,Real Salt Lake -0.25,2.0000
2026-09-26T14:04:41+00:00,be348231972e17a0d75d59153aa75225,Real Salt Lake vs New England Revolution,spreads,0.0,BetOnline.ag,New England Revolution +0,2.1000
2026-09-26T14:04:41+00:00,be348231972e17a0d75d59153aa75225,Real Salt Lake vs New England Revolution,spreads,0.0,BetOnline.ag,Real Salt Lake +0,1.7400
2026-09-26T14:04:41+00:00,be348231972e17a0d75d59153aa75225,Real Salt Lake vs New England Revolution,spreads,0.0,LowVig.ag,New England Revolution +0,2.1000
2026-09-26T14:04:41+00:00,be348231972e17a0d75d59153aa75225,Real Salt Lake vs New England Revolution,spreads,0.0,LowVig.ag,Real Salt Lake +0,1.7400
2026-09-26T14:04:41+00:00,be348231972e17a0d75d59153aa75225,Real Salt Lake vs New England Revolution,totals,3.0,MyBookie.ag,Over +3,1.8500
2026-09-26T14:04:41+00:00,be348231972e17a0d75d59153aa75225,Real Salt Lake vs New England Revolution,totals,3.0,MyBookie.ag,Under +3,1.8900
2026-09-26T14:04:41+00:00,be348231972e17a0d75d59153aa75225,Real Salt Lake vs New England Revolution,totals,2.5,BetMGM,Over +2.5,1.5300
2026-09-26T14:04:41+00:00,be348231972e17a0d75d59153aa75225,Real Salt Lake vs New England Revolution,totals,2.5,BetMGM,Under +2.5,2.3000
2026-09-26T14:04:41+00:00,be348231972e17a0d75d59153aa75225,Real Salt Lake vs New England Revolution,totals,3.5,BetRivers,Over +3.5,2.3300
2026-09-26T14:04:41+00:00,be348231972e17a0d75d59153aa75225,Real Salt Lake vs New England Revolution,totals,3.5,BetRivers,Under +3.5,1.5600
2026-09-26T14:04:41+00:00,be348231972e17a0d75d59153aa75225,Real Salt Lake vs New England Revolution,totals,3.0,BetUS,Over +3,1.8700
2026-09-26T14:04:41+00:00,be348231972e17a0d75d59153aa75225,Real Salt Lake vs New England Revolution,totals,3.0,BetUS,Under +3,1.8700
2026-09-26T14:04:41+00:00,be348231972e17a0d75d59153aa75225,Real Salt Lake vs New England Revolution,totals,3.0,Bovada,Over +3,1.9100
2026-09-26T14:04:41+00:00,be348231972e17a0d75d59153aa75225,Real Salt Lake vs New England Revolution,totals,3.0,Bovada,Under +3,1.9100
2026-09-26T14:04:41+00:00,be348231972e17a0d75d59153aa75225,Real Salt Lake vs New England Revolution,totals,3.0,BetOnline.ag,Over +3,1.8800
2026-09-26T14:04:41+00:00,be348231972e17a0d75d59153aa75225,Real Salt Lake vs New England Revolution,totals,3.0,BetOnline.ag,Under +3,1.8800
2026-09-26T14:04:41+00:00,be348231972e17a0d75d59153aa75225,Real Salt Lake vs New England Revolution,totals,3.0,LowVig.ag,Over +3,1.8800
2026-09-26T14:04:41+00:00,be348231972e17a0d75d59153aa75225,Real Salt Lake vs New England Revolution,totals,3.0,LowVig.ag,Under +3,1.8800
2026-09-26T14:04:41+00:00,ffee22065f771f8a39a3747e685a85f6,LA Galaxy vs Colorado Rapids,h2h,,BetMGM,Colorado Rapids,2.9000
2026-09-26T14:04:41+00:00,ffee22065f771f8a39a3747e685a85f6,LA Galaxy vs Colorado Rapids,h2h,,BetMGM,LA Galaxy,2.1500
2026-09-26T14:04:41+00:00,ffee22065f771f8a39a3747e685a85f6,LA Galaxy vs Colorado Rapids,h2h,,BetMGM,Draw,3.7000
2026-09-26T14:04:41+00:00,ffee22065f771f8a39a3747e685a85f6,LA Galaxy vs Colorado Rapids,h2h,,MyBookie.ag,Colorado Rapids,2.8700
2026-09-26T14:04:41+00:00,ffee22065f771f8a39a3747e685a85f6,LA Galaxy vs Colorado Rapids,h2h,,MyBookie.ag,LA Galaxy,2.2100
2026-09-26T14:04:41+00:00,ffee22065f771f8a39a3747e685a85f6,LA Galaxy vs Colorado Rapids,h2h,,MyBookie.ag,Draw,3.8500
2026-09-26T14:04:41+00:00,ffee22065f771f8a39a3747e685a85f6,LA Galaxy vs Colorado Rapids,h2h,,FanDuel,Colorado Rapids,3.0000
2026-09-26T14:04:41+00:00,ffee22065f771f8a39a3747e685a85f6,LA Galaxy vs Colorado Rapids,h2h,,FanDuel,LA Galaxy,2.1000
2026-09-26T14:04:41+00:00,ffee22065f771f8a39a3747e685a85f6,LA Galaxy vs Colorado Rapids,h2h,,FanDuel,Draw,3.8000
2026-09-26T14:04:41+00:00,ffee22065f771f8a39a3747e685a85f6,LA Galaxy vs Colorado Rapids,h2h,,BetRivers,Colorado Rapids,2.9500
2026-09-26T14:04:41+00:00,ffee22065f771f8a39a3747e685a85f6,LA Galaxy vs Colorado Rapids,h2h,,BetRivers,LA Galaxy,2.1600
2026-09-26T14:04:41+00:00,ffee22065f771f8a39a3747e685a85f6,LA Galaxy vs Colorado Rapids,h2h,,BetRivers,Draw,3.7000
2026-09-26T14:04:41+00:00,ffee22065f771f8a39a3747e685a85f6,LA Galaxy vs Colorado Rapids,h2h,,Bovada,Colorado Rapids,2.9000
2026-09-26T14:04:41+00:00,ffee22065f771f8a39a3747e685a85f6,LA Galaxy vs Colorado Rapids,h2h,,Bovada,LA Galaxy,2.1700
2026-09-26T14:04:41+00:00,ffee22065f771f8a39a3747e685a85f6,LA Galaxy vs Colorado Rapids,h2h,,Bovada,Draw,3.8500
2026-09-26T14:04:41+00:00,ffee22065f771f8a39a3747e685a85f6,LA Galaxy vs Colorado Rapids,h2h,,DraftKings,Colorado Rapids,2.8000
2026-09-26T14:04:41+00:00,ffee22065f771f8a39a3747e685a85f6,LA Galaxy vs Colorado Rapids,h2h,,DraftKings,LA Galaxy,2.1500
2026-09-26T14:04:41+00:00,ffee22065f771f8a39a3747e685a85f6,LA Galaxy vs Colorado Rapids,h2h,,DraftKings,Draw,3.8500
2026-09-26T14:04:41+00:00,ffee22065f771f8a39a3747e685a85f6,LA Galaxy vs Colorado Rapids,h2h,,LowVig.ag,Colorado Rapids,2.9800
2026-09-26T14:04:41+00:00,ffee22065f771f8a39a3747e685a85f6,LA Galaxy vs Colorado Rapids,h2h,,LowVig.ag,LA Galaxy,2.1800
2026-09-26T14:04:41+00:00,ffee22065f771f8a39a3747e685a85f6,LA Galaxy vs Colorado Rapids,h2h,,LowVig.ag,Draw,4.1600
2026-09-26T14:04:41+00:00,ffee22065f771f8a39a3747e685a85f6,LA Galaxy vs Colorado Rapids,h2h,,BetOnline.ag,Colorado Rapids,2.9800
2026-09-26T14:04:41+00:00,ffee22065f771f8a39a3747e685a85f6,LA Galaxy vs Colorado Rapids,h2h,,BetOnline.ag,LA Galaxy,2.1800
2026-09-26T14:04:41+00:00,ffee22065f771f8a39a3747e685a85f6,LA Galaxy vs Colorado Rapids,h2h,,BetOnline.ag,Draw,4.1600
2026-09-26T14:04:41+00:00,ffee22065f771f8a39a3747e685a85f6,LA Galaxy vs Colorado Rapids,h2h,,BetUS,Colorado Rapids,2.8300
2026-09-26T14:04:41+00:00,ffee22065f771f8a39a3747e685a85f6,LA Galaxy vs Colorado Rapids,h2h,,BetUS,LA Galaxy,2.2000
2026-09-26T14:04:41+00:00,ffee22065f771f8a39a3747e685a85f6,LA Galaxy vs Colorado Rapids,h2h,,BetUS,Draw,4.0000
2026-09-26T14:04:41+00:00,ffee22065f771f8a39a3747e685a85f6,LA Galaxy vs Colorado Rapids,totals,3.5,BetMGM,Over +3.5,2.3000
2026-09-26T14:04:41+00:00,ffee22065f771f8a39a3747e685a85f6,LA Galaxy vs Colorado Rapids,totals,3.5,BetMGM,Under +3.5,1.5300
2026-09-26T14:04:41+00:00,ffee22065f771f8a39a3747e685a85f6,LA Galaxy vs Colorado Rapids,totals,3.0,MyBookie.ag,Over +3,1.8600
2026-09-26T14:04:41+00:00,ffee22065f771f8a39a3747e685a85f6,LA Galaxy vs Colorado Rapids,totals,3.0,MyBookie.ag,Under +3,1.8800
2026-09-26T14:04:41+00:00,ffee22065f771f8a39a3747e685a85f6,LA Galaxy vs Colorado Rapids,totals,3.5,BetRivers,Over +3.5,2.2800
2026-09-26T14:04:41+00:00,ffee22065f771f8a39a3747e685a85f6,LA Galaxy vs Colorado Rapids,totals,3.5,BetRivers,Under +3.5,1.6000
2026-09-26T14:04:41+00:00,ffee22065f771f8a39a3747e685a85f6,LA Galaxy vs Colorado Rapids,totals,3.0,Bovada,Over +3,1.8900
2026-09-26T14:04:41+00:00,ffee22065f771f8a39a3747e685a85f6,LA Galaxy vs Colorado Rapids,totals,3.0,Bovada,Under +3,1.9300
2026-09-26T14:04:41+00:00,ffee22065f771f8a39a3747e685a85f6,LA Galaxy vs Colorado Rapids,totals,3.0,LowVig.ag,Over +3,1.8900
2026-09-26T14:04:41+00:00,ffee22065f771f8a39a3747e685a85f6,LA Galaxy vs Colorado Rapids,totals,3.0,LowVig.ag,Under +3,1.8800
2026-09-26T14:04:41+00:00,ffee22065f771f8a39a3747e685a85f6,LA Galaxy vs Colorado Rapids,totals,3.0,BetOnline.ag,Over +3,1.8900
2026-09-26T14:04:41+00:00,ffee22065f771f8a39a3747e685a85f6,LA Galaxy vs Colorado Rapids,totals,3.0,BetOnline.ag,Under +3,1.8800
2026-09-26T14:04:41+00:00,ffee22065f771f8a39a3747e685a85f6,LA Galaxy vs Colorado Rapids,totals,3.0,BetUS,Over +3,1.8700
2026-09-26T14:04:41+00:00,ffee22065f771f8a39a3747e685a85f6,LA Galaxy vs Colorado Rapids,totals,3.0,BetUS,Under +3,1.8700
2026-09-26T14:04:41+00:00,ffee22065f771f8a39a3747e685a85f6,LA Galaxy vs Colorado Rapids,spreads,0.0,MyBookie.ag,Colorado Rapids +0,2.1400
2026-09-26T14:04:41+00:00,ffee22065f771f8a39a3747e685a85f6,LA Galaxy vs Colorado Rapids,spreads,0.0,MyBookie.ag,LA Galaxy +0,1.6600
2026-09-26T14:04:41+00:00,ffee22065f771f8a39a3747e685a85f6,LA Galaxy vs Colorado Rapids,spreads,0.25,Bovada,Colorado Rapids +0.25,1.8900
2026-09-26T14:04:41+00:00,ffee22065f771f8a39a3747e685a85f6,LA Galaxy vs Colorado Rapids,spreads,-0.25,Bovada,LA Galaxy -0.25,1.9300
2026-09-26T14:04:41+00:00,ffee22065f771f8a39a3747e685a85f6,LA Galaxy vs Colorado Rapids,spreads,0.5,LowVig.ag,Colorado Rapids +0.5,1.6800
2026-09-26T14:04:41+00:00,ffee22065f771f8a39a3747e685a85f6,LA Galaxy vs Colorado Rapids,spreads,-0.5,LowVig.ag,LA Galaxy -0.5,2.1800
2026-09-26T14:04:41+00:00,ffee22065f771f8a39a3747e685a85f6,LA Galaxy vs Colorado Rapids,spreads,0.5,BetOnline.ag,Colorado Rapids +0.5,1.6800
2026-09-26T14:04:41+00:00,ffee22065f771f8a39a3747e685a85f6,LA Galaxy vs Colorado Rapids,spreads,-0.5,BetOnline.ag,LA Galaxy -0.5,2.1800
2026-09-26T14:04:41+00:00,ffee22065f771f8a39a3747e685a85f6,LA Galaxy vs Colorado Rapids,spreads,0.5,BetUS,Colorado Rapids +0.5,1.7100
2026-09-26T14:04:41+00:00,ffee22065f771f8a39a3747e685a85f6,LA Galaxy vs Colorado Rapids,spreads,-0.5,BetUS,LA Galaxy -0.5,2.1000
2026-09-26T14:04:41+00:00,fd1a6834aea1edff868993431abda226,Vancouver Whitecaps FC vs D.C. United,h2h,,MyBookie.ag,D.C. United,9.4000
2026-09-26T14:04:41+00:00,fd1a6834aea1edff868993431abda226,Vancouver Whitecaps FC vs D.C. United,h2h,,MyBookie.ag,Vancouver Whitecaps FC,1.2600
2026-09-26T14:04:41+00:00,fd1a6834aea1edff868993431abda226,Vancouver Whitecaps FC vs D.C. United,h2h,,MyBookie.ag,Draw,6.4000
2026-09-26T14:04:41+00:00,fd1a6834aea1edff868993431abda226,Vancouver Whitecaps FC vs D.C. United,h2h,,BetMGM,D.C. United,9.0000
2026-09-26T14:04:41+00:00,fd1a6834aea1edff868993431abda226,Vancouver Whitecaps FC vs D.C. United,h2h,,BetMGM,Vancouver Whitecaps FC,1.2700
2026-09-26T14:04:41+00:00,fd1a6834aea1edff868993431abda226,Vancouver Whitecaps FC vs D.C. United,h2h,,BetMGM,Draw,6.0000
2026-09-26T14:04:41+00:00,fd1a6834aea1edff868993431abda226,Vancouver Whitecaps FC vs D.C. United,h2h,,FanDuel,D.C. United,10.0000
2026-09-26T14:04:41+00:00,fd1a6834aea1edff868993431abda226,Vancouver Whitecaps FC vs D.C. United,h2h,,FanDuel,Vancouver Whitecaps FC,1.2100
2026-09-26T14:04:41+00:00,fd1a6834aea1edff868993431abda226,Vancouver Whitecaps FC vs D.C. United,h2h,,FanDuel,Draw,6.5000
2026-09-26T14:04:41+00:00,fd1a6834aea1edff868993431abda226,Vancouver Whitecaps FC vs D.C. United,h2h,,BetRivers,D.C. United,10.0000
2026-09-26T14:04:41+00:00,fd1a6834aea1edff868993431abda226,Vancouver Whitecaps FC vs D.C. United,h2h,,BetRivers,Vancouver Whitecaps FC,1.2500
2026-09-26T14:04:41+00:00,fd1a6834aea1edff868993431abda226,Vancouver Whitecaps FC vs D.C. United,h2h,,BetRivers,Draw,6.0000
2026-09-26T14:04:41+00:00,fd1a6834aea1edff868993431abda226,Vancouver Whitecaps FC vs D.C. United,h2h,,Bovada,D.C. United,9.5000
2026-09-26T14:04:41+00:00,fd1a6834aea1edff868993431abda226,Vancouver Whitecaps FC vs D.C. United,h2h,,Bovada,Vancouver Whitecaps FC,1.2400
2026-09-26T14:04:41+00:00,fd1a6834aea1edff868993431abda226,Vancouver Whitecaps FC vs D.C. United,h2h,,Bovada,Draw,6.5000
2026-09-26T14:04:41+00:00,fd1a6834aea1edff868993431abda226,Vancouver Whitecaps FC vs D.C. United,h2h,,DraftKings,D.C. United,9.0000
2026-09-26T14:04:41+00:00,fd1a6834aea1edff868993431abda226,Vancouver Whitecaps FC vs D.C. United,h2h,,DraftKings,Vancouver Whitecaps FC,1.2400
2026-09-26T14:04:41+00:00,fd1a6834aea1edff868993431abda226,Vancouver Whitecaps FC vs D.C. United,h2h,,DraftKings,Draw,6.0000
2026-09-26T14:04:41+00:00,fd1a6834aea1edff868993431abda226,Vancouver Whitecaps FC vs D.C. United,h2h,,LowVig.ag,D.C. United,10.5000
2026-09-26T14:04:41+00:00,fd1a6834aea1edff868993431abda226,Vancouver Whitecaps FC vs D.C. United,h2h,,LowVig.ag,Vancouver Whitecaps FC,1.2600
2026-09-26T14:04:41+00:00,fd1a6834aea1edff868993431abda226,Vancouver Whitecaps FC vs D.C. United,h2h,,LowVig.ag,Draw,6.7500
2026-09-26T14:04:41+00:00,fd1a6834aea1edff868993431abda226,Vancouver Whitecaps FC vs D.C. United,h2h,,BetOnline.ag,D.C. United,10.5000
2026-09-26T14:04:41+00:00,fd1a6834aea1edff868993431abda226,Vancouver Whitecaps FC vs D.C. United,h2h,,BetOnline.ag,Vancouver Whitecaps FC,1.2600
2026-09-26T14:04:41+00:00,fd1a6834aea1edff868993431abda226,Vancouver Whitecaps FC vs D.C. United,h2h,,BetOnline.ag,Draw,6.7500
2026-09-26T14:04:41+00:00,fd1a6834aea1edff868993431abda226,Vancouver Whitecaps FC vs D.C. United,h2h,,BetUS,D.C. United,10.5000
2026-09-26T14:04:41+00:00,fd1a6834aea1edff868993431abda226,Vancouver Whitecaps FC vs D.C. United,h2h,,BetUS,Vancouver Whitecaps FC,1.2600
2026-09-26T14:04:41+00:00,fd1a6834aea1edff868993431abda226,Vancouver Whitecaps FC vs D.C. United,h2h,,BetUS,Draw,6.7500
2026-09-26T14:04:41+00:00,fd1a6834aea1edff868993431abda226,Vancouver Whitecaps FC vs D.C. United,spreads,2.0,MyBookie.ag,D.C. United +2,1.6900
2026-09-26T14:04:41+00:00,fd1a6834aea1edff868993431abda226,Vancouver Whitecaps FC vs D.C. United,spreads,-2.0,MyBookie.ag,Vancouver Whitecaps FC -2,2.0800
2026-09-26T14:04:41+00:00,fd1a6834aea1edff868993431abda226,Vancouver Whitecaps FC vs D.C. United,spreads,1.75,Bovada,D.C. United +1.75,2.0000
2026-09-26T14:04:41+00:00,fd1a6834aea1edff868993431abda226,Vancouver Whitecaps FC vs D.C. United,spreads,-1.75,Bovada,Vancouver Whitecaps FC -1.75,1.8300
2026-09-26T14:04:41+00:00,fd1a6834aea1edff868993431abda226,Vancouver Whitecaps FC vs D.C. United,spreads,2.0,LowVig.ag,D.C. United +2,1.7000
2026-09-26T14:04:41+00:00,fd1a6834aea1edff868993431abda226,Vancouver Whitecaps FC vs D.C. United,spreads,-2.0,LowVig.ag,Vancouver Whitecaps FC -2,2.1400
2026-09-26T14:04:41+00:00,fd1a6834aea1edff868993431abda226,Vancouver Whitecaps FC vs D.C. United,spreads,2.0,BetOnline.ag,D.C. United +2,1.7000
2026-09-26T14:04:41+00:00,fd1a6834aea1edff868993431abda226,Vancouver Whitecaps FC vs D.C. United,spreads,-2.0,BetOnline.ag,Vancouver Whitecaps FC -2,2.1400
2026-09-26T14:04:41+00:00,fd1a6834aea1edff868993431abda226,Vancouver Whitecaps FC vs D.C. United,spreads,2.0,BetUS,D.C. United +2,1.7100
2026-09-26T14:04:41+00:00,fd1a6834aea1edff868993431abda226,Vancouver Whitecaps FC vs D.C. United,spreads,-2.0,BetUS,Vancouver Whitecaps FC -2,2.1000
2026-09-26T14:04:41+00:00,fd1a6834aea1edff868993431abda226,Vancouver Whitecaps FC vs D.C. United,totals,3.5,MyBookie.ag,Over +3.5,1.9300
2026-09-26T14:04:41+00:00,fd1a6834aea1edff868993431abda226,Vancouver Whitecaps FC vs D.C. United,totals,3.5,MyBookie.ag,Under +3.5,1.8200
2026-09-26T14:04:41+00:00,fd1a6834aea1edff868993431abda226,Vancouver Whitecaps FC vs D.C. United,totals,3.5,BetMGM,Over +3.5,1.9500
2026-09-26T14:04:41+00:00,fd1a6834aea1edff868993431abda226,Vancouver Whitecaps FC vs D.C. United,totals,3.5,BetMGM,Under +3.5,1.7400
2026-09-26T14:04:41+00:00,fd1a6834aea1edff868993431abda226,Vancouver Whitecaps FC vs D.C. United,totals,3.5,BetRivers,Over +3.5,1.9700
2026-09-26T14:04:41+00:00,fd1a6834aea1edff868993431abda226,Vancouver Whitecaps FC vs D.C. United,totals,3.5,BetRivers,Under +3.5,1.7900
2026-09-26T14:04:41+00:00,fd1a6834aea1edff868993431abda226,Vancouver Whitecaps FC vs D.C. United,totals,3.5,Bovada,Over +3.5,1.9500
2026-09-26T14:04:41+00:00,fd1a6834aea1edff868993431abda226,Vancouver Whitecaps FC vs D.C. United,totals,3.5,Bovada,Under +3.5,1.8700
2026-09-26T14:04:41+00:00,fd1a6834aea1edff868993431abda226,Vancouver Whitecaps FC vs D.C. United,totals,3.5,LowVig.ag,Over +3.5,2.0400
2026-09-26T14:04:41+00:00,fd1a6834aea1edff868993431abda226,Vancouver Whitecaps FC vs D.C. United,totals,3.5,LowVig.ag,Under +3.5,1.7300
2026-09-26T14:04:41+00:00,fd1a6834aea1edff868993431abda226,Vancouver Whitecaps FC vs D.C. United,totals,3.5,BetOnline.ag,Over +3.5,2.0400
2026-09-26T14:04:41+00:00,fd1a6834aea1edff868993431abda226,Vancouver Whitecaps FC vs D.C. United,totals,3.5,BetOnline.ag,Under +3.5,1.7300
2026-09-26T14:04:41+00:00,fd1a6834aea1edff868993431abda226,Vancouver Whitecaps FC vs D.C. United,totals,3.5,BetUS,Over +3.5,1.8700
2026-09-26T14:04:41+00:00,fd1a6834aea1edff868993431abda226,Vancouver Whitecaps FC vs D.C. United,totals,3.5,BetUS,Under +3.5,1.8700
2026-09-26T14:04:41+00:00,749a4f184bc096e5924d732f368203e5,San Jose Earthquakes vs Portland Timbers,h2h,,MyBookie.ag,Portland Timbers,3.3200
2026-09-26T14:04:41+00:00,749a4f184bc096e5924d732f368203e5,San Jose Earthquakes vs Portland Timbers,h2h,,MyBookie.ag,San Jose Earthquakes,2.0000
2026-09-26T14:04:41+00:00,749a4f184bc096e5924d732f368203e5,San Jose Earthquakes vs Portland Timbers,h2h,,MyBookie.ag,Draw,3.8500
2026-09-26T14:04:41+00:00,749a4f184bc096e5924d732f368203e5,San Jose Earthquakes vs Portland Timbers,h2h,,BetMGM,Portland Timbers,3.2000
2026-09-26T14:04:41+00:00,749a4f184bc096e5924d732f368203e5,San Jose Earthquakes vs Portland Timbers,h2h,,BetMGM,San Jose Earthquakes,2.0000
2026-09-26T14:04:41+00:00,749a4f184bc096e5924d732f368203e5,San Jose Earthquakes vs Portland Timbers,h2h,,BetMGM,Draw,3.8000
2026-09-26T14:04:41+00:00,749a4f184bc096e5924d732f368203e5,San Jose Earthquakes vs Portland Timbers,h2h,,FanDuel,Portland Timbers,3.3000
2026-09-26T14:04:41+00:00,749a4f184bc096e5924d732f368203e5,San Jose Earthquakes vs Portland Timbers,h2h,,FanDuel,San Jose Earthquakes,1.9500
2026-09-26T14:04:41+00:00,749a4f184bc096e5924d732f368203e5,San Jose Earthquakes vs Portland Timbers,h2h,,FanDuel,Draw,4.1000
2026-09-26T14:04:41+00:00,749a4f184bc096e5924d732f368203e5,San Jose Earthquakes vs Portland Timbers,h2h,,BetRivers,Portland Timbers,3.2000
2026-09-26T14:04:41+00:00,749a4f184bc096e5924d732f368203e5,San Jose Earthquakes vs Portland Timbers,h2h,,BetRivers,San Jose Earthquakes,2.0000
2026-09-26T14:04:41+00:00,749a4f184bc096e5924d732f368203e5,San Jose Earthquakes vs Portland Timbers,h2h,,BetRivers,Draw,3.8500
2026-09-26T14:04:41+00:00,749a4f184bc096e5924d732f368203e5,San Jose Earthquakes vs Portland Timbers,h2h,,Bovada,Portland Timbers,3.4500
2026-09-26T14:04:41+00:00,749a4f184bc096e5924d732f368203e5,San Jose Earthquakes vs Portland Timbers,h2h,,Bovada,San Jose Earthquakes,1.9300
2026-09-26T14:04:41+00:00,749a4f184bc096e5924d732f368203e5,San Jose Earthquakes vs Portland Timbers,h2h,,Bovada,Draw,3.9000
2026-09-26T14:04:41+00:00,749a4f184bc096e5924d732f368203e5,San Jose Earthquakes vs Portland Timbers,h2h,,DraftKings,Portland Timbers,3.3000
2026-09-26T14:04:41+00:00,749a4f184bc096e5924d732f368203e5,San Jose Earthquakes vs Portland Timbers,h2h,,DraftKings,San Jose Earthquakes,1.9500
2026-09-26T14:04:41+00:00,749a4f184bc096e5924d732f368203e5,San Jose Earthquakes vs Portland Timbers,h2h,,DraftKings,Draw,3.8000
2026-09-26T14:04:41+00:00,749a4f184bc096e5924d732f368203e5,San Jose Earthquakes vs Portland Timbers,h2h,,BetOnline.ag,Portland Timbers,3.6000
2026-09-26T14:04:41+00:00,749a4f184bc096e5924d732f368203e5,San Jose Earthquakes vs Portland Timbers,h2h,,BetOnline.ag,San Jose Earthquakes,1.9700
2026-09-26T14:04:41+00:00,749a4f184bc096e5924d732f368203e5,San Jose Earthquakes vs Portland Timbers,h2h,,BetOnline.ag,Draw,3.9900
2026-09-26T14:04:41+00:00,749a4f184bc096e5924d732f368203e5,San Jose Earthquakes vs Portland Timbers,h2h,,LowVig.ag,Portland Timbers,3.6000
2026-09-26T14:04:41+00:00,749a4f184bc096e5924d732f368203e5,San Jose Earthquakes vs Portland Timbers,h2h,,LowVig.ag,San Jose Earthquakes,1.9700
2026-09-26T14:04:41+00:00,749a4f184bc096e5924d732f368203e5,San Jose Earthquakes vs Portland Timbers,h2h,,LowVig.ag,Draw,3.9900
2026-09-26T14:04:41+00:00,749a4f184bc096e5924d732f368203e5,San Jose Earthquakes vs Portland Timbers,h2h,,BetUS,Portland Timbers,3.4600
2026-09-26T14:04:41+00:00,749a4f184bc096e5924d732f368203e5,San Jose Earthquakes vs Portland Timbers,h2h,,BetUS,San Jose Earthquakes,1.9500
2026-09-26T14:04:41+00:00,749a4f184bc096e5924d732f368203e5,San Jose Earthquakes vs Portland Timbers,h2h,,BetUS,Draw,3.9000
2026-09-26T14:04:41+00:00,749a4f184bc096e5924d732f368203e5,San Jose Earthquakes vs Portland Timbers,spreads,0.5,MyBookie.ag,Portland Timbers +0.5,1.7900
2026-09-26T14:04:41+00:00,749a4f184bc096e5924d732f368203e5,San Jose Earthquakes vs Portland Timbers,spreads,-0.5,MyBookie.ag,San Jose Earthquakes -0.5,1.9600
2026-09-26T14:04:41+00:00,749a4f184bc096e5924d732f368203e5,San Jose Earthquakes vs Portland Timbers,spreads,0.5,Bovada,Portland Timbers +0.5,1.8700
2026-09-26T14:04:41+00:00,749a4f184bc096e5924d732f368203e5,San Jose Earthquakes vs Portland Timbers,spreads,-0.5,Bovada,San Jose Earthquakes -0.5,1.9500
2026-09-26T14:04:41+00:00,749a4f184bc096e5924d732f368203e5,San Jose Earthquakes vs Portland Timbers,spreads,0.5,BetOnline.ag,Portland Timbers +0.5,1.8500
2026-09-26T14:04:41+00:00,749a4f184bc096e5924d732f368203e5,San Jose Earthquakes vs Portland Timbers,spreads,-0.5,BetOnline.ag,San Jose Earthquakes -0.5,1.9700
2026-09-26T14:04:41+00:00,749a4f184bc096e5924d732f368203e5,San Jose Earthquakes vs Portland Timbers,spreads,0.5,LowVig.ag,Portland Timbers +0.5,1.8500
2026-09-26T14:04:41+00:00,749a4f184bc096e5924d732f368203e5,San Jose Earthquakes vs Portland Timbers,spreads,-0.5,LowVig.ag,San Jose Earthquakes -0.5,1.9700
2026-09-26T14:04:41+00:00,749a4f184bc096e5924d732f368203e5,San Jose Earthquakes vs Portland Timbers,spreads,0.5,BetUS,Portland Timbers +0.5,1.9000
2026-09-26T14:04:41+00:00,749a4f184bc096e5924d732f368203e5,San Jose Earthquakes vs Portland Timbers,spreads,-0.5,BetUS,San Jose Earthquakes -0.5,1.8700
2026-09-26T14:04:41+00:00,749a4f184bc096e5924d732f368203e5,San Jose Earthquakes vs Portland Timbers,totals,3.5,MyBookie.ag,Over +3.5,1.9600
2026-09-26T14:04:41+00:00,749a4f184bc096e5924d732f368203e5,San Jose Earthquakes vs Portland Timbers,totals,3.5,MyBookie.ag,Under +3.5,1.7900
2026-09-26T14:04:41+00:00,749a4f184bc096e5924d732f368203e5,San Jose Earthquakes vs Portland Timbers,totals,3.5,BetMGM,Over +3.5,2.0000
2026-09-26T14:04:41+00:00,749a4f184bc096e5924d732f368203e5,San Jose Earthquakes vs Portland Timbers,totals,3.5,BetMGM,Under +3.5,1.6900
2026-09-26T14:04:41+00:00,749a4f184bc096e5924d732f368203e5,San Jose Earthquakes vs Portland Timbers,totals,3.5,BetRivers,Over +3.5,2.0500
2026-09-26T14:04:41+00:00,749a4f184bc096e5924d732f368203e5,San Jose Earthquakes vs Portland Timbers,totals,3.5,BetRivers,Under +3.5,1.7400
2026-09-26T14:04:41+00:00,749a4f184bc096e5924d732f368203e5,San Jose Earthquakes vs Portland Timbers,totals,3.5,Bovada,Over +3.5,2.0000
2026-09-26T14:04:41+00:00,749a4f184bc096e5924d732f368203e5,San Jose Earthquakes vs Portland Timbers,totals,3.5,Bovada,Under +3.5,1.8300
2026-09-26T14:04:41+00:00,749a4f184bc096e5924d732f368203e5,San Jose Earthquakes vs Portland Timbers,totals,3.5,BetOnline.ag,Over +3.5,1.9600
2026-09-26T14:04:41+00:00,749a4f184bc096e5924d732f368203e5,San Jose Earthquakes vs Portland Timbers,totals,3.5,BetOnline.ag,Under +3.5,1.8000
2026-09-26T14:04:41+00:00,749a4f184bc096e5924d732f368203e5,San Jose Earthquakes vs Portland Timbers,totals,3.5,LowVig.ag,Over +3.5,1.9600
2026-09-26T14:04:41+00:00,749a4f184bc096e5924d732f368203e5,San Jose Earthquakes vs Portland Timbers,totals,3.5,LowVig.ag,Under +3.5,1.8000
2026-09-26T14:04:41+00:00,749a4f184bc096e5924d732f368203e5,San Jose Earthquakes vs Portland Timbers,totals,3.5,BetUS,Over +3.5,1.9500
2026-09-26T14:04:41+00:00,749a4f184bc096e5924d732f368203e5,San Jose Earthquakes vs Portland Timbers,totals,3.5,BetUS,Under +3.5,1.8000
2026-09-26T14:04:41+00:00,aa53f6f572fd2c1335f51cb641d885a0,Bulgaria vs Luxembourg,h2h,,BetRivers,Bulgaria,2.2300
2026-09-26T14:04:41+00:00,aa53f6f572fd2c1335f51cb641d885a0,Bulgaria vs Luxembourg,h2h,,BetRivers,Luxembourg,3.4000
2026-09-26T14:04:41+00:00,aa53f6f572fd2c1335f51cb641d885a0,Bulgaria vs Luxembourg,h2h,,BetRivers,Draw,2.9500
2026-09-26T14:04:41+00:00,aa53f6f572fd2c1335f51cb641d885a0,Bulgaria vs Luxembourg,h2h,,FanDuel,Bulgaria,2.3500
2026-09-26T14:04:41+00:00,aa53f6f572fd2c1335f51cb641d885a0,Bulgaria vs Luxembourg,h2h,,FanDuel,Luxembourg,3.5000
2026-09-26T14:04:41+00:00,aa53f6f572fd2c1335f51cb641d885a0,Bulgaria vs Luxembourg,h2h,,FanDuel,Draw,2.7500
2026-09-26T14:04:41+00:00,aa53f6f572fd2c1335f51cb641d885a0,Bulgaria vs Luxembourg,h2h,,Bovada,Bulgaria,2.3200
2026-09-26T14:04:41+00:00,aa53f6f572fd2c1335f51cb641d885a0,Bulgaria vs Luxembourg,h2h,,Bovada,Luxembourg,3.4500
2026-09-26T14:04:41+00:00,aa53f6f572fd2c1335f51cb641d885a0,Bulgaria vs Luxembourg,h2h,,Bovada,Draw,2.7600
2026-09-26T14:04:41+00:00,aa53f6f572fd2c1335f51cb641d885a0,Bulgaria vs Luxembourg,h2h,,DraftKings,Bulgaria,2.3500
2026-09-26T14:04:41+00:00,aa53f6f572fd2c1335f51cb641d885a0,Bulgaria vs Luxembourg,h2h,,DraftKings,Luxembourg,3.3000
2026-09-26T14:04:41+00:00,aa53f6f572fd2c1335f51cb641d885a0,Bulgaria vs Luxembourg,h2h,,DraftKings,Draw,2.8500
2026-09-26T14:04:41+00:00,aa53f6f572fd2c1335f51cb641d885a0,Bulgaria vs Luxembourg,totals,1.5,BetRivers,Over +1.5,1.5400
2026-09-26T14:04:41+00:00,aa53f6f572fd2c1335f51cb641d885a0,Bulgaria vs Luxembourg,totals,1.5,BetRivers,Under +1.5,2.2800
2026-09-26T14:04:41+00:00,aa53f6f572fd2c1335f51cb641d885a0,Bulgaria vs Luxembourg,totals,1.75,Bovada,Over +1.75,1.8900
2026-09-26T14:04:41+00:00,aa53f6f572fd2c1335f51cb641d885a0,Bulgaria vs Luxembourg,totals,1.75,Bovada,Under +1.75,1.9300
2026-09-26T14:04:41+00:00,aa53f6f572fd2c1335f51cb641d885a0,Bulgaria vs Luxembourg,spreads,-0.25,Bovada,Bulgaria -0.25,1.9800
2026-09-26T14:04:41+00:00,aa53f6f572fd2c1335f51cb641d885a0,Bulgaria vs Luxembourg,spreads,0.25,Bovada,Luxembourg +0.25,1.8500
2026-09-26T14:04:41+00:00,c42d46144130858aea0b0c9ecd0dff1d,Iceland vs Estonia,h2h,,BetRivers,Estonia,10.5000
2026-09-26T14:04:41+00:00,c42d46144130858aea0b0c9ecd0dff1d,Iceland vs Estonia,h2h,,BetRivers,Iceland,1.2800
2026-09-26T14:04:41+00:00,c42d46144130858aea0b0c9ecd0dff1d,Iceland vs Estonia,h2h,,BetRivers,Draw,5.5000
2026-09-26T14:04:41+00:00,c42d46144130858aea0b0c9ecd0dff1d,Iceland vs Estonia,h2h,,FanDuel,Estonia,11.0000
2026-09-26T14:04:41+00:00,c42d46144130858aea0b0c9ecd0dff1d,Iceland vs Estonia,h2h,,FanDuel,Iceland,1.2400
2026-09-26T14:04:41+00:00,c42d46144130858aea0b0c9ecd0dff1d,Iceland vs Estonia,h2h,,FanDuel,Draw,5.7000
2026-09-26T14:04:41+00:00,c42d46144130858aea0b0c9ecd0dff1d,Iceland vs Estonia,h2h,,Bovada,Estonia,10.0000
2026-09-26T14:04:41+00:00,c42d46144130858aea0b0c9ecd0dff1d,Iceland vs Estonia,h2h,,Bovada,Iceland,1.2400
2026-09-26T14:04:41+00:00,c42d46144130858aea0b0c9ecd0dff1d,Iceland vs Estonia,h2h,,Bovada,Draw,5.5000
2026-09-26T14:04:41+00:00,c42d46144130858aea0b0c9ecd0dff1d,Iceland vs Estonia,h2h,,DraftKings,Estonia,10.0000
2026-09-26T14:04:41+00:00,c42d46144130858aea0b0c9ecd0dff1d,Iceland vs Estonia,h2h,,DraftKings,Iceland,1.2600
2026-09-26T14:04:41+00:00,c42d46144130858aea0b0c9ecd0dff1d,Iceland vs Estonia,h2h,,DraftKings,Draw,5.5000
2026-09-26T14:04:41+00:00,c42d46144130858aea0b0c9ecd0dff1d,Iceland vs Estonia,totals,2.5,BetRivers,Over +2.5,1.6500
2026-09-26T14:04:41+00:00,c42d46144130858aea0b0c9ecd0dff1d,Iceland vs Estonia,totals,2.5,BetRivers,Under +2.5,2.1600
2026-09-26T14:04:41+00:00,c42d46144130858aea0b0c9ecd0dff1d,Iceland vs Estonia,totals,2.75,Bovada,Over +2.75,1.8900
2026-09-26T14:04:41+00:00,c42d46144130858aea0b0c9ecd0dff1d,Iceland vs Estonia,totals,2.75,Bovada,Under +2.75,1.9300
2026-09-26T14:04:41+00:00,c42d46144130858aea0b0c9ecd0dff1d,Iceland vs Estonia,spreads,1.75,Bovada,Estonia +1.75,1.8000
2026-09-26T14:04:41+00:00,c42d46144130858aea0b0c9ecd0dff1d,Iceland vs Estonia,spreads,-1.75,Bovada,Iceland -1.75,2.0500
2026-09-26T14:04:41+00:00,4ba14febacc56908aa9eaf6fce35ea85,Faroe Islands vs Kazakhstan,h2h,,FanDuel,Faroe Islands,2.2000
2026-09-26T14:04:41+00:00,4ba14febacc56908aa9eaf6fce35ea85,Faroe Islands vs Kazakhstan,h2h,,FanDuel,Kazakhstan,3.3000
2026-09-26T14:04:41+00:00,4ba14febacc56908aa9eaf6fce35ea85,Faroe Islands vs Kazakhstan,h2h,,FanDuel,Draw,3.1000
2026-09-26T14:04:41+00:00,4ba14febacc56908aa9eaf6fce35ea85,Faroe Islands vs Kazakhstan,h2h,,BetRivers,Faroe Islands,2.2800
2026-09-26T14:04:41+00:00,4ba14febacc56908aa9eaf6fce35ea85,Faroe Islands vs Kazakhstan,h2h,,BetRivers,Kazakhstan,3.3000
2026-09-26T14:04:41+00:00,4ba14febacc56908aa9eaf6fce35ea85,Faroe Islands vs Kazakhstan,h2h,,BetRivers,Draw,3.1500
2026-09-26T14:04:41+00:00,4ba14febacc56908aa9eaf6fce35ea85,Faroe Islands vs Kazakhstan,h2h,,Bovada,Faroe Islands,2.2100
2026-09-26T14:04:41+00:00,4ba14febacc56908aa9eaf6fce35ea85,Faroe Islands vs Kazakhstan,h2h,,Bovada,Kazakhstan,3.2000
2026-09-26T14:04:41+00:00,4ba14febacc56908aa9eaf6fce35ea85,Faroe Islands vs Kazakhstan,h2h,,Bovada,Draw,3.1200
2026-09-26T14:04:41+00:00,4ba14febacc56908aa9eaf6fce35ea85,Faroe Islands vs Kazakhstan,h2h,,DraftKings,Faroe Islands,2.2000
2026-09-26T14:04:41+00:00,4ba14febacc56908aa9eaf6fce35ea85,Faroe Islands vs Kazakhstan,h2h,,DraftKings,Kazakhstan,3.2000
2026-09-26T14:04:41+00:00,4ba14febacc56908aa9eaf6fce35ea85,Faroe Islands vs Kazakhstan,h2h,,DraftKings,Draw,3.1500
2026-09-26T14:04:41+00:00,4ba14febacc56908aa9eaf6fce35ea85,Faroe Islands vs Kazakhstan,totals,2.5,BetRivers,Over +2.5,2.2800
2026-09-26T14:04:41+00:00,4ba14febacc56908aa9eaf6fce35ea85,Faroe Islands vs Kazakhstan,totals,2.5,BetRivers,Under +2.5,1.5700
2026-09-26T14:04:41+00:00,4ba14febacc56908aa9eaf6fce35ea85,Faroe Islands vs Kazakhstan,totals,2.25,Bovada,Over +2.25,1.9500
2026-09-26T14:04:41+00:00,4ba14febacc56908aa9eaf6fce35ea85,Faroe Islands vs Kazakhstan,totals,2.25,Bovada,Under +2.25,1.8700
2026-09-26T14:04:41+00:00,4ba14febacc56908aa9eaf6fce35ea85,Faroe Islands vs Kazakhstan,spreads,-0.25,Bovada,Faroe Islands -0.25,1.9300
2026-09-26T14:04:41+00:00,4ba14febacc56908aa9eaf6fce35ea85,Faroe Islands vs Kazakhstan,spreads,0.25,Bovada,Kazakhstan +0.25,1.8900
2026-09-26T14:04:41+00:00,133c2380620459b6c4dcefe9ce9f16dd,San Marino vs Finland,h2h,,BetRivers,Finland,1.0700
2026-09-26T14:04:41+00:00,133c2380620459b6c4dcefe9ce9f16dd,San Marino vs Finland,h2h,,BetRivers,San Marino,30.0000
2026-09-26T14:04:41+00:00,133c2380620459b6c4dcefe9ce9f16dd,San Marino vs Finland,h2h,,BetRivers,Draw,10.0000
2026-09-26T14:04:41+00:00,133c2380620459b6c4dcefe9ce9f16dd,San Marino vs Finland,h2h,,FanDuel,Finland,1.0500
2026-09-26T14:04:41+00:00,133c2380620459b6c4dcefe9ce9f16dd,San Marino vs Finland,h2h,,FanDuel,San Marino,36.0000
2026-09-26T14:04:41+00:00,133c2380620459b6c4dcefe9ce9f16dd,San Marino vs Finland,h2h,,FanDuel,Draw,12.0000
2026-09-26T14:04:41+00:00,133c2380620459b6c4dcefe9ce9f16dd,San Marino vs Finland,h2h,,DraftKings,Finland,1.0700
2026-09-26T14:04:41+00:00,133c2380620459b6c4dcefe9ce9f16dd,San Marino vs Finland,h2h,,DraftKings,San Marino,23.0000
2026-09-26T14:04:41+00:00,133c2380620459b6c4dcefe9ce9f16dd,San Marino vs Finland,h2h,,DraftKings,Draw,9.5000
2026-09-26T14:04:41+00:00,133c2380620459b6c4dcefe9ce9f16dd,San Marino vs Finland,h2h,,Bovada,Finland,1.0500
2026-09-26T14:04:41+00:00,133c2380620459b6c4dcefe9ce9f16dd,San Marino vs Finland,h2h,,Bovada,San Marino,24.0000
2026-09-26T14:04:41+00:00,133c2380620459b6c4dcefe9ce9f16dd,San Marino vs Finland,h2h,,Bovada,Draw,10.0000
2026-09-26T14:04:41+00:00,133c2380620459b6c4dcefe9ce9f16dd,San Marino vs Finland,totals,3.5,BetRivers,Over +3.5,2.2300
2026-09-26T14:04:41+00:00,133c2380620459b6c4dcefe9ce9f16dd,San Marino vs Finland,totals,3.5,BetRivers,Under +3.5,1.6100
2026-09-26T14:04:41+00:00,133c2380620459b6c4dcefe9ce9f16dd,San Marino vs Finland,totals,3.25,Bovada,Over +3.25,1.9500
2026-09-26T14:04:41+00:00,133c2380620459b6c4dcefe9ce9f16dd,San Marino vs Finland,totals,3.25,Bovada,Under +3.25,1.8700
2026-09-26T14:04:41+00:00,133c2380620459b6c4dcefe9ce9f16dd,San Marino vs Finland,spreads,-2.5,Bovada,Finland -2.5,1.8900
2026-09-26T14:04:41+00:00,133c2380620459b6c4dcefe9ce9f16dd,San Marino vs Finland,spreads,2.5,Bovada,San Marino +2.5,1.9300
2026-09-26T14:04:41+00:00,d88315e01313cc27f24422f32663671e,Albania vs Belarus,h2h,,Bovada,Albania,1.5700
2026-09-26T14:04:41+00:00,d88315e01313cc27f24422f32663671e,Albania vs Belarus,h2h,,Bovada,Belarus,5.6000
2026-09-26T14:04:41+00:00,d88315e01313cc27f24422f32663671e,Albania vs Belarus,h2h,,Bovada,Draw,3.7000
2026-09-26T14:04:41+00:00,d88315e01313cc27f24422f32663671e,Albania vs Belarus,spreads,-0.75,Bovada,Albania -0.75,1.7800
2026-09-26T14:04:41+00:00,d88315e01313cc27f24422f32663671e,Albania vs Belarus,spreads,0.75,Bovada,Belarus +0.75,2.0800
2026-09-26T14:04:41+00:00,d88315e01313cc27f24422f32663671e,Albania vs Belarus,totals,2.25,Bovada,Over +2.25,1.8500
2026-09-26T14:04:41+00:00,d88315e01313cc27f24422f32663671e,Albania vs Belarus,totals,2.25,Bovada,Under +2.25,1.9800
2026-09-26T14:04:41+00:00,54f94d1a1c5002076c378685a0026580,Czech Republic vs Croatia,h2h,,FanDuel,Croatia,1.9500
2026-09-26T14:04:41+00:00,54f94d1a1c5002076c378685a0026580,Czech Republic vs Croatia,h2h,,FanDuel,Czech Republic,3.7000
2026-09-26T14:04:41+00:00,54f94d1a1c5002076c378685a0026580,Czech Republic vs Croatia,h2h,,FanDuel,Draw,3.5000
2026-09-26T14:04:41+00:00,54f94d1a1c5002076c378685a0026580,Czech Republic vs Croatia,h2h,,BetRivers,Croatia,2.0000
2026-09-26T14:04:41+00:00,54f94d1a1c5002076c378685a0026580,Czech Republic vs Croatia,h2h,,BetRivers,Czech Republic,3.4500
2026-09-26T14:04:41+00:00,54f94d1a1c5002076c378685a0026580,Czech Republic vs Croatia,h2h,,BetRivers,Draw,3.5500
2026-09-26T14:04:41+00:00,54f94d1a1c5002076c378685a0026580,Czech Republic vs Croatia,h2h,,DraftKings,Croatia,2.0000
2026-09-26T14:04:41+00:00,54f94d1a1c5002076c378685a0026580,Czech Republic vs Croatia,h2h,,DraftKings,Czech Republic,3.6000
2026-09-26T14:04:41+00:00,54f94d1a1c5002076c378685a0026580,Czech Republic vs Croatia,h2h,,DraftKings,Draw,3.3500
2026-09-26T14:04:41+00:00,54f94d1a1c5002076c378685a0026580,Czech Republic vs Croatia,h2h,,Bovada,Croatia,1.9800
2026-09-26T14:04:41+00:00,54f94d1a1c5002076c378685a0026580,Czech Republic vs Croatia,h2h,,Bovada,Czech Republic,3.7500
2026-09-26T14:04:41+00:00,54f94d1a1c5002076c378685a0026580,Czech Republic vs Croatia,h2h,,Bovada,Draw,3.4000
2026-09-26T14:04:41+00:00,54f94d1a1c5002076c378685a0026580,Czech Republic vs Croatia,totals,2.5,BetRivers,Over +2.5,1.8000
2026-09-26T14:04:41+00:00,54f94d1a1c5002076c378685a0026580,Czech Republic vs Croatia,totals,2.5,BetRivers,Under +2.5,1.8700
2026-09-26T14:04:41+00:00,54f94d1a1c5002076c378685a0026580,Czech Republic vs Croatia,totals,2.75,Bovada,Over +2.75,2.0000
2026-09-26T14:04:41+00:00,54f94d1a1c5002076c378685a0026580,Czech Republic vs Croatia,totals,2.75,Bovada,Under +2.75,1.8300
2026-09-26T14:04:41+00:00,54f94d1a1c5002076c378685a0026580,Czech Republic vs Croatia,spreads,-0.5,Bovada,Croatia -0.5,2.0000
2026-09-26T14:04:41+00:00,54f94d1a1c5002076c378685a0026580,Czech Republic vs Croatia,spreads,0.5,Bovada,Czech Republic +0.5,1.8300
2026-09-26T14:04:41+00:00,229a537cdaa737d936ba7f111d31bbd7,England vs Spain,h2h,,FanDuel,England,3.9000
2026-09-26T14:04:41+00:00,229a537cdaa737d936ba7f111d31bbd7,England vs Spain,h2h,,FanDuel,Spain,1.9100
2026-09-26T14:04:41+00:00,229a537cdaa737d936ba7f111d31bbd7,England vs Spain,h2h,,FanDuel,Draw,3.4000
2026-09-26T14:04:41+00:00,229a537cdaa737d936ba7f111d31bbd7,England vs Spain,h2h,,BetRivers,England,3.7000
2026-09-26T14:04:41+00:00,229a537cdaa737d936ba7f111d31bbd7,England vs Spain,h2h,,BetRivers,Spain,1.9300
2026-09-26T14:04:41+00:00,229a537cdaa737d936ba7f111d31bbd7,England vs Spain,h2h,,BetRivers,Draw,3.3500
2026-09-26T14:04:41+00:00,229a537cdaa737d936ba7f111d31bbd7,England vs Spain,h2h,,DraftKings,England,3.7500
2026-09-26T14:04:41+00:00,229a537cdaa737d936ba7f111d31bbd7,England vs Spain,h2h,,DraftKings,Spain,1.9100
2026-09-26T14:04:41+00:00,229a537cdaa737d936ba7f111d31bbd7,England vs Spain,h2h,,DraftKings,Draw,3.4500
2026-09-26T14:04:41+00:00,229a537cdaa737d936ba7f111d31bbd7,England vs Spain,h2h,,Bovada,England,3.9500
2026-09-26T14:04:41+00:00,229a537cdaa737d936ba7f111d31bbd7,England vs Spain,h2h,,Bovada,Spain,1.9200
2026-09-26T14:04:41+00:00,229a537cdaa737d936ba7f111d31bbd7,England vs Spain,h2h,,Bovada,Draw,3.5000
2026-09-26T14:04:41+00:00,229a537cdaa737d936ba7f111d31bbd7,England vs Spain,totals,2.5,BetRivers,Over +2.5,1.6800
2026-09-26T14:04:41+00:00,229a537cdaa737d936ba7f111d31bbd7,England vs Spain,totals,2.5,BetRivers,Under +2.5,2.1000
2026-09-26T14:04:41+00:00,229a537cdaa737d936ba7f111d31bbd7,England vs Spain,totals,2.75,Bovada,Over +2.75,1.8900
2026-09-26T14:04:41+00:00,229a537cdaa737d936ba7f111d31bbd7,England vs Spain,totals,2.75,Bovada,Under +2.75,1.9300
2026-09-26T14:04:41+00:00,229a537cdaa737d936ba7f111d31bbd7,England vs Spain,spreads,0.5,Bovada,England +0.5,1.8900
2026-09-26T14:04:41+00:00,229a537cdaa737d936ba7f111d31bbd7,England vs Spain,spreads,-0.5,Bovada,Spain -0.5,1.9300
2026-09-26T14:04:41+00:00,fad69b34d56fcff0b32645c7121a8d81,Slovakia vs Moldova,h2h,,BetRivers,Moldova,17.0000
2026-09-26T14:04:41+00:00,fad69b34d56fcff0b32645c7121a8d81,Slovakia vs Moldova,h2h,,BetRivers,Slovakia,1.1500
2026-09-26T14:04:41+00:00,fad69b34d56fcff0b32645c7121a8d81,Slovakia vs Moldova,h2h,,BetRivers,Draw,7.5000
2026-09-26T14:04:41+00:00,fad69b34d56fcff0b32645c7121a8d81,Slovakia vs Moldova,h2h,,FanDuel,Moldova,19.0000
2026-09-26T14:04:41+00:00,fad69b34d56fcff0b32645c7121a8d81,Slovakia vs Moldova,h2h,,FanDuel,Slovakia,1.1100
2026-09-26T14:04:41+00:00,fad69b34d56fcff0b32645c7121a8d81,Slovakia vs Moldova,h2h,,FanDuel,Draw,8.0000
2026-09-26T14:04:41+00:00,fad69b34d56fcff0b32645c7121a8d81,Slovakia vs Moldova,h2h,,Bovada,Moldova,15.0000
2026-09-26T14:04:41+00:00,fad69b34d56fcff0b32645c7121a8d81,Slovakia vs Moldova,h2h,,Bovada,Slovakia,1.1300
2026-09-26T14:04:41+00:00,fad69b34d56fcff0b32645c7121a8d81,Slovakia vs Moldova,h2h,,Bovada,Draw,7.2500
2026-09-26T14:04:41+00:00,fad69b34d56fcff0b32645c7121a8d81,Slovakia vs Moldova,h2h,,DraftKings,Moldova,17.0000
2026-09-26T14:04:41+00:00,fad69b34d56fcff0b32645c7121a8d81,Slovakia vs Moldova,h2h,,DraftKings,Slovakia,1.1300
2026-09-26T14:04:41+00:00,fad69b34d56fcff0b32645c7121a8d81,Slovakia vs Moldova,h2h,,DraftKings,Draw,7.5000
2026-09-26T14:04:41+00:00,fad69b34d56fcff0b32645c7121a8d81,Slovakia vs Moldova,totals,3.5,BetRivers,Over +3.5,2.3200
2026-09-26T14:04:41+00:00,fad69b34d56fcff0b32645c7121a8d81,Slovakia vs Moldova,totals,3.5,BetRivers,Under +3.5,1.5600
2026-09-26T14:04:41+00:00,fad69b34d56fcff0b32645c7121a8d81,Slovakia vs Moldova,totals,3.0,Bovada,Over +3,1.9300
2026-09-26T14:04:41+00:00,fad69b34d56fcff0b32645c7121a8d81,Slovakia vs Moldova,totals,3.0,Bovada,Under +3,1.8900
2026-09-26T14:04:41+00:00,fad69b34d56fcff0b32645c7121a8d81,Slovakia vs Moldova,spreads,2.25,Bovada,Moldova +2.25,1.8000
2026-09-26T14:04:41+00:00,fad69b34d56fcff0b32645c7121a8d81,Slovakia vs Moldova,spreads,-2.25,Bovada,Slovakia -2.25,2.0500
2026-09-26T14:04:41+00:00,54853b10baa6409ded41f1b15b6e261c,North Macedonia vs Switzerland,h2h,,BetRivers,North Macedonia,9.5000
2026-09-26T14:04:41+00:00,54853b10baa6409ded41f1b15b6e261c,North Macedonia vs Switzerland,h2h,,BetRivers,Switzerland,1.3300
2026-09-26T14:04:41+00:00,54853b10baa6409ded41f1b15b6e261c,North Macedonia vs Switzerland,h2h,,BetRivers,Draw,4.7500
2026-09-26T14:04:41+00:00,54853b10baa6409ded41f1b15b6e261c,North Macedonia vs Switzerland,h2h,,FanDuel,North Macedonia,11.0000
2026-09-26T14:04:41+00:00,54853b10baa6409ded41f1b15b6e261c,North Macedonia vs Switzerland,h2h,,FanDuel,Switzerland,1.2900
2026-09-26T14:04:41+00:00,54853b10baa6409ded41f1b15b6e261c,North Macedonia vs Switzerland,h2h,,FanDuel,Draw,4.8000
2026-09-26T14:04:41+00:00,54853b10baa6409ded41f1b15b6e261c,North Macedonia vs Switzerland,h2h,,DraftKings,North Macedonia,10.0000
2026-09-26T14:04:41+00:00,54853b10baa6409ded41f1b15b6e261c,North Macedonia vs Switzerland,h2h,,DraftKings,Switzerland,1.3100
2026-09-26T14:04:41+00:00,54853b10baa6409ded41f1b15b6e261c,North Macedonia vs Switzerland,h2h,,DraftKings,Draw,4.6000
2026-09-26T14:04:41+00:00,54853b10baa6409ded41f1b15b6e261c,North Macedonia vs Switzerland,h2h,,Bovada,North Macedonia,10.0000
2026-09-26T14:04:41+00:00,54853b10baa6409ded41f1b15b6e261c,North Macedonia vs Switzerland,h2h,,Bovada,Switzerland,1.3200
2026-09-26T14:04:41+00:00,54853b10baa6409ded41f1b15b6e261c,North Macedonia vs Switzerland,h2h,,Bovada,Draw,4.8000
2026-09-26T14:04:41+00:00,54853b10baa6409ded41f1b15b6e261c,North Macedonia vs Switzerland,totals,2.5,BetRivers,Over +2.5,1.9300
2026-09-26T14:04:41+00:00,54853b10baa6409ded41f1b15b6e261c,North Macedonia vs Switzerland,totals,2.5,BetRivers,Under +2.5,1.7400
2026-09-26T14:04:41+00:00,54853b10baa6409ded41f1b15b6e261c,North Macedonia vs Switzerland,totals,2.25,Bovada,Over +2.25,1.8000
2026-09-26T14:04:41+00:00,54853b10baa6409ded41f1b15b6e261c,North Macedonia vs Switzerland,totals,2.25,Bovada,Under +2.25,2.0500
2026-09-26T14:04:41+00:00,54853b10baa6409ded41f1b15b6e261c,North Macedonia vs Switzerland,spreads,1.5,Bovada,North Macedonia +1.5,1.8000
2026-09-26T14:04:41+00:00,54853b10baa6409ded41f1b15b6e261c,North Macedonia vs Switzerland,spreads,-1.5,Bovada,Switzerland -1.5,2.0500
2026-09-26T14:04:41+00:00,3a8119a7913de6cce01fdc6c809918d8,Granada CF vs Andorra CF,h2h,,LowVig.ag,Andorra CF,3.6500
2026-09-26T14:04:41+00:00,3a8119a7913de6cce01fdc6c809918d8,Granada CF vs Andorra CF,h2h,,LowVig.ag,Granada CF,2.0400
2026-09-26T14:04:41+00:00,3a8119a7913de6cce01fdc6c809918d8,Granada CF vs Andorra CF,h2h,,LowVig.ag,Draw,3.3500
2026-09-26T14:04:41+00:00,3a8119a7913de6cce01fdc6c809918d8,Granada CF vs Andorra CF,h2h,,BetOnline.ag,Andorra CF,3.6500
2026-09-26T14:04:41+00:00,3a8119a7913de6cce01fdc6c809918d8,Granada CF vs Andorra CF,h2h,,BetOnline.ag,Granada CF,2.0400
2026-09-26T14:04:41+00:00,3a8119a7913de6cce01fdc6c809918d8,Granada CF vs Andorra CF,h2h,,BetOnline.ag,Draw,3.3500
2026-09-26T14:04:41+00:00,3a8119a7913de6cce01fdc6c809918d8,Granada CF vs Andorra CF,h2h,,BetMGM,Andorra CF,3.4000
2026-09-26T14:04:41+00:00,3a8119a7913de6cce01fdc6c809918d8,Granada CF vs Andorra CF,h2h,,BetMGM,Granada CF,2.0500
2026-09-26T14:04:41+00:00,3a8119a7913de6cce01fdc6c809918d8,Granada CF vs Andorra CF,h2h,,BetMGM,Draw,3.2000
2026-09-26T14:04:41+00:00,3a8119a7913de6cce01fdc6c809918d8,Granada CF vs Andorra CF,h2h,,FanDuel,Andorra CF,3.5000
2026-09-26T14:04:41+00:00,3a8119a7913de6cce01fdc6c809918d8,Granada CF vs Andorra CF,h2h,,FanDuel,Granada CF,2.0500
2026-09-26T14:04:41+00:00,3a8119a7913de6cce01fdc6c809918d8,Granada CF vs Andorra CF,h2h,,FanDuel,Draw,3.2000
2026-09-26T14:04:41+00:00,3a8119a7913de6cce01fdc6c809918d8,Granada CF vs Andorra CF,h2h,,Bovada,Andorra CF,3.5000
2026-09-26T14:04:41+00:00,3a8119a7913de6cce01fdc6c809918d8,Granada CF vs Andorra CF,h2h,,Bovada,Granada CF,2.0400
2026-09-26T14:04:41+00:00,3a8119a7913de6cce01fdc6c809918d8,Granada CF vs Andorra CF,h2h,,Bovada,Draw,3.2500
2026-09-26T14:04:41+00:00,3a8119a7913de6cce01fdc6c809918d8,Granada CF vs Andorra CF,h2h,,DraftKings,Andorra CF,3.5000
2026-09-26T14:04:41+00:00,3a8119a7913de6cce01fdc6c809918d8,Granada CF vs Andorra CF,h2h,,DraftKings,Granada CF,2.1000
2026-09-26T14:04:41+00:00,3a8119a7913de6cce01fdc6c809918d8,Granada CF vs Andorra CF,h2h,,DraftKings,Draw,3.3500
2026-09-26T14:04:41+00:00,3a8119a7913de6cce01fdc6c809918d8,Granada CF vs Andorra CF,spreads,0.5,LowVig.ag,Andorra CF +0.5,1.8000
2026-09-26T14:04:41+00:00,3a8119a7913de6cce01fdc6c809918d8,Granada CF vs Andorra CF,spreads,-0.5,LowVig.ag,Granada CF -0.5,2.0300
2026-09-26T14:04:41+00:00,3a8119a7913de6cce01fdc6c809918d8,Granada CF vs Andorra CF,spreads,0.5,BetOnline.ag,Andorra CF +0.5,1.8000
2026-09-26T14:04:41+00:00,3a8119a7913de6cce01fdc6c809918d8,Granada CF vs Andorra CF,spreads,-0.5,BetOnline.ag,Granada CF -0.5,2.0300
2026-09-26T14:04:41+00:00,3a8119a7913de6cce01fdc6c809918d8,Granada CF vs Andorra CF,spreads,0.25,Bovada,Andorra CF +0.25,2.0500
2026-09-26T14:04:41+00:00,3a8119a7913de6cce01fdc6c809918d8,Granada CF vs Andorra CF,spreads,-0.25,Bovada,Granada CF -0.25,1.8000
2026-09-26T14:04:41+00:00,3a8119a7913de6cce01fdc6c809918d8,Granada CF vs Andorra CF,totals,2.5,LowVig.ag,Over +2.5,2.0100
2026-09-26T14:04:41+00:00,3a8119a7913de6cce01fdc6c809918d8,Granada CF vs Andorra CF,totals,2.5,LowVig.ag,Under +2.5,1.7800
2026-09-26T14:04:41+00:00,3a8119a7913de6cce01fdc6c809918d8,Granada CF vs Andorra CF,totals,2.5,BetOnline.ag,Over +2.5,2.0100
2026-09-26T14:04:41+00:00,3a8119a7913de6cce01fdc6c809918d8,Granada CF vs Andorra CF,totals,2.5,BetOnline.ag,Under +2.5,1.7800
2026-09-26T14:04:41+00:00,3a8119a7913de6cce01fdc6c809918d8,Granada CF vs Andorra CF,totals,2.5,BetMGM,Over +2.5,1.9500
2026-09-26T14:04:41+00:00,3a8119a7913de6cce01fdc6c809918d8,Granada CF vs Andorra CF,totals,2.5,BetMGM,Under +2.5,1.7400
2026-09-26T14:04:41+00:00,3a8119a7913de6cce01fdc6c809918d8,Granada CF vs Andorra CF,totals,2.5,Bovada,Over +2.5,2.0000
2026-09-26T14:04:41+00:00,3a8119a7913de6cce01fdc6c809918d8,Granada CF vs Andorra CF,totals,2.5,Bovada,Under +2.5,1.8300
2026-09-26T14:04:41+00:00,fedce4633a1092b2fc6ef8714625886f,Celta Fortuna vs Sabadell FC,h2h,,LowVig.ag,Celta Fortuna,3.4000
2026-09-26T14:04:41+00:00,fedce4633a1092b2fc6ef8714625886f,Celta Fortuna vs Sabadell FC,h2h,,LowVig.ag,Sabadell FC,2.1800
2026-09-26T14:04:41+00:00,fedce4633a1092b2fc6ef8714625886f,Celta Fortuna vs Sabadell FC,h2h,,LowVig.ag,Draw,3.2000
2026-09-26T14:04:41+00:00,fedce4633a1092b2fc6ef8714625886f,Celta Fortuna vs Sabadell FC,h2h,,BetOnline.ag,Celta Fortuna,3.4000
2026-09-26T14:04:41+00:00,fedce4633a1092b2fc6ef8714625886f,Celta Fortuna vs Sabadell FC,h2h,,BetOnline.ag,Sabadell FC,2.1800
2026-09-26T14:04:41+00:00,fedce4633a1092b2fc6ef8714625886f,Celta Fortuna vs Sabadell FC,h2h,,BetOnline.ag,Draw,3.2000
2026-09-26T14:04:41+00:00,fedce4633a1092b2fc6ef8714625886f,Celta Fortuna vs Sabadell FC,h2h,,FanDuel,Celta Fortuna,3.4000
2026-09-26T14:04:41+00:00,fedce4633a1092b2fc6ef8714625886f,Celta Fortuna vs Sabadell FC,h2h,,FanDuel,Sabadell FC,2.1500
2026-09-26T14:04:41+00:00,fedce4633a1092b2fc6ef8714625886f,Celta Fortuna vs Sabadell FC,h2h,,FanDuel,Draw,3.2000
2026-09-26T14:04:41+00:00,fedce4633a1092b2fc6ef8714625886f,Celta Fortuna vs Sabadell FC,h2h,,DraftKings,Celta Fortuna,3.4000
2026-09-26T14:04:41+00:00,fedce4633a1092b2fc6ef8714625886f,Celta Fortuna vs Sabadell FC,h2h,,DraftKings,Sabadell FC,2.1500
2026-09-26T14:04:41+00:00,fedce4633a1092b2fc6ef8714625886f,Celta Fortuna vs Sabadell FC,h2h,,DraftKings,Draw,3.3000
2026-09-26T14:04:41+00:00,fedce4633a1092b2fc6ef8714625886f,Celta Fortuna vs Sabadell FC,h2h,,Bovada,Celta Fortuna,3.4000
2026-09-26T14:04:41+00:00,fedce4633a1092b2fc6ef8714625886f,Celta Fortuna vs Sabadell FC,h2h,,Bovada,Sabadell FC,2.1100
2026-09-26T14:04:41+00:00,fedce4633a1092b2fc6ef8714625886f,Celta Fortuna vs Sabadell FC,h2h,,Bovada,Draw,3.1500
2026-09-26T14:04:41+00:00,fedce4633a1092b2fc6ef8714625886f,Celta Fortuna vs Sabadell FC,spreads,0.25,LowVig.ag,Celta Fortuna +0.25,1.9600
2026-09-26T14:04:41+00:00,fedce4633a1092b2fc6ef8714625886f,Celta Fortuna vs Sabadell FC,spreads,-0.25,LowVig.ag,Sabadell FC -0.25,1.8500
2026-09-26T14:04:41+00:00,fedce4633a1092b2fc6ef8714625886f,Celta Fortuna vs Sabadell FC,spreads,0.25,BetOnline.ag,Celta Fortuna +0.25,1.9600
2026-09-26T14:04:41+00:00,fedce4633a1092b2fc6ef8714625886f,Celta Fortuna vs Sabadell FC,spreads,-0.25,BetOnline.ag,Sabadell FC -0.25,1.8500
2026-09-26T14:04:41+00:00,fedce4633a1092b2fc6ef8714625886f,Celta Fortuna vs Sabadell FC,spreads,0.25,Bovada,Celta Fortuna +0.25,1.9800
2026-09-26T14:04:41+00:00,fedce4633a1092b2fc6ef8714625886f,Celta Fortuna vs Sabadell FC,spreads,-0.25,Bovada,Sabadell FC -0.25,1.8500
2026-09-26T14:04:41+00:00,fedce4633a1092b2fc6ef8714625886f,Celta Fortuna vs Sabadell FC,totals,2.25,LowVig.ag,Over +2.25,1.8000
2026-09-26T14:04:41+00:00,fedce4633a1092b2fc6ef8714625886f,Celta Fortuna vs Sabadell FC,totals,2.25,LowVig.ag,Under +2.25,1.9900
2026-09-26T14:04:41+00:00,fedce4633a1092b2fc6ef8714625886f,Celta Fortuna vs Sabadell FC,totals,2.25,BetOnline.ag,Over +2.25,1.8000
2026-09-26T14:04:41+00:00,fedce4633a1092b2fc6ef8714625886f,Celta Fortuna vs Sabadell FC,totals,2.25,BetOnline.ag,Under +2.25,1.9900
2026-09-26T14:04:41+00:00,fedce4633a1092b2fc6ef8714625886f,Celta Fortuna vs Sabadell FC,totals,2.25,Bovada,Over +2.25,1.8000
2026-09-26T14:04:41+00:00,fedce4633a1092b2fc6ef8714625886f,Celta Fortuna vs Sabadell FC,totals,2.25,Bovada,Under +2.25,2.0500
2026-09-26T14:04:41+00:00,4b1f13dd57dd2f5a6d8a54593cf298ae,Tenerife vs Cádiz CF,h2h,,FanDuel,Cádiz CF,4.7000
2026-09-26T14:04:41+00:00,4b1f13dd57dd2f5a6d8a54593cf298ae,Tenerife vs Cádiz CF,h2h,,FanDuel,Tenerife,1.8300
2026-09-26T14:04:41+00:00,4b1f13dd57dd2f5a6d8a54593cf298ae,Tenerife vs Cádiz CF,h2h,,FanDuel,Draw,3.2000
2026-09-26T14:04:41+00:00,4b1f13dd57dd2f5a6d8a54593cf298ae,Tenerife vs Cádiz CF,h2h,,DraftKings,Cádiz CF,4.4000
2026-09-26T14:04:41+00:00,4b1f13dd57dd2f5a6d8a54593cf298ae,Tenerife vs Cádiz CF,h2h,,DraftKings,Tenerife,1.8700
2026-09-26T14:04:41+00:00,4b1f13dd57dd2f5a6d8a54593cf298ae,Tenerife vs Cádiz CF,h2h,,DraftKings,Draw,3.3500
2026-09-26T14:04:41+00:00,4b1f13dd57dd2f5a6d8a54593cf298ae,Tenerife vs Cádiz CF,h2h,,Bovada,Cádiz CF,4.5000
2026-09-26T14:04:41+00:00,4b1f13dd57dd2f5a6d8a54593cf298ae,Tenerife vs Cádiz CF,h2h,,Bovada,Tenerife,1.8200
2026-09-26T14:04:41+00:00,4b1f13dd57dd2f5a6d8a54593cf298ae,Tenerife vs Cádiz CF,h2h,,Bovada,Draw,3.2000
2026-09-26T14:04:41+00:00,4b1f13dd57dd2f5a6d8a54593cf298ae,Tenerife vs Cádiz CF,h2h,,BetMGM,Cádiz CF,4.2000
2026-09-26T14:04:41+00:00,4b1f13dd57dd2f5a6d8a54593cf298ae,Tenerife vs Cádiz CF,h2h,,BetMGM,Tenerife,1.8300
2026-09-26T14:04:41+00:00,4b1f13dd57dd2f5a6d8a54593cf298ae,Tenerife vs Cádiz CF,h2h,,BetMGM,Draw,3.2000
2026-09-26T14:04:41+00:00,4b1f13dd57dd2f5a6d8a54593cf298ae,Tenerife vs Cádiz CF,h2h,,LowVig.ag,Cádiz CF,4.6000
2026-09-26T14:04:41+00:00,4b1f13dd57dd2f5a6d8a54593cf298ae,Tenerife vs Cádiz CF,h2h,,LowVig.ag,Tenerife,1.8600
2026-09-26T14:04:41+00:00,4b1f13dd57dd2f5a6d8a54593cf298ae,Tenerife vs Cádiz CF,h2h,,LowVig.ag,Draw,3.2500
2026-09-26T14:04:41+00:00,4b1f13dd57dd2f5a6d8a54593cf298ae,Tenerife vs Cádiz CF,h2h,,BetOnline.ag,Cádiz CF,4.6000
2026-09-26T14:04:41+00:00,4b1f13dd57dd2f5a6d8a54593cf298ae,Tenerife vs Cádiz CF,h2h,,BetOnline.ag,Tenerife,1.8600
2026-09-26T14:04:41+00:00,4b1f13dd57dd2f5a6d8a54593cf298ae,Tenerife vs Cádiz CF,h2h,,BetOnline.ag,Draw,3.2500
2026-09-26T14:04:41+00:00,4b1f13dd57dd2f5a6d8a54593cf298ae,Tenerife vs Cádiz CF,spreads,0.5,Bovada,Cádiz CF +0.5,1.9800
2026-09-26T14:04:41+00:00,4b1f13dd57dd2f5a6d8a54593cf298ae,Tenerife vs Cádiz CF,spreads,-0.5,Bovada,Tenerife -0.5,1.8500
2026-09-26T14:04:41+00:00,4b1f13dd57dd2f5a6d8a54593cf298ae,Tenerife vs Cádiz CF,spreads,0.5,LowVig.ag,Cádiz CF +0.5,1.9900
2026-09-26T14:04:41+00:00,4b1f13dd57dd2f5a6d8a54593cf298ae,Tenerife vs Cádiz CF,spreads,-0.5,LowVig.ag,Tenerife -0.5,1.8300
2026-09-26T14:04:41+00:00,4b1f13dd57dd2f5a6d8a54593cf298ae,Tenerife vs Cádiz CF,spreads,0.5,BetOnline.ag,Cádiz CF +0.5,1.9900
2026-09-26T14:04:41+00:00,4b1f13dd57dd2f5a6d8a54593cf298ae,Tenerife vs Cádiz CF,spreads,-0.5,BetOnline.ag,Tenerife -0.5,1.8300
2026-09-26T14:04:41+00:00,4b1f13dd57dd2f5a6d8a54593cf298ae,Tenerife vs Cádiz CF,totals,2.0,Bovada,Over +2,1.8000
2026-09-26T14:04:41+00:00,4b1f13dd57dd2f5a6d8a54593cf298ae,Tenerife vs Cádiz CF,totals,2.0,Bovada,Under +2,2.0500
2026-09-26T14:04:41+00:00,4b1f13dd57dd2f5a6d8a54593cf298ae,Tenerife vs Cádiz CF,totals,2.5,BetMGM,Over +2.5,2.2500
2026-09-26T14:04:41+00:00,4b1f13dd57dd2f5a6d8a54593cf298ae,Tenerife vs Cádiz CF,totals,2.5,BetMGM,Under +2.5,1.5700
2026-09-26T14:04:41+00:00,4b1f13dd57dd2f5a6d8a54593cf298ae,Tenerife vs Cádiz CF,totals,2.0,LowVig.ag,Over +2,1.7600
2026-09-26T14:04:41+00:00,4b1f13dd57dd2f5a6d8a54593cf298ae,Tenerife vs Cádiz CF,totals,2.0,LowVig.ag,Under +2,2.0300
2026-09-26T14:04:41+00:00,4b1f13dd57dd2f5a6d8a54593cf298ae,Tenerife vs Cádiz CF,totals,2.0,BetOnline.ag,Over +2,1.7600
2026-09-26T14:04:41+00:00,4b1f13dd57dd2f5a6d8a54593cf298ae,Tenerife vs Cádiz CF,totals,2.0,BetOnline.ag,Under +2,2.0300
2026-09-26T14:04:41+00:00,05b881a26c3e03cb419559c37f25ba29,Operario PR vs Ceará,h2h,,BetRivers,Ceará,3.3500
2026-09-26T14:04:41+00:00,05b881a26c3e03cb419559c37f25ba29,Operario PR vs Ceará,h2h,,BetRivers,Operario PR,2.0800
2026-09-26T14:04:41+00:00,05b881a26c3e03cb419559c37f25ba29,Operario PR vs Ceará,h2h,,BetRivers,Draw,3.1500
2026-09-26T14:04:41+00:00,05b881a26c3e03cb419559c37f25ba29,Operario PR vs Ceará,h2h,,LowVig.ag,Ceará,3.5500
2026-09-26T14:04:41+00:00,05b881a26c3e03cb419559c37f25ba29,Operario PR vs Ceará,h2h,,LowVig.ag,Operario PR,2.1200
2026-09-26T14:04:41+00:00,05b881a26c3e03cb419559c37f25ba29,Operario PR vs Ceará,h2h,,LowVig.ag,Draw,3.2000
2026-09-26T14:04:41+00:00,05b881a26c3e03cb419559c37f25ba29,Operario PR vs Ceará,h2h,,BetOnline.ag,Ceará,3.5500
2026-09-26T14:04:41+00:00,05b881a26c3e03cb419559c37f25ba29,Operario PR vs Ceará,h2h,,BetOnline.ag,Operario PR,2.1200
2026-09-26T14:04:41+00:00,05b881a26c3e03cb419559c37f25ba29,Operario PR vs Ceará,h2h,,BetOnline.ag,Draw,3.2000
2026-09-26T14:04:41+00:00,05b881a26c3e03cb419559c37f25ba29,Operario PR vs Ceará,h2h,,FanDuel,Ceará,3.5000
2026-09-26T14:04:41+00:00,05b881a26c3e03cb419559c37f25ba29,Operario PR vs Ceará,h2h,,FanDuel,Operario PR,2.1000
2026-09-26T14:04:41+00:00,05b881a26c3e03cb419559c37f25ba29,Operario PR vs Ceará,h2h,,FanDuel,Draw,3.2000
2026-09-26T14:04:41+00:00,05b881a26c3e03cb419559c37f25ba29,Operario PR vs Ceará,h2h,,DraftKings,Ceará,3.5500
2026-09-26T14:04:41+00:00,05b881a26c3e03cb419559c37f25ba29,Operario PR vs Ceará,h2h,,DraftKings,Operario PR,2.1500
2026-09-26T14:04:41+00:00,05b881a26c3e03cb419559c37f25ba29,Operario PR vs Ceará,h2h,,DraftKings,Draw,3.2500
2026-09-26T14:04:41+00:00,05b881a26c3e03cb419559c37f25ba29,Operario PR vs Ceará,h2h,,BetUS,Ceará,3.5500
2026-09-26T14:04:41+00:00,05b881a26c3e03cb419559c37f25ba29,Operario PR vs Ceará,h2h,,BetUS,Operario PR,2.1200
2026-09-26T14:04:41+00:00,05b881a26c3e03cb419559c37f25ba29,Operario PR vs Ceará,h2h,,BetUS,Draw,3.2000
2026-09-26T14:04:41+00:00,05b881a26c3e03cb419559c37f25ba29,Operario PR vs Ceará,h2h,,Bovada,Ceará,3.5000
2026-09-26T14:04:41+00:00,05b881a26c3e03cb419559c37f25ba29,Operario PR vs Ceará,h2h,,Bovada,Operario PR,2.0600
2026-09-26T14:04:41+00:00,05b881a26c3e03cb419559c37f25ba29,Operario PR vs Ceará,h2h,,Bovada,Draw,3.1500
2026-09-26T14:04:41+00:00,05b881a26c3e03cb419559c37f25ba29,Operario PR vs Ceará,totals,2.5,BetRivers,Over +2.5,2.1400
2026-09-26T14:04:41+00:00,05b881a26c3e03cb419559c37f25ba29,Operario PR vs Ceará,totals,2.5,BetRivers,Under +2.5,1.6300
2026-09-26T14:04:41+00:00,05b881a26c3e03cb419559c37f25ba29,Operario PR vs Ceará,totals,2.25,LowVig.ag,Over +2.25,1.8500
2026-09-26T14:04:41+00:00,05b881a26c3e03cb419559c37f25ba29,Operario PR vs Ceará,totals,2.25,LowVig.ag,Under +2.25,1.8600
2026-09-26T14:04:41+00:00,05b881a26c3e03cb419559c37f25ba29,Operario PR vs Ceará,totals,2.25,BetOnline.ag,Over +2.25,1.8500
2026-09-26T14:04:41+00:00,05b881a26c3e03cb419559c37f25ba29,Operario PR vs Ceará,totals,2.25,BetOnline.ag,Under +2.25,1.8600
2026-09-26T14:04:41+00:00,05b881a26c3e03cb419559c37f25ba29,Operario PR vs Ceará,totals,2.25,BetUS,Over +2.25,1.8300
2026-09-26T14:04:41+00:00,05b881a26c3e03cb419559c37f25ba29,Operario PR vs Ceará,totals,2.25,BetUS,Under +2.25,1.9100
2026-09-26T14:04:41+00:00,05b881a26c3e03cb419559c37f25ba29,Operario PR vs Ceará,totals,2.25,Bovada,Over +2.25,1.8700
2026-09-26T14:04:41+00:00,05b881a26c3e03cb419559c37f25ba29,Operario PR vs Ceará,totals,2.25,Bovada,Under +2.25,1.8700
2026-09-26T14:04:41+00:00,05b881a26c3e03cb419559c37f25ba29,Operario PR vs Ceará,spreads,0.5,LowVig.ag,Ceará +0.5,1.7100
2026-09-26T14:04:41+00:00,05b881a26c3e03cb419559c37f25ba29,Operario PR vs Ceará,spreads,-0.5,LowVig.ag,Operario PR -0.5,2.0200
2026-09-26T14:04:41+00:00,05b881a26c3e03cb419559c37f25ba29,Operario PR vs Ceará,spreads,0.5,BetOnline.ag,Ceará +0.5,1.7100
2026-09-26T14:04:41+00:00,05b881a26c3e03cb419559c37f25ba29,Operario PR vs Ceará,spreads,-0.5,BetOnline.ag,Operario PR -0.5,2.0200
2026-09-26T14:04:41+00:00,05b881a26c3e03cb419559c37f25ba29,Operario PR vs Ceará,spreads,0.25,Bovada,Ceará +0.25,1.9800
2026-09-26T14:04:41+00:00,05b881a26c3e03cb419559c37f25ba29,Operario PR vs Ceará,spreads,-0.25,Bovada,Operario PR -0.25,1.7800
2026-09-26T14:04:41+00:00,8cc0a23818f4147d5c851761e45caefd,Nautico PE vs Sport Recife,h2h,,BetRivers,Nautico PE,2.2800
2026-09-26T14:04:41+00:00,8cc0a23818f4147d5c851761e45caefd,Nautico PE vs Sport Recife,h2h,,BetRivers,Sport Recife,2.8500
2026-09-26T14:04:41+00:00,8cc0a23818f4147d5c851761e45caefd,Nautico PE vs Sport Recife,h2h,,BetRivers,Draw,3.2500
2026-09-26T14:04:41+00:00,8cc0a23818f4147d5c851761e45caefd,Nautico PE vs Sport Recife,h2h,,FanDuel,Nautico PE,2.2000
2026-09-26T14:04:41+00:00,8cc0a23818f4147d5c851761e45caefd,Nautico PE vs Sport Recife,h2h,,FanDuel,Sport Recife,3.1000
2026-09-26T14:04:41+00:00,8cc0a23818f4147d5c851761e45caefd,Nautico PE vs Sport Recife,h2h,,FanDuel,Draw,3.3000
2026-09-26T14:04:41+00:00,8cc0a23818f4147d5c851761e45caefd,Nautico PE vs Sport Recife,h2h,,LowVig.ag,Nautico PE,2.2800
2026-09-26T14:04:41+00:00,8cc0a23818f4147d5c851761e45caefd,Nautico PE vs Sport Recife,h2h,,LowVig.ag,Sport Recife,3.2500
2026-09-26T14:04:41+00:00,8cc0a23818f4147d5c851761e45caefd,Nautico PE vs Sport Recife,h2h,,LowVig.ag,Draw,3.1500
2026-09-26T14:04:41+00:00,8cc0a23818f4147d5c851761e45caefd,Nautico PE vs Sport Recife,h2h,,BetOnline.ag,Nautico PE,2.2800
2026-09-26T14:04:41+00:00,8cc0a23818f4147d5c851761e45caefd,Nautico PE vs Sport Recife,h2h,,BetOnline.ag,Sport Recife,3.2500
2026-09-26T14:04:41+00:00,8cc0a23818f4147d5c851761e45caefd,Nautico PE vs Sport Recife,h2h,,BetOnline.ag,Draw,3.1500
2026-09-26T14:04:41+00:00,8cc0a23818f4147d5c851761e45caefd,Nautico PE vs Sport Recife,h2h,,BetMGM,Nautico PE,2.2000
2026-09-26T14:04:41+00:00,8cc0a23818f4147d5c851761e45caefd,Nautico PE vs Sport Recife,h2h,,BetMGM,Sport Recife,3.0000
2026-09-26T14:04:41+00:00,8cc0a23818f4147d5c851761e45caefd,Nautico PE vs Sport Recife,h2h,,BetMGM,Draw,3.2000
2026-09-26T14:04:41+00:00,8cc0a23818f4147d5c851761e45caefd,Nautico PE vs Sport Recife,h2h,,DraftKings,Nautico PE,2.3000
2026-09-26T14:04:41+00:00,8cc0a23818f4147d5c851761e45caefd,Nautico PE vs Sport Recife,h2h,,DraftKings,Sport Recife,3.1500
2026-09-26T14:04:41+00:00,8cc0a23818f4147d5c851761e45caefd,Nautico PE vs Sport Recife,h2h,,DraftKings,Draw,3.3000
2026-09-26T14:04:41+00:00,8cc0a23818f4147d5c851761e45caefd,Nautico PE vs Sport Recife,h2h,,BetUS,Nautico PE,2.3000
2026-09-26T14:04:41+00:00,8cc0a23818f4147d5c851761e45caefd,Nautico PE vs Sport Recife,h2h,,BetUS,Sport Recife,3.2500
2026-09-26T14:04:41+00:00,8cc0a23818f4147d5c851761e45caefd,Nautico PE vs Sport Recife,h2h,,BetUS,Draw,3.1500
2026-09-26T14:04:41+00:00,8cc0a23818f4147d5c851761e45caefd,Nautico PE vs Sport Recife,h2h,,Bovada,Nautico PE,2.2400
2026-09-26T14:04:41+00:00,8cc0a23818f4147d5c851761e45caefd,Nautico PE vs Sport Recife,h2h,,Bovada,Sport Recife,3.1500
2026-09-26T14:04:41+00:00,8cc0a23818f4147d5c851761e45caefd,Nautico PE vs Sport Recife,h2h,,Bovada,Draw,3.1200
2026-09-26T14:04:41+00:00,8cc0a23818f4147d5c851761e45caefd,Nautico PE vs Sport Recife,totals,2.5,BetRivers,Over +2.5,1.8300
2026-09-26T14:04:41+00:00,8cc0a23818f4147d5c851761e45caefd,Nautico PE vs Sport Recife,totals,2.5,BetRivers,Under +2.5,1.8700
2026-09-26T14:04:41+00:00,8cc0a23818f4147d5c851761e45caefd,Nautico PE vs Sport Recife,totals,2.5,LowVig.ag,Over +2.5,1.9700
2026-09-26T14:04:41+00:00,8cc0a23818f4147d5c851761e45caefd,Nautico PE vs Sport Recife,totals,2.5,LowVig.ag,Under +2.5,1.7400
2026-09-26T14:04:41+00:00,8cc0a23818f4147d5c851761e45caefd,Nautico PE vs Sport Recife,totals,2.5,BetOnline.ag,Over +2.5,1.9700
2026-09-26T14:04:41+00:00,8cc0a23818f4147d5c851761e45caefd,Nautico PE vs Sport Recife,totals,2.5,BetOnline.ag,Under +2.5,1.7400
2026-09-26T14:04:41+00:00,8cc0a23818f4147d5c851761e45caefd,Nautico PE vs Sport Recife,totals,2.5,BetMGM,Over +2.5,1.9500
2026-09-26T14:04:41+00:00,8cc0a23818f4147d5c851761e45caefd,Nautico PE vs Sport Recife,totals,2.5,BetMGM,Under +2.5,1.7400
2026-09-26T14:04:41+00:00,8cc0a23818f4147d5c851761e45caefd,Nautico PE vs Sport Recife,totals,2.5,BetUS,Over +2.5,2.0500
2026-09-26T14:04:41+00:00,8cc0a23818f4147d5c851761e45caefd,Nautico PE vs Sport Recife,totals,2.5,BetUS,Under +2.5,1.7400
2026-09-26T14:04:41+00:00,8cc0a23818f4147d5c851761e45caefd,Nautico PE vs Sport Recife,totals,2.5,Bovada,Over +2.5,2.0200
2026-09-26T14:04:41+00:00,8cc0a23818f4147d5c851761e45caefd,Nautico PE vs Sport Recife,totals,2.5,Bovada,Under +2.5,1.7600
2026-09-26T14:04:41+00:00,8cc0a23818f4147d5c851761e45caefd,Nautico PE vs Sport Recife,spreads,-0.25,LowVig.ag,Nautico PE -0.25,1.8800
2026-09-26T14:04:41+00:00,8cc0a23818f4147d5c851761e45caefd,Nautico PE vs Sport Recife,spreads,0.25,LowVig.ag,Sport Recife +0.25,1.8300
2026-09-26T14:04:41+00:00,8cc0a23818f4147d5c851761e45caefd,Nautico PE vs Sport Recife,spreads,-0.25,BetOnline.ag,Nautico PE -0.25,1.8800
2026-09-26T14:04:41+00:00,8cc0a23818f4147d5c851761e45caefd,Nautico PE vs Sport Recife,spreads,0.25,BetOnline.ag,Sport Recife +0.25,1.8300
2026-09-26T14:04:41+00:00,8cc0a23818f4147d5c851761e45caefd,Nautico PE vs Sport Recife,spreads,-0.25,Bovada,Nautico PE -0.25,1.9300
2026-09-26T14:04:41+00:00,8cc0a23818f4147d5c851761e45caefd,Nautico PE vs Sport Recife,spreads,0.25,Bovada,Sport Recife +0.25,1.8200
2026-09-26T14:04:41+00:00,8d9185c24bc79d5a22b714afc6001ed2,Goiás vs Atletico Goianiense,h2h,,BetRivers,Atletico Goianiense,3.0000
2026-09-26T14:04:41+00:00,8d9185c24bc79d5a22b714afc6001ed2,Goiás vs Atletico Goianiense,h2h,,BetRivers,Goiás,2.4800
2026-09-26T14:04:41+00:00,8d9185c24bc79d5a22b714afc6001ed2,Goiás vs Atletico Goianiense,h2h,,BetRivers,Draw,2.7500
2026-09-26T14:04:41+00:00,8d9185c24bc79d5a22b714afc6001ed2,Goiás vs Atletico Goianiense,h2h,,LowVig.ag,Atletico Goianiense,2.9400
2026-09-26T14:04:41+00:00,8d9185c24bc79d5a22b714afc6001ed2,Goiás vs Atletico Goianiense,h2h,,LowVig.ag,Goiás,2.5800
2026-09-26T14:04:41+00:00,8d9185c24bc79d5a22b714afc6001ed2,Goiás vs Atletico Goianiense,h2h,,LowVig.ag,Draw,3.0000
2026-09-26T14:04:41+00:00,8d9185c24bc79d5a22b714afc6001ed2,Goiás vs Atletico Goianiense,h2h,,BetOnline.ag,Atletico Goianiense,2.9400
2026-09-26T14:04:41+00:00,8d9185c24bc79d5a22b714afc6001ed2,Goiás vs Atletico Goianiense,h2h,,BetOnline.ag,Goiás,2.5800
2026-09-26T14:04:41+00:00,8d9185c24bc79d5a22b714afc6001ed2,Goiás vs Atletico Goianiense,h2h,,BetOnline.ag,Draw,3.0000
2026-09-26T14:04:41+00:00,8d9185c24bc79d5a22b714afc6001ed2,Goiás vs Atletico Goianiense,h2h,,FanDuel,Atletico Goianiense,2.8500
2026-09-26T14:04:41+00:00,8d9185c24bc79d5a22b714afc6001ed2,Goiás vs Atletico Goianiense,h2h,,FanDuel,Goiás,2.5500
2026-09-26T14:04:41+00:00,8d9185c24bc79d5a22b714afc6001ed2,Goiás vs Atletico Goianiense,h2h,,FanDuel,Draw,3.0000
2026-09-26T14:04:41+00:00,8d9185c24bc79d5a22b714afc6001ed2,Goiás vs Atletico Goianiense,h2h,,BetMGM,Atletico Goianiense,2.8800
2026-09-26T14:04:41+00:00,8d9185c24bc79d5a22b714afc6001ed2,Goiás vs Atletico Goianiense,h2h,,BetMGM,Goiás,2.4500
2026-09-26T14:04:41+00:00,8d9185c24bc79d5a22b714afc6001ed2,Goiás vs Atletico Goianiense,h2h,,BetMGM,Draw,2.9000
2026-09-26T14:04:41+00:00,8d9185c24bc79d5a22b714afc6001ed2,Goiás vs Atletico Goianiense,h2h,,Bovada,Atletico Goianiense,2.8500
2026-09-26T14:04:41+00:00,8d9185c24bc79d5a22b714afc6001ed2,Goiás vs Atletico Goianiense,h2h,,Bovada,Goiás,2.5400
2026-09-26T14:04:41+00:00,8d9185c24bc79d5a22b714afc6001ed2,Goiás vs Atletico Goianiense,h2h,,Bovada,Draw,2.9500
2026-09-26T14:04:41+00:00,8d9185c24bc79d5a22b714afc6001ed2,Goiás vs Atletico Goianiense,h2h,,DraftKings,Atletico Goianiense,3.0000
2026-09-26T14:04:41+00:00,8d9185c24bc79d5a22b714afc6001ed2,Goiás vs Atletico Goianiense,h2h,,DraftKings,Goiás,2.5500
2026-09-26T14:04:41+00:00,8d9185c24bc79d5a22b714afc6001ed2,Goiás vs Atletico Goianiense,h2h,,DraftKings,Draw,3.0000
2026-09-26T14:04:41+00:00,8d9185c24bc79d5a22b714afc6001ed2,Goiás vs Atletico Goianiense,h2h,,BetUS,Atletico Goianiense,2.9400
2026-09-26T14:04:41+00:00,8d9185c24bc79d5a22b714afc6001ed2,Goiás vs Atletico Goianiense,h2h,,BetUS,Goiás,2.5800
2026-09-26T14:04:41+00:00,8d9185c24bc79d5a22b714afc6001ed2,Goiás vs Atletico Goianiense,h2h,,BetUS,Draw,3.0000
2026-09-26T14:04:41+00:00,8d9185c24bc79d5a22b714afc6001ed2,Goiás vs Atletico Goianiense,totals,2.5,BetRivers,Over +2.5,2.4000
2026-09-26T14:04:41+00:00,8d9185c24bc79d5a22b714afc6001ed2,Goiás vs Atletico Goianiense,totals,2.5,BetRivers,Under +2.5,1.5000
2026-09-26T14:04:41+00:00,8d9185c24bc79d5a22b714afc6001ed2,Goiás vs Atletico Goianiense,totals,2.0,LowVig.ag,Over +2,1.7900
2026-09-26T14:04:41+00:00,8d9185c24bc79d5a22b714afc6001ed2,Goiás vs Atletico Goianiense,totals,2.0,LowVig.ag,Under +2,1.9200
2026-09-26T14:04:41+00:00,8d9185c24bc79d5a22b714afc6001ed2,Goiás vs Atletico Goianiense,totals,2.0,BetOnline.ag,Over +2,1.7900
2026-09-26T14:04:41+00:00,8d9185c24bc79d5a22b714afc6001ed2,Goiás vs Atletico Goianiense,totals,2.0,BetOnline.ag,Under +2,1.9200
2026-09-26T14:04:41+00:00,8d9185c24bc79d5a22b714afc6001ed2,Goiás vs Atletico Goianiense,totals,2.5,BetMGM,Over +2.5,2.4000
2026-09-26T14:04:41+00:00,8d9185c24bc79d5a22b714afc6001ed2,Goiás vs Atletico Goianiense,totals,2.5,BetMGM,Under +2.5,1.4800
2026-09-26T14:04:41+00:00,8d9185c24bc79d5a22b714afc6001ed2,Goiás vs Atletico Goianiense,totals,2.0,Bovada,Over +2,1.8000
2026-09-26T14:04:41+00:00,8d9185c24bc79d5a22b714afc6001ed2,Goiás vs Atletico Goianiense,totals,2.0,Bovada,Under +2,1.9500
2026-09-26T14:04:41+00:00,8d9185c24bc79d5a22b714afc6001ed2,Goiás vs Atletico Goianiense,totals,2.0,BetUS,Over +2,1.8000
2026-09-26T14:04:41+00:00,8d9185c24bc79d5a22b714afc6001ed2,Goiás vs Atletico Goianiense,totals,2.0,BetUS,Under +2,1.9500
2026-09-26T14:04:41+00:00,8d9185c24bc79d5a22b714afc6001ed2,Goiás vs Atletico Goianiense,spreads,0.0,LowVig.ag,Atletico Goianiense +0,1.9700
2026-09-26T14:04:41+00:00,8d9185c24bc79d5a22b714afc6001ed2,Goiás vs Atletico Goianiense,spreads,0.0,LowVig.ag,Goiás +0,1.7500
2026-09-26T14:04:41+00:00,8d9185c24bc79d5a22b714afc6001ed2,Goiás vs Atletico Goianiense,spreads,0.0,BetOnline.ag,Atletico Goianiense +0,1.9700
2026-09-26T14:04:41+00:00,8d9185c24bc79d5a22b714afc6001ed2,Goiás vs Atletico Goianiense,spreads,0.0,BetOnline.ag,Goiás +0,1.7500
2026-09-26T14:04:41+00:00,8d9185c24bc79d5a22b714afc6001ed2,Goiás vs Atletico Goianiense,spreads,0.0,Bovada,Atletico Goianiense +0,2.0000
2026-09-26T14:04:41+00:00,8d9185c24bc79d5a22b714afc6001ed2,Goiás vs Atletico Goianiense,spreads,0.0,Bovada,Goiás +0,1.7700
2026-09-26T14:04:41+00:00,8d9185c24bc79d5a22b714afc6001ed2,Goiás vs Atletico Goianiense,spreads,0.0,BetUS,Atletico Goianiense +0,2.0000
2026-09-26T14:04:41+00:00,8d9185c24bc79d5a22b714afc6001ed2,Goiás vs Atletico Goianiense,spreads,0.0,BetUS,Goiás +0,1.7700
2026-09-26T14:04:41+00:00,cd2eb2dc5682f4ece68c3dbc75946103,Oldham Athletic vs Salford City,h2h,,Bovada,Oldham Athletic,2.4000
2026-09-26T14:04:41+00:00,cd2eb2dc5682f4ece68c3dbc75946103,Oldham Athletic vs Salford City,h2h,,Bovada,Salford City,2.7000
2026-09-26T14:04:41+00:00,cd2eb2dc5682f4ece68c3dbc75946103,Oldham Athletic vs Salford City,h2h,,Bovada,Draw,3.3500
2026-09-26T14:04:41+00:00,cd2eb2dc5682f4ece68c3dbc75946103,Oldham Athletic vs Salford City,h2h,,DraftKings,Oldham Athletic,2.4500
2026-09-26T14:04:41+00:00,cd2eb2dc5682f4ece68c3dbc75946103,Oldham Athletic vs Salford City,h2h,,DraftKings,Salford City,2.7500
2026-09-26T14:04:41+00:00,cd2eb2dc5682f4ece68c3dbc75946103,Oldham Athletic vs Salford City,h2h,,DraftKings,Draw,3.5000
2026-09-26T14:04:41+00:00,cd2eb2dc5682f4ece68c3dbc75946103,Oldham Athletic vs Salford City,h2h,,BetMGM,Oldham Athletic,2.4000
2026-09-26T14:04:41+00:00,cd2eb2dc5682f4ece68c3dbc75946103,Oldham Athletic vs Salford City,h2h,,BetMGM,Salford City,2.7000
2026-09-26T14:04:41+00:00,cd2eb2dc5682f4ece68c3dbc75946103,Oldham Athletic vs Salford City,h2h,,BetMGM,Draw,3.4000
2026-09-26T14:04:41+00:00,cd2eb2dc5682f4ece68c3dbc75946103,Oldham Athletic vs Salford City,h2h,,BetRivers,Oldham Athletic,2.4800
2026-09-26T14:04:41+00:00,cd2eb2dc5682f4ece68c3dbc75946103,Oldham Athletic vs Salford City,h2h,,BetRivers,Salford City,2.5000
2026-09-26T14:04:41+00:00,cd2eb2dc5682f4ece68c3dbc75946103,Oldham Athletic vs Salford City,h2h,,BetRivers,Draw,3.3000
2026-09-26T14:04:41+00:00,cd2eb2dc5682f4ece68c3dbc75946103,Oldham Athletic vs Salford City,h2h,,BetOnline.ag,Oldham Athletic,2.4200
2026-09-26T14:04:41+00:00,cd2eb2dc5682f4ece68c3dbc75946103,Oldham Athletic vs Salford City,h2h,,BetOnline.ag,Salford City,2.7800
2026-09-26T14:04:41+00:00,cd2eb2dc5682f4ece68c3dbc75946103,Oldham Athletic vs Salford City,h2h,,BetOnline.ag,Draw,3.3500
2026-09-26T14:04:41+00:00,cd2eb2dc5682f4ece68c3dbc75946103,Oldham Athletic vs Salford City,h2h,,LowVig.ag,Oldham Athletic,2.4200
2026-09-26T14:04:41+00:00,cd2eb2dc5682f4ece68c3dbc75946103,Oldham Athletic vs Salford City,h2h,,LowVig.ag,Salford City,2.7800
2026-09-26T14:04:41+00:00,cd2eb2dc5682f4ece68c3dbc75946103,Oldham Athletic vs Salford City,h2h,,LowVig.ag,Draw,3.3500
2026-09-26T14:04:41+00:00,cd2eb2dc5682f4ece68c3dbc75946103,Oldham Athletic vs Salford City,spreads,0.0,Bovada,Oldham Athletic +0,1.7700
2026-09-26T14:04:41+00:00,cd2eb2dc5682f4ece68c3dbc75946103,Oldham Athletic vs Salford City,spreads,0.0,Bovada,Salford City +0,2.0000
2026-09-26T14:04:41+00:00,cd2eb2dc5682f4ece68c3dbc75946103,Oldham Athletic vs Salford City,spreads,0.0,BetOnline.ag,Oldham Athletic +0,1.7600
2026-09-26T14:04:41+00:00,cd2eb2dc5682f4ece68c3dbc75946103,Oldham Athletic vs Salford City,spreads,0.0,BetOnline.ag,Salford City +0,2.0300
2026-09-26T14:04:41+00:00,cd2eb2dc5682f4ece68c3dbc75946103,Oldham Athletic vs Salford City,spreads,0.0,LowVig.ag,Oldham Athletic +0,1.7600
2026-09-26T14:04:41+00:00,cd2eb2dc5682f4ece68c3dbc75946103,Oldham Athletic vs Salford City,spreads,0.0,LowVig.ag,Salford City +0,2.0300
2026-09-26T14:04:41+00:00,cd2eb2dc5682f4ece68c3dbc75946103,Oldham Athletic vs Salford City,totals,2.5,Bovada,Over +2.5,1.7700
2026-09-26T14:04:41+00:00,cd2eb2dc5682f4ece68c3dbc75946103,Oldham Athletic vs Salford City,totals,2.5,Bovada,Under +2.5,2.0000
2026-09-26T14:04:41+00:00,cd2eb2dc5682f4ece68c3dbc75946103,Oldham Athletic vs Salford City,totals,2.5,BetMGM,Over +2.5,1.7400
2026-09-26T14:04:41+00:00,cd2eb2dc5682f4ece68c3dbc75946103,Oldham Athletic vs Salford City,totals,2.5,BetMGM,Under +2.5,1.9500
2026-09-26T14:04:41+00:00,cd2eb2dc5682f4ece68c3dbc75946103,Oldham Athletic vs Salford City,totals,2.5,BetRivers,Over +2.5,1.7600
2026-09-26T14:04:41+00:00,cd2eb2dc5682f4ece68c3dbc75946103,Oldham Athletic vs Salford City,totals,2.5,BetRivers,Under +2.5,1.9400
2026-09-26T14:04:41+00:00,cd2eb2dc5682f4ece68c3dbc75946103,Oldham Athletic vs Salford City,totals,2.75,BetOnline.ag,Over +2.75,1.9700
2026-09-26T14:04:41+00:00,cd2eb2dc5682f4ece68c3dbc75946103,Oldham Athletic vs Salford City,totals,2.75,BetOnline.ag,Under +2.75,1.8000
2026-09-26T14:04:41+00:00,cd2eb2dc5682f4ece68c3dbc75946103,Oldham Athletic vs Salford City,totals,2.75,LowVig.ag,Over +2.75,1.9700
2026-09-26T14:04:41+00:00,cd2eb2dc5682f4ece68c3dbc75946103,Oldham Athletic vs Salford City,totals,2.75,LowVig.ag,Under +2.75,1.8000
